time,open,high,low,close,volume
2024-01-08T00:00:00+00:00,1960.000,1960.178,1959.733,1959.910,113.2
2024-01-08T00:01:00+00:00,1959.910,1960.193,1959.518,1959.801,113.6
2024-01-08T00:02:00+00:00,1959.801,1960.348,1959.645,1960.192,151.1
2024-01-08T00:03:00+00:00,1960.192,1960.430,1960.043,1960.281,125.6
2024-01-08T00:04:00+00:00,1960.281,1960.545,1959.437,1959.701,135.2
2024-01-08T00:05:00+00:00,1959.701,1960.352,1959.228,1959.879,67.7
2024-01-08T00:06:00+00:00,1959.879,1960.046,1959.405,1959.572,129.2
2024-01-08T00:07:00+00:00,1959.572,1959.753,1959.381,1959.562,100.7
2024-01-08T00:08:00+00:00,1959.562,1959.824,1959.413,1959.676,100.2
2024-01-08T00:09:00+00:00,1959.676,1960.473,1959.487,1960.284,155.9
2024-01-08T00:10:00+00:00,1960.284,1960.519,1959.839,1960.074,109.7
2024-01-08T00:11:00+00:00,1960.074,1960.282,1959.837,1960.045,127.5
2024-01-08T00:12:00+00:00,1960.045,1960.334,1959.608,1959.898,104.4
2024-01-08T00:13:00+00:00,1959.898,1960.587,1959.646,1960.335,127.3
2024-01-08T00:14:00+00:00,1960.335,1960.917,1959.912,1960.495,121.5
2024-01-08T00:15:00+00:00,1960.495,1961.517,1959.941,1960.963,110.4
2024-01-08T00:16:00+00:00,1960.963,1961.217,1960.684,1960.938,134.9
2024-01-08T00:17:00+00:00,1960.938,1961.354,1960.513,1960.929,144.8
2024-01-08T00:18:00+00:00,1960.929,1961.463,1960.642,1961.177,163.2
2024-01-08T00:19:00+00:00,1961.177,1961.397,1961.097,1961.318,81.0
2024-01-08T00:20:00+00:00,1961.318,1961.751,1961.115,1961.548,106.4
2024-01-08T00:21:00+00:00,1961.548,1961.840,1960.829,1961.121,104.1
2024-01-08T00:22:00+00:00,1961.121,1962.146,1960.563,1961.588,76.3
2024-01-08T00:23:00+00:00,1961.588,1962.100,1961.177,1961.689,137.4
2024-01-08T00:24:00+00:00,1961.689,1962.369,1960.362,1961.042,130.7
2024-01-08T00:25:00+00:00,1961.042,1961.372,1960.473,1960.803,149.3
2024-01-08T00:26:00+00:00,1960.803,1961.297,1960.713,1961.207,127.4
2024-01-08T00:27:00+00:00,1961.207,1961.828,1960.759,1961.379,138.6
2024-01-08T00:28:00+00:00,1961.379,1961.768,1961.192,1961.581,73.0
2024-01-08T00:29:00+00:00,1961.581,1962.340,1961.293,1962.051,135.9
2024-01-08T00:30:00+00:00,1962.051,1962.260,1961.174,1961.382,145.3
2024-01-08T00:31:00+00:00,1961.382,1961.478,1960.675,1960.771,150.6
2024-01-08T00:32:00+00:00,1960.771,1961.223,1959.883,1960.335,136.6
2024-01-08T00:33:00+00:00,1960.335,1960.466,1960.175,1960.306,139.5
2024-01-08T00:34:00+00:00,1960.306,1960.709,1959.970,1960.373,100.2
2024-01-08T00:35:00+00:00,1960.373,1960.683,1959.943,1960.253,120.8
2024-01-08T00:36:00+00:00,1960.253,1960.540,1959.684,1959.971,164.0
2024-01-08T00:37:00+00:00,1959.971,1960.366,1959.446,1959.841,116.0
2024-01-08T00:38:00+00:00,1959.841,1959.966,1959.692,1959.816,162.1
2024-01-08T00:39:00+00:00,1959.816,1960.181,1959.119,1959.484,82.0
2024-01-08T00:40:00+00:00,1959.484,1959.692,1959.029,1959.237,153.9
2024-01-08T00:41:00+00:00,1959.237,1959.703,1959.101,1959.567,124.3
2024-01-08T00:42:00+00:00,1959.567,1959.843,1959.373,1959.650,114.7
2024-01-08T00:43:00+00:00,1959.650,1959.970,1959.456,1959.777,120.0
2024-01-08T00:44:00+00:00,1959.777,1960.266,1959.585,1960.075,180.3
2024-01-08T00:45:00+00:00,1960.075,1960.377,1959.918,1960.220,108.8
2024-01-08T00:46:00+00:00,1960.220,1960.528,1959.939,1960.247,109.9
2024-01-08T00:47:00+00:00,1960.247,1960.924,1959.738,1960.414,43.1
2024-01-08T00:48:00+00:00,1960.414,1960.525,1959.943,1960.054,132.0
2024-01-08T00:49:00+00:00,1960.054,1960.328,1959.896,1960.171,139.7
2024-01-08T00:50:00+00:00,1960.171,1960.484,1959.990,1960.303,192.9
2024-01-08T00:51:00+00:00,1960.303,1960.651,1960.115,1960.462,117.0
2024-01-08T00:52:00+00:00,1960.462,1960.528,1960.352,1960.418,38.2
2024-01-08T00:53:00+00:00,1960.418,1960.720,1959.981,1960.283,84.9
2024-01-08T00:54:00+00:00,1960.283,1960.584,1959.995,1960.296,145.7
2024-01-08T00:55:00+00:00,1960.296,1961.329,1959.820,1960.854,109.4
2024-01-08T00:56:00+00:00,1960.854,1961.060,1960.566,1960.772,152.8
2024-01-08T00:57:00+00:00,1960.772,1961.094,1959.548,1959.870,76.6
2024-01-08T00:58:00+00:00,1959.870,1960.570,1959.447,1960.147,125.3
2024-01-08T00:59:00+00:00,1960.147,1960.691,1960.060,1960.604,125.7
2024-01-08T01:00:00+00:00,1960.604,1961.007,1960.518,1960.921,117.3
2024-01-08T01:01:00+00:00,1960.921,1961.809,1960.609,1961.497,111.2
2024-01-08T01:02:00+00:00,1961.497,1962.834,1961.160,1962.498,147.4
2024-01-08T01:03:00+00:00,1962.498,1962.581,1962.362,1962.445,141.2
2024-01-08T01:04:00+00:00,1962.445,1962.773,1962.235,1962.563,74.2
2024-01-08T01:05:00+00:00,1962.563,1962.767,1961.872,1962.075,91.1
2024-01-08T01:06:00+00:00,1962.075,1962.493,1961.340,1961.757,158.0
2024-01-08T01:07:00+00:00,1961.757,1962.479,1961.339,1962.060,91.9
2024-01-08T01:08:00+00:00,1962.060,1962.438,1961.725,1962.103,143.0
2024-01-08T01:09:00+00:00,1962.103,1962.974,1961.830,1962.701,166.8
2024-01-08T01:10:00+00:00,1962.701,1963.184,1962.607,1963.090,60.8
2024-01-08T01:11:00+00:00,1963.090,1963.699,1963.016,1963.625,101.9
2024-01-08T01:12:00+00:00,1963.625,1963.961,1963.473,1963.808,164.9
2024-01-08T01:13:00+00:00,1963.808,1964.142,1963.161,1963.495,164.6
2024-01-08T01:14:00+00:00,1963.495,1964.142,1963.400,1964.047,97.7
2024-01-08T01:15:00+00:00,1964.047,1964.527,1963.968,1964.448,123.7
2024-01-08T01:16:00+00:00,1964.448,1965.107,1964.332,1964.991,51.1
2024-01-08T01:17:00+00:00,1964.991,1965.504,1964.387,1964.900,144.6
2024-01-08T01:18:00+00:00,1964.900,1965.259,1964.698,1965.056,119.7
2024-01-08T01:19:00+00:00,1965.056,1965.463,1964.987,1965.393,159.8
2024-01-08T01:20:00+00:00,1965.393,1965.727,1965.083,1965.417,164.7
2024-01-08T01:21:00+00:00,1965.417,1966.245,1965.199,1966.027,146.4
2024-01-08T01:22:00+00:00,1966.027,1966.348,1965.095,1965.416,61.1
2024-01-08T01:23:00+00:00,1965.416,1966.195,1965.058,1965.837,119.6
2024-01-08T01:24:00+00:00,1965.837,1965.894,1965.759,1965.816,102.3
2024-01-08T01:25:00+00:00,1965.816,1966.442,1965.318,1965.944,121.3
2024-01-08T01:26:00+00:00,1965.944,1966.477,1965.644,1966.177,114.1
2024-01-08T01:27:00+00:00,1966.177,1966.366,1965.595,1965.783,152.2
2024-01-08T01:28:00+00:00,1965.783,1965.983,1965.055,1965.254,150.2
2024-01-08T01:29:00+00:00,1965.254,1965.631,1965.203,1965.579,144.2
2024-01-08T01:30:00+00:00,1965.579,1966.030,1965.235,1965.685,73.1
2024-01-08T01:31:00+00:00,1965.685,1965.966,1965.228,1965.509,103.0
2024-01-08T01:32:00+00:00,1965.509,1965.752,1964.998,1965.241,74.0
2024-01-08T01:33:00+00:00,1965.241,1965.593,1964.896,1965.248,130.9
2024-01-08T01:34:00+00:00,1965.248,1965.380,1964.338,1964.470,100.8
2024-01-08T01:35:00+00:00,1964.470,1964.701,1963.608,1963.839,111.7
2024-01-08T01:36:00+00:00,1963.839,1964.107,1962.838,1963.107,128.7
2024-01-08T01:37:00+00:00,1963.107,1963.352,1962.749,1962.994,142.4
2024-01-08T01:38:00+00:00,1962.994,1963.408,1962.863,1963.276,160.0
2024-01-08T01:39:00+00:00,1963.276,1963.718,1963.113,1963.556,57.5
2024-01-08T01:40:00+00:00,1963.556,1964.295,1963.178,1963.918,111.1
2024-01-08T01:41:00+00:00,1963.918,1964.453,1963.267,1963.802,67.3
2024-01-08T01:42:00+00:00,1963.802,1964.671,1963.146,1964.015,92.2
2024-01-08T01:43:00+00:00,1964.015,1964.827,1963.494,1964.305,116.4
2024-01-08T01:44:00+00:00,1964.305,1964.826,1964.030,1964.551,92.8
2024-01-08T01:45:00+00:00,1964.551,1964.691,1964.427,1964.568,144.8
2024-01-08T01:46:00+00:00,1964.568,1964.704,1964.469,1964.605,89.5
2024-01-08T01:47:00+00:00,1964.605,1964.878,1964.255,1964.528,123.1
2024-01-08T01:48:00+00:00,1964.528,1964.788,1964.018,1964.278,200.0
2024-01-08T01:49:00+00:00,1964.278,1964.935,1964.069,1964.726,42.2
2024-01-08T01:50:00+00:00,1964.726,1965.163,1964.556,1964.992,170.5
2024-01-08T01:51:00+00:00,1964.992,1965.258,1964.926,1965.191,135.7
2024-01-08T01:52:00+00:00,1965.191,1965.499,1964.251,1964.559,129.7
2024-01-08T01:53:00+00:00,1964.559,1964.941,1963.981,1964.362,174.3
2024-01-08T01:54:00+00:00,1964.362,1964.579,1963.703,1963.920,128.7
2024-01-08T01:55:00+00:00,1963.920,1964.182,1963.770,1964.033,90.8
2024-01-08T01:56:00+00:00,1964.033,1965.133,1963.723,1964.823,84.2
2024-01-08T01:57:00+00:00,1964.823,1965.299,1963.925,1964.401,149.7
2024-01-08T01:58:00+00:00,1964.401,1965.339,1964.149,1965.087,93.8
2024-01-08T01:59:00+00:00,1965.087,1965.816,1964.497,1965.226,97.6
2024-01-08T02:00:00+00:00,1965.226,1965.435,1965.046,1965.254,98.2
2024-01-08T02:01:00+00:00,1965.254,1965.423,1965.089,1965.259,131.3
2024-01-08T02:02:00+00:00,1965.259,1965.632,1965.156,1965.530,110.3
2024-01-08T02:03:00+00:00,1965.530,1965.916,1965.468,1965.854,95.2
2024-01-08T02:04:00+00:00,1965.854,1965.904,1965.633,1965.683,116.7
2024-01-08T02:05:00+00:00,1965.683,1965.835,1965.633,1965.785,125.3
2024-01-08T02:06:00+00:00,1965.785,1966.150,1965.421,1965.786,132.6
2024-01-08T02:07:00+00:00,1965.786,1966.361,1965.627,1966.202,114.3
2024-01-08T02:08:00+00:00,1966.202,1966.697,1965.911,1966.406,63.1
2024-01-08T02:09:00+00:00,1966.406,1966.756,1966.123,1966.474,142.2
2024-01-08T02:10:00+00:00,1966.474,1967.181,1965.434,1966.141,88.8
2024-01-08T02:11:00+00:00,1966.141,1966.886,1965.996,1966.740,78.9
2024-01-08T02:12:00+00:00,1966.740,1966.921,1966.340,1966.520,134.9
2024-01-08T02:13:00+00:00,1966.520,1967.049,1966.099,1966.628,141.2
2024-01-08T02:14:00+00:00,1966.628,1966.866,1966.429,1966.667,169.6
2024-01-08T02:15:00+00:00,1966.667,1967.359,1966.361,1967.053,87.5
2024-01-08T02:16:00+00:00,1967.053,1967.286,1966.815,1967.048,111.1
2024-01-08T02:17:00+00:00,1967.048,1967.667,1966.848,1967.468,147.2
2024-01-08T02:18:00+00:00,1967.468,1968.154,1966.752,1967.439,157.2
2024-01-08T02:19:00+00:00,1967.439,1967.512,1967.336,1967.409,197.9
2024-01-08T02:20:00+00:00,1967.409,1967.678,1967.066,1967.334,149.4
2024-01-08T02:21:00+00:00,1967.334,1967.724,1966.992,1967.382,125.6
2024-01-08T02:22:00+00:00,1967.382,1967.885,1967.049,1967.552,143.5
2024-01-08T02:23:00+00:00,1967.552,1967.869,1967.289,1967.606,136.2
2024-01-08T02:24:00+00:00,1967.606,1967.786,1967.542,1967.722,112.7
2024-01-08T02:25:00+00:00,1967.722,1968.321,1967.409,1968.007,101.1
2024-01-08T02:26:00+00:00,1968.007,1968.469,1967.591,1968.053,106.9
2024-01-08T02:27:00+00:00,1968.053,1968.274,1967.173,1967.394,137.1
2024-01-08T02:28:00+00:00,1967.394,1967.700,1967.330,1967.636,113.0
2024-01-08T02:29:00+00:00,1967.636,1968.143,1966.677,1967.184,135.5
2024-01-08T02:30:00+00:00,1967.184,1967.880,1966.913,1967.610,114.4
2024-01-08T02:31:00+00:00,1967.610,1967.855,1966.771,1967.016,148.1
2024-01-08T02:32:00+00:00,1967.016,1967.079,1966.332,1966.395,138.9
2024-01-08T02:33:00+00:00,1966.395,1966.901,1965.315,1965.821,88.0
2024-01-08T02:34:00+00:00,1965.821,1966.222,1965.243,1965.644,120.9
2024-01-08T02:35:00+00:00,1965.644,1965.982,1965.435,1965.773,141.1
2024-01-08T02:36:00+00:00,1965.773,1966.683,1965.432,1966.341,80.6
2024-01-08T02:37:00+00:00,1966.341,1966.657,1965.892,1966.207,87.7
2024-01-08T02:38:00+00:00,1966.207,1966.271,1966.155,1966.220,134.7
2024-01-08T02:39:00+00:00,1966.220,1966.579,1965.347,1965.706,119.3
2024-01-08T02:40:00+00:00,1965.706,1965.834,1965.550,1965.678,118.1
2024-01-08T02:41:00+00:00,1965.678,1965.903,1965.228,1965.453,130.6
2024-01-08T02:42:00+00:00,1965.453,1965.681,1965.235,1965.463,114.8
2024-01-08T02:43:00+00:00,1965.463,1965.759,1964.256,1964.551,121.1
2024-01-08T02:44:00+00:00,1964.551,1964.651,1963.966,1964.066,124.4
2024-01-08T02:45:00+00:00,1964.066,1964.178,1963.511,1963.624,110.6
2024-01-08T02:46:00+00:00,1963.624,1964.028,1963.421,1963.825,118.9
2024-01-08T02:47:00+00:00,1963.825,1963.911,1963.481,1963.567,118.0
2024-01-08T02:48:00+00:00,1963.567,1963.988,1963.444,1963.864,98.3
2024-01-08T02:49:00+00:00,1963.864,1964.007,1963.286,1963.430,97.8
2024-01-08T02:50:00+00:00,1963.430,1963.509,1963.001,1963.080,105.3
2024-01-08T02:51:00+00:00,1963.080,1963.337,1962.899,1963.156,107.6
2024-01-08T02:52:00+00:00,1963.156,1964.139,1963.026,1964.009,153.1
2024-01-08T02:53:00+00:00,1964.009,1964.419,1963.680,1964.090,48.7
2024-01-08T02:54:00+00:00,1964.090,1964.202,1963.754,1963.866,138.1
2024-01-08T02:55:00+00:00,1963.866,1964.853,1963.735,1964.722,158.4
2024-01-08T02:56:00+00:00,1964.722,1965.316,1964.435,1965.029,135.3
2024-01-08T02:57:00+00:00,1965.029,1965.206,1964.835,1965.013,87.7
2024-01-08T02:58:00+00:00,1965.013,1965.768,1964.708,1965.464,127.5
2024-01-08T02:59:00+00:00,1965.464,1966.350,1965.358,1966.244,120.6
2024-01-08T03:00:00+00:00,1966.244,1966.746,1966.188,1966.689,95.8
2024-01-08T03:01:00+00:00,1966.689,1967.013,1966.494,1966.817,141.3
2024-01-08T03:02:00+00:00,1966.817,1967.305,1966.096,1966.584,170.0
2024-01-08T03:03:00+00:00,1966.584,1966.745,1966.467,1966.628,107.1
2024-01-08T03:04:00+00:00,1966.628,1967.386,1966.402,1967.160,140.2
2024-01-08T03:05:00+00:00,1967.160,1967.384,1966.806,1967.029,141.6
2024-01-08T03:06:00+00:00,1967.029,1967.586,1966.977,1967.533,99.7
2024-01-08T03:07:00+00:00,1967.533,1967.916,1967.471,1967.854,129.3
2024-01-08T03:08:00+00:00,1967.854,1968.757,1967.521,1968.424,104.4
2024-01-08T03:09:00+00:00,1968.424,1969.311,1968.373,1969.260,143.6
2024-01-08T03:10:00+00:00,1969.260,1969.321,1969.009,1969.070,67.5
2024-01-08T03:11:00+00:00,1969.070,1970.123,1968.678,1969.731,83.5
2024-01-08T03:12:00+00:00,1969.731,1970.187,1968.786,1969.241,155.3
2024-01-08T03:13:00+00:00,1969.241,1969.306,1969.051,1969.116,110.6
2024-01-08T03:14:00+00:00,1969.116,1969.438,1968.788,1969.110,120.7
2024-01-08T03:15:00+00:00,1969.110,1969.178,1968.575,1968.643,129.3
2024-01-08T03:16:00+00:00,1968.643,1968.951,1968.535,1968.843,92.9
2024-01-08T03:17:00+00:00,1968.843,1969.106,1968.672,1968.934,167.0
2024-01-08T03:18:00+00:00,1968.934,1969.318,1968.856,1969.239,105.9
2024-01-08T03:19:00+00:00,1969.239,1969.523,1968.745,1969.029,109.4
2024-01-08T03:20:00+00:00,1969.029,1969.347,1968.850,1969.168,137.1
2024-01-08T03:21:00+00:00,1969.168,1970.165,1968.942,1969.938,120.4
2024-01-08T03:22:00+00:00,1969.938,1971.469,1969.422,1970.952,104.4
2024-01-08T03:23:00+00:00,1970.952,1971.136,1970.864,1971.047,132.2
2024-01-08T03:24:00+00:00,1971.047,1971.189,1970.858,1970.999,121.6
2024-01-08T03:25:00+00:00,1970.999,1971.828,1970.476,1971.305,93.4
2024-01-08T03:26:00+00:00,1971.305,1971.648,1970.997,1971.340,88.7
2024-01-08T03:27:00+00:00,1971.340,1971.808,1971.128,1971.596,139.0
2024-01-08T03:28:00+00:00,1971.596,1972.019,1971.469,1971.892,135.2
2024-01-08T03:29:00+00:00,1971.892,1972.295,1971.489,1971.891,119.1
2024-01-08T03:30:00+00:00,1971.891,1972.268,1971.709,1972.086,117.0
2024-01-08T03:31:00+00:00,1972.086,1972.654,1971.817,1972.384,139.2
2024-01-08T03:32:00+00:00,1972.384,1973.261,1972.196,1973.072,124.4
2024-01-08T03:33:00+00:00,1973.072,1973.507,1972.620,1973.055,129.5
2024-01-08T03:34:00+00:00,1973.055,1973.628,1972.833,1973.405,119.5
2024-01-08T03:35:00+00:00,1973.405,1973.932,1972.911,1973.438,163.2
2024-01-08T03:36:00+00:00,1973.438,1974.276,1972.950,1973.789,142.3
2024-01-08T03:37:00+00:00,1973.789,1973.951,1973.617,1973.779,131.0
2024-01-08T03:38:00+00:00,1973.779,1973.882,1973.187,1973.290,164.8
2024-01-08T03:39:00+00:00,1973.290,1973.596,1972.820,1973.126,79.2
2024-01-08T03:40:00+00:00,1973.126,1973.259,1972.601,1972.735,170.8
2024-01-08T03:41:00+00:00,1972.735,1973.033,1972.623,1972.921,187.0
2024-01-08T03:42:00+00:00,1972.921,1973.140,1972.558,1972.776,135.9
2024-01-08T03:43:00+00:00,1972.776,1973.309,1972.472,1973.005,84.9
2024-01-08T03:44:00+00:00,1973.005,1973.255,1972.893,1973.144,80.8
2024-01-08T03:45:00+00:00,1973.144,1973.329,1972.924,1973.110,133.8
2024-01-08T03:46:00+00:00,1973.110,1973.181,1973.035,1973.106,109.4
2024-01-08T03:47:00+00:00,1973.106,1973.910,1972.708,1973.512,109.0
2024-01-08T03:48:00+00:00,1973.512,1974.085,1973.273,1973.846,122.2
2024-01-08T03:49:00+00:00,1973.846,1974.574,1973.417,1974.146,108.5
2024-01-08T03:50:00+00:00,1974.146,1974.257,1974.047,1974.158,75.1
2024-01-08T03:51:00+00:00,1974.158,1974.420,1973.939,1974.201,131.1
2024-01-08T03:52:00+00:00,1974.201,1974.745,1973.300,1973.844,121.1
2024-01-08T03:53:00+00:00,1973.844,1974.161,1973.657,1973.973,146.7
2024-01-08T03:54:00+00:00,1973.973,1974.175,1973.715,1973.916,134.3
2024-01-08T03:55:00+00:00,1973.916,1974.136,1973.187,1973.406,119.4
2024-01-08T03:56:00+00:00,1973.406,1973.833,1973.315,1973.742,129.3
2024-01-08T03:57:00+00:00,1973.742,1973.868,1973.426,1973.552,169.9
2024-01-08T03:58:00+00:00,1973.552,1974.193,1972.709,1973.351,100.7
2024-01-08T03:59:00+00:00,1973.351,1973.490,1973.258,1973.397,150.7
2024-01-08T04:00:00+00:00,1973.397,1973.972,1972.428,1973.003,138.2
2024-01-08T04:01:00+00:00,1973.003,1973.528,1972.798,1973.322,198.9
2024-01-08T04:02:00+00:00,1973.322,1973.548,1973.209,1973.434,147.9
2024-01-08T04:03:00+00:00,1973.434,1974.070,1972.968,1973.604,82.9
2024-01-08T04:04:00+00:00,1973.604,1974.515,1972.602,1973.513,144.4
2024-01-08T04:05:00+00:00,1973.513,1973.794,1973.143,1973.424,184.6
2024-01-08T04:06:00+00:00,1973.424,1973.577,1973.310,1973.463,105.0
2024-01-08T04:07:00+00:00,1973.463,1973.671,1973.004,1973.212,139.2
2024-01-08T04:08:00+00:00,1973.212,1973.333,1973.145,1973.267,114.8
2024-01-08T04:09:00+00:00,1973.267,1973.803,1973.093,1973.629,115.7
2024-01-08T04:10:00+00:00,1973.629,1973.992,1973.541,1973.904,85.4
2024-01-08T04:11:00+00:00,1973.904,1974.623,1973.738,1974.456,91.3
2024-01-08T04:12:00+00:00,1974.456,1975.014,1974.320,1974.877,73.1
2024-01-08T04:13:00+00:00,1974.877,1975.618,1974.744,1975.484,146.7
2024-01-08T04:14:00+00:00,1975.484,1975.685,1975.397,1975.597,73.6
2024-01-08T04:15:00+00:00,1975.597,1976.039,1975.540,1975.982,111.4
2024-01-08T04:16:00+00:00,1975.982,1976.218,1975.912,1976.149,140.3
2024-01-08T04:17:00+00:00,1976.149,1976.208,1976.005,1976.064,55.8
2024-01-08T04:18:00+00:00,1976.064,1976.283,1975.742,1975.961,160.1
2024-01-08T04:19:00+00:00,1975.961,1976.041,1975.799,1975.879,167.5
2024-01-08T04:20:00+00:00,1975.879,1976.113,1975.577,1975.811,170.3
2024-01-08T04:21:00+00:00,1975.811,1976.228,1975.454,1975.871,98.7
2024-01-08T04:22:00+00:00,1975.871,1976.060,1975.802,1975.990,123.4
2024-01-08T04:23:00+00:00,1975.990,1977.080,1975.343,1976.433,100.0
2024-01-08T04:24:00+00:00,1976.433,1976.607,1976.104,1976.279,88.3
2024-01-08T04:25:00+00:00,1976.279,1976.693,1976.086,1976.500,111.7
2024-01-08T04:26:00+00:00,1976.500,1977.172,1976.063,1976.734,142.8
2024-01-08T04:27:00+00:00,1976.734,1976.958,1976.018,1976.242,103.3
2024-01-08T04:28:00+00:00,1976.242,1976.507,1975.886,1976.150,122.4
2024-01-08T04:29:00+00:00,1976.150,1976.336,1975.875,1976.061,167.4
2024-01-08T04:30:00+00:00,1976.061,1976.254,1975.919,1976.112,157.2
2024-01-08T04:31:00+00:00,1976.112,1976.627,1975.741,1976.256,194.7
2024-01-08T04:32:00+00:00,1976.256,1977.626,1975.710,1977.079,118.8
2024-01-08T04:33:00+00:00,1977.079,1977.568,1976.788,1977.276,140.1
2024-01-08T04:34:00+00:00,1977.276,1977.590,1976.919,1977.232,123.1
2024-01-08T04:35:00+00:00,1977.232,1977.968,1976.910,1977.645,89.2
2024-01-08T04:36:00+00:00,1977.645,1978.223,1977.111,1977.689,112.2
2024-01-08T04:37:00+00:00,1977.689,1977.851,1977.426,1977.588,98.9
2024-01-08T04:38:00+00:00,1977.588,1977.737,1977.184,1977.332,118.5
2024-01-08T04:39:00+00:00,1977.332,1977.385,1977.100,1977.153,142.5
2024-01-08T04:40:00+00:00,1977.153,1978.097,1976.677,1977.621,96.5
2024-01-08T04:41:00+00:00,1977.621,1978.292,1976.858,1977.528,177.0
2024-01-08T04:42:00+00:00,1977.528,1977.587,1977.271,1977.329,135.7
2024-01-08T04:43:00+00:00,1977.329,1977.495,1976.742,1976.908,119.2
2024-01-08T04:44:00+00:00,1976.908,1977.031,1976.202,1976.325,155.8
2024-01-08T04:45:00+00:00,1976.325,1976.576,1975.475,1975.726,126.3
2024-01-08T04:46:00+00:00,1975.726,1976.109,1975.566,1975.949,159.1
2024-01-08T04:47:00+00:00,1975.949,1976.217,1975.658,1975.927,107.7
2024-01-08T04:48:00+00:00,1975.927,1976.492,1975.673,1976.239,116.7
2024-01-08T04:49:00+00:00,1976.239,1977.063,1976.077,1976.902,115.3
2024-01-08T04:50:00+00:00,1976.902,1977.149,1976.311,1976.559,125.8
2024-01-08T04:51:00+00:00,1976.559,1977.102,1976.402,1976.946,135.7
2024-01-08T04:52:00+00:00,1976.946,1977.377,1976.558,1976.989,108.3
2024-01-08T04:53:00+00:00,1976.989,1977.261,1976.584,1976.856,121.9
2024-01-08T04:54:00+00:00,1976.856,1977.050,1976.624,1976.818,112.3
2024-01-08T04:55:00+00:00,1976.818,1977.234,1976.679,1977.096,83.7
2024-01-08T04:56:00+00:00,1977.096,1977.400,1977.001,1977.305,90.0
2024-01-08T04:57:00+00:00,1977.305,1977.756,1977.185,1977.636,109.9
2024-01-08T04:58:00+00:00,1977.636,1978.356,1977.256,1977.976,99.3
2024-01-08T04:59:00+00:00,1977.976,1978.459,1977.707,1978.190,189.4
2024-01-08T05:00:00+00:00,1978.190,1978.539,1977.730,1978.079,100.6
2024-01-08T05:01:00+00:00,1978.079,1979.030,1977.475,1978.425,43.8
2024-01-08T05:02:00+00:00,1978.425,1978.600,1978.161,1978.336,117.2
2024-01-08T05:03:00+00:00,1978.336,1978.924,1977.577,1978.165,122.4
2024-01-08T05:04:00+00:00,1978.165,1978.428,1977.389,1977.652,68.4
2024-01-08T05:05:00+00:00,1977.652,1978.313,1977.458,1978.119,124.3
2024-01-08T05:06:00+00:00,1978.119,1978.704,1978.039,1978.624,78.3
2024-01-08T05:07:00+00:00,1978.624,1978.970,1977.749,1978.095,142.2
2024-01-08T05:08:00+00:00,1978.095,1978.360,1977.609,1977.874,134.9
2024-01-08T05:09:00+00:00,1977.874,1978.781,1977.259,1978.166,110.9
2024-01-08T05:10:00+00:00,1978.166,1978.780,1977.933,1978.547,146.4
2024-01-08T05:11:00+00:00,1978.547,1978.639,1977.660,1977.752,134.8
2024-01-08T05:12:00+00:00,1977.752,1979.000,1977.464,1978.712,110.1
2024-01-08T05:13:00+00:00,1978.712,1979.062,1978.440,1978.791,106.7
2024-01-08T05:14:00+00:00,1978.791,1979.506,1978.544,1979.259,128.0
2024-01-08T05:15:00+00:00,1979.259,1979.349,1979.052,1979.142,99.3
2024-01-08T05:16:00+00:00,1979.142,1979.465,1978.327,1978.650,129.1
2024-01-08T05:17:00+00:00,1978.650,1978.750,1978.422,1978.522,149.7
2024-01-08T05:18:00+00:00,1978.522,1978.600,1978.171,1978.248,136.2
2024-01-08T05:19:00+00:00,1978.248,1978.635,1978.115,1978.501,56.8
2024-01-08T05:20:00+00:00,1978.501,1979.137,1978.369,1979.005,120.4
2024-01-08T05:21:00+00:00,1979.005,1979.121,1978.861,1978.976,107.2
2024-01-08T05:22:00+00:00,1978.976,1979.211,1978.452,1978.687,102.1
2024-01-08T05:23:00+00:00,1978.687,1979.027,1978.203,1978.542,139.1
2024-01-08T05:24:00+00:00,1978.542,1978.757,1977.939,1978.154,89.6
2024-01-08T05:25:00+00:00,1978.154,1978.741,1977.760,1978.347,126.1
2024-01-08T05:26:00+00:00,1978.347,1978.409,1978.100,1978.162,124.4
2024-01-08T05:27:00+00:00,1978.162,1978.364,1977.424,1977.626,124.9
2024-01-08T05:28:00+00:00,1977.626,1977.696,1977.463,1977.533,142.0
2024-01-08T05:29:00+00:00,1977.533,1978.148,1977.256,1977.872,137.7
2024-01-08T05:30:00+00:00,1977.872,1977.927,1977.788,1977.843,111.9
2024-01-08T05:31:00+00:00,1977.843,1977.938,1977.710,1977.805,68.3
2024-01-08T05:32:00+00:00,1977.805,1977.861,1977.704,1977.760,90.8
2024-01-08T05:33:00+00:00,1977.760,1978.002,1977.581,1977.824,115.1
2024-01-08T05:34:00+00:00,1977.824,1979.324,1977.122,1978.623,113.8
2024-01-08T05:35:00+00:00,1978.623,1978.918,1977.761,1978.056,199.6
2024-01-08T05:36:00+00:00,1978.056,1978.138,1977.171,1977.253,135.6
2024-01-08T05:37:00+00:00,1977.253,1977.441,1977.032,1977.220,52.7
2024-01-08T05:38:00+00:00,1977.220,1977.734,1977.077,1977.591,120.7
2024-01-08T05:39:00+00:00,1977.591,1977.801,1977.249,1977.459,105.4
2024-01-08T05:40:00+00:00,1977.459,1977.788,1977.281,1977.610,52.6
2024-01-08T05:41:00+00:00,1977.610,1977.773,1977.509,1977.672,142.6
2024-01-08T05:42:00+00:00,1977.672,1977.731,1977.381,1977.439,138.5
2024-01-08T05:43:00+00:00,1977.439,1977.925,1977.079,1977.564,179.7
2024-01-08T05:44:00+00:00,1977.564,1978.094,1976.789,1977.320,145.7
2024-01-08T05:45:00+00:00,1977.320,1978.209,1977.039,1977.929,144.4
2024-01-08T05:46:00+00:00,1977.929,1978.157,1977.558,1977.786,146.7
2024-01-08T05:47:00+00:00,1977.786,1978.290,1977.038,1977.541,90.1
2024-01-08T05:48:00+00:00,1977.541,1979.019,1977.010,1978.488,99.4
2024-01-08T05:49:00+00:00,1978.488,1978.596,1978.199,1978.307,97.5
2024-01-08T05:50:00+00:00,1978.307,1978.909,1978.237,1978.839,87.4
2024-01-08T05:51:00+00:00,1978.839,1979.568,1978.644,1979.372,126.6
2024-01-08T05:52:00+00:00,1979.372,1979.570,1979.243,1979.442,129.7
2024-01-08T05:53:00+00:00,1979.442,1979.953,1978.763,1979.274,53.8
2024-01-08T05:54:00+00:00,1979.274,1979.513,1978.665,1978.905,119.3
2024-01-08T05:55:00+00:00,1978.905,1979.187,1978.716,1978.998,123.6
2024-01-08T05:56:00+00:00,1978.998,1979.226,1978.568,1978.795,56.4
2024-01-08T05:57:00+00:00,1978.795,1978.981,1978.624,1978.810,135.9
2024-01-08T05:58:00+00:00,1978.810,1978.935,1978.717,1978.842,148.1
2024-01-08T05:59:00+00:00,1978.842,1979.156,1978.607,1978.922,137.5
2024-01-08T06:00:00+00:00,1978.922,1979.447,1978.545,1979.070,102.8
2024-01-08T06:01:00+00:00,1979.070,1979.322,1978.767,1979.019,96.1
2024-01-08T06:02:00+00:00,1979.019,1980.127,1978.529,1979.637,120.7
2024-01-08T06:03:00+00:00,1979.637,1980.254,1979.294,1979.910,144.2
2024-01-08T06:04:00+00:00,1979.910,1980.772,1979.545,1980.406,100.8
2024-01-08T06:05:00+00:00,1980.406,1981.047,1979.997,1980.638,123.1
2024-01-08T06:06:00+00:00,1980.638,1980.777,1980.273,1980.411,100.2
2024-01-08T06:07:00+00:00,1980.411,1980.837,1979.759,1980.185,101.2
2024-01-08T06:08:00+00:00,1980.185,1980.856,1979.594,1980.265,155.5
2024-01-08T06:09:00+00:00,1980.265,1980.659,1980.062,1980.456,132.3
2024-01-08T06:10:00+00:00,1980.456,1981.302,1980.250,1981.097,157.8
2024-01-08T06:11:00+00:00,1981.097,1981.383,1980.918,1981.204,114.0
2024-01-08T06:12:00+00:00,1981.204,1981.801,1980.829,1981.426,77.1
2024-01-08T06:13:00+00:00,1981.426,1981.587,1981.316,1981.477,102.9
2024-01-08T06:14:00+00:00,1981.477,1981.723,1981.195,1981.441,180.0
2024-01-08T06:15:00+00:00,1981.441,1981.865,1981.310,1981.734,73.5
2024-01-08T06:16:00+00:00,1981.734,1982.549,1981.664,1982.480,119.0
2024-01-08T06:17:00+00:00,1982.480,1982.544,1982.096,1982.160,87.1
2024-01-08T06:18:00+00:00,1982.160,1982.423,1981.994,1982.257,120.9
2024-01-08T06:19:00+00:00,1982.257,1982.689,1981.994,1982.426,162.9
2024-01-08T06:20:00+00:00,1982.426,1982.930,1981.764,1982.268,114.4
2024-01-08T06:21:00+00:00,1982.268,1982.571,1981.769,1982.071,109.4
2024-01-08T06:22:00+00:00,1982.071,1982.589,1981.726,1982.244,115.9
2024-01-08T06:23:00+00:00,1982.244,1983.034,1982.023,1982.813,115.4
2024-01-08T06:24:00+00:00,1982.813,1983.008,1982.733,1982.928,118.6
2024-01-08T06:25:00+00:00,1982.928,1983.327,1982.855,1983.253,47.9
2024-01-08T06:26:00+00:00,1983.253,1983.587,1982.981,1983.315,139.5
2024-01-08T06:27:00+00:00,1983.315,1983.402,1983.083,1983.170,185.3
2024-01-08T06:28:00+00:00,1983.170,1983.501,1982.541,1982.872,77.7
2024-01-08T06:29:00+00:00,1982.872,1983.392,1981.582,1982.102,130.9
2024-01-08T06:30:00+00:00,1982.102,1982.619,1981.429,1981.947,75.5
2024-01-08T06:31:00+00:00,1981.947,1982.474,1981.703,1982.230,109.0
2024-01-08T06:32:00+00:00,1982.230,1982.802,1981.841,1982.413,178.2
2024-01-08T06:33:00+00:00,1982.413,1982.926,1982.327,1982.840,125.5
2024-01-08T06:34:00+00:00,1982.840,1983.945,1982.433,1983.537,110.7
2024-01-08T06:35:00+00:00,1983.537,1983.885,1983.416,1983.763,121.6
2024-01-08T06:36:00+00:00,1983.763,1984.145,1983.272,1983.654,104.0
2024-01-08T06:37:00+00:00,1983.654,1984.010,1982.822,1983.178,136.1
2024-01-08T06:38:00+00:00,1983.178,1983.577,1982.422,1982.820,146.8
2024-01-08T06:39:00+00:00,1982.820,1983.331,1981.706,1982.216,144.3
2024-01-08T06:40:00+00:00,1982.216,1983.360,1981.859,1983.002,135.9
2024-01-08T06:41:00+00:00,1983.002,1983.314,1982.902,1983.214,125.1
2024-01-08T06:42:00+00:00,1983.214,1984.069,1982.790,1983.645,82.7
2024-01-08T06:43:00+00:00,1983.645,1983.834,1983.030,1983.219,101.8
2024-01-08T06:44:00+00:00,1983.219,1983.526,1983.102,1983.409,120.9
2024-01-08T06:45:00+00:00,1983.409,1983.570,1983.073,1983.234,148.6
2024-01-08T06:46:00+00:00,1983.234,1983.637,1983.158,1983.562,110.3
2024-01-08T06:47:00+00:00,1983.562,1984.364,1983.363,1984.165,139.5
2024-01-08T06:48:00+00:00,1984.165,1984.745,1984.049,1984.629,144.8
2024-01-08T06:49:00+00:00,1984.629,1984.932,1983.994,1984.297,126.0
2024-01-08T06:50:00+00:00,1984.297,1984.514,1983.583,1983.800,93.2
2024-01-08T06:51:00+00:00,1983.800,1984.527,1983.581,1984.307,115.1
2024-01-08T06:52:00+00:00,1984.307,1984.596,1984.174,1984.463,127.8
2024-01-08T06:53:00+00:00,1984.463,1984.681,1984.109,1984.327,120.2
2024-01-08T06:54:00+00:00,1984.327,1985.195,1983.588,1984.457,154.8
2024-01-08T06:55:00+00:00,1984.457,1985.019,1983.961,1984.524,122.9
2024-01-08T06:56:00+00:00,1984.524,1985.060,1984.206,1984.742,87.5
2024-01-08T06:57:00+00:00,1984.742,1985.428,1984.652,1985.338,191.8
2024-01-08T06:58:00+00:00,1985.338,1985.561,1985.118,1985.341,109.0
2024-01-08T06:59:00+00:00,1985.341,1985.665,1984.680,1985.004,147.2
2024-01-08T07:00:00+00:00,1985.004,1985.859,1984.740,1985.595,102.8
2024-01-08T07:01:00+00:00,1985.595,1985.808,1984.853,1985.066,99.7
2024-01-08T07:02:00+00:00,1985.066,1985.261,1984.636,1984.832,129.8
2024-01-08T07:03:00+00:00,1984.832,1984.925,1984.695,1984.788,115.6
2024-01-08T07:04:00+00:00,1984.788,1985.151,1984.550,1984.913,148.8
2024-01-08T07:05:00+00:00,1984.913,1985.340,1984.296,1984.723,162.8
2024-01-08T07:06:00+00:00,1984.723,1985.138,1984.396,1984.812,70.7
2024-01-08T07:07:00+00:00,1984.812,1984.869,1984.688,1984.745,76.8
2024-01-08T07:08:00+00:00,1984.745,1984.976,1984.381,1984.612,152.4
2024-01-08T07:09:00+00:00,1984.612,1985.483,1984.346,1985.217,78.0
2024-01-08T07:10:00+00:00,1985.217,1985.731,1984.932,1985.446,125.8
2024-01-08T07:11:00+00:00,1985.446,1985.691,1984.790,1985.036,143.8
2024-01-08T07:12:00+00:00,1985.036,1985.446,1984.864,1985.275,129.1
2024-01-08T07:13:00+00:00,1985.275,1985.786,1985.085,1985.596,64.7
2024-01-08T07:14:00+00:00,1985.596,1985.925,1985.426,1985.755,120.4
2024-01-08T07:15:00+00:00,1985.755,1986.306,1985.558,1986.109,117.5
2024-01-08T07:16:00+00:00,1986.109,1986.302,1985.852,1986.045,167.9
2024-01-08T07:17:00+00:00,1986.045,1986.609,1985.435,1985.999,165.9
2024-01-08T07:18:00+00:00,1985.999,1986.513,1985.802,1986.317,173.1
2024-01-08T07:19:00+00:00,1986.317,1986.395,1986.216,1986.294,88.1
2024-01-08T07:20:00+00:00,1986.294,1986.885,1985.908,1986.499,136.0
2024-01-08T07:21:00+00:00,1986.499,1986.786,1986.399,1986.686,125.1
2024-01-08T07:22:00+00:00,1986.686,1986.998,1985.914,1986.226,107.7
2024-01-08T07:23:00+00:00,1986.226,1986.464,1985.639,1985.877,95.3
2024-01-08T07:24:00+00:00,1985.877,1986.528,1985.562,1986.213,79.3
2024-01-08T07:25:00+00:00,1986.213,1986.846,1985.941,1986.574,102.6
2024-01-08T07:26:00+00:00,1986.574,1986.810,1985.853,1986.089,101.0
2024-01-08T07:27:00+00:00,1986.089,1986.384,1985.950,1986.244,59.2
2024-01-08T07:28:00+00:00,1986.244,1986.794,1985.811,1986.360,147.2
2024-01-08T07:29:00+00:00,1986.360,1986.584,1985.748,1985.972,94.4
2024-01-08T07:30:00+00:00,1985.972,1986.346,1985.440,1985.815,145.6
2024-01-08T07:31:00+00:00,1985.815,1986.187,1985.685,1986.057,73.6
2024-01-08T07:32:00+00:00,1986.057,1986.245,1985.719,1985.907,90.7
2024-01-08T07:33:00+00:00,1985.907,1986.351,1985.671,1986.116,98.7
2024-01-08T07:34:00+00:00,1986.116,1986.680,1985.216,1985.780,137.9
2024-01-08T07:35:00+00:00,1985.780,1986.369,1985.687,1986.276,90.7
2024-01-08T07:36:00+00:00,1986.276,1986.369,1985.264,1985.358,156.5
2024-01-08T07:37:00+00:00,1985.358,1985.772,1985.076,1985.490,164.3
2024-01-08T07:38:00+00:00,1985.490,1986.072,1985.330,1985.912,151.6
2024-01-08T07:39:00+00:00,1985.912,1986.644,1985.477,1986.210,107.8
2024-01-08T07:40:00+00:00,1986.210,1986.287,1985.660,1985.738,137.3
2024-01-08T07:41:00+00:00,1985.738,1986.302,1984.825,1985.389,159.0
2024-01-08T07:42:00+00:00,1985.389,1985.964,1984.972,1985.546,80.3
2024-01-08T07:43:00+00:00,1985.546,1986.510,1984.978,1985.941,180.2
2024-01-08T07:44:00+00:00,1985.941,1986.059,1985.774,1985.891,115.4
2024-01-08T07:45:00+00:00,1985.891,1986.573,1985.582,1986.263,122.6
2024-01-08T07:46:00+00:00,1986.263,1986.499,1985.575,1985.810,105.9
2024-01-08T07:47:00+00:00,1985.810,1986.167,1985.694,1986.051,168.7
2024-01-08T07:48:00+00:00,1986.051,1986.633,1985.889,1986.470,130.5
2024-01-08T07:49:00+00:00,1986.470,1987.292,1986.286,1987.108,133.0
2024-01-08T07:50:00+00:00,1987.108,1987.908,1986.744,1987.544,135.6
2024-01-08T07:51:00+00:00,1987.544,1987.909,1986.736,1987.101,127.4
2024-01-08T07:52:00+00:00,1987.101,1987.942,1986.414,1987.255,94.2
2024-01-08T07:53:00+00:00,1987.255,1987.913,1987.012,1987.670,69.9
2024-01-08T07:54:00+00:00,1987.670,1987.762,1987.309,1987.401,105.2
2024-01-08T07:55:00+00:00,1987.401,1987.568,1987.196,1987.363,95.7
2024-01-08T07:56:00+00:00,1987.363,1987.751,1987.154,1987.542,103.7
2024-01-08T07:57:00+00:00,1987.542,1987.938,1987.349,1987.745,128.6
2024-01-08T07:58:00+00:00,1987.745,1988.376,1987.688,1988.319,115.6
2024-01-08T07:59:00+00:00,1988.319,1988.732,1988.178,1988.591,152.5
2024-01-08T08:00:00+00:00,1988.591,1988.795,1987.950,1988.155,104.6
2024-01-08T08:01:00+00:00,1988.155,1988.647,1987.395,1987.888,94.5
2024-01-08T08:02:00+00:00,1987.888,1988.729,1987.673,1988.515,163.6
2024-01-08T08:03:00+00:00,1988.515,1988.865,1987.835,1988.184,163.7
2024-01-08T08:04:00+00:00,1988.184,1988.267,1988.072,1988.155,193.7
2024-01-08T08:05:00+00:00,1988.155,1988.383,1987.999,1988.227,101.1
2024-01-08T08:06:00+00:00,1988.227,1988.526,1988.094,1988.393,125.3
2024-01-08T08:07:00+00:00,1988.393,1989.137,1988.261,1989.005,134.2
2024-01-08T08:08:00+00:00,1989.005,1989.825,1988.704,1989.524,151.2
2024-01-08T08:09:00+00:00,1989.524,1990.562,1989.135,1990.173,87.1
2024-01-08T08:10:00+00:00,1990.173,1990.685,1989.306,1989.818,133.6
2024-01-08T08:11:00+00:00,1989.818,1989.992,1989.000,1989.175,163.6
2024-01-08T08:12:00+00:00,1989.175,1989.304,1988.487,1988.616,62.5
2024-01-08T08:13:00+00:00,1988.616,1989.129,1988.382,1988.895,112.0
2024-01-08T08:14:00+00:00,1988.895,1989.106,1988.709,1988.919,109.6
2024-01-08T08:15:00+00:00,1988.919,1989.116,1988.733,1988.930,123.4
2024-01-08T08:16:00+00:00,1988.930,1988.996,1988.458,1988.524,62.0
2024-01-08T08:17:00+00:00,1988.524,1989.053,1987.827,1988.356,122.4
2024-01-08T08:18:00+00:00,1988.356,1988.471,1987.805,1987.919,90.8
2024-01-08T08:19:00+00:00,1987.919,1988.153,1987.110,1987.344,142.1
2024-01-08T08:20:00+00:00,1987.344,1987.555,1987.270,1987.481,92.2
2024-01-08T08:21:00+00:00,1987.481,1987.868,1986.718,1987.106,127.3
2024-01-08T08:22:00+00:00,1987.106,1987.683,1986.197,1986.774,78.9
2024-01-08T08:23:00+00:00,1986.774,1987.979,1986.437,1987.642,117.7
2024-01-08T08:24:00+00:00,1987.642,1987.806,1987.552,1987.716,111.7
2024-01-08T08:25:00+00:00,1987.716,1988.029,1986.923,1987.236,170.7
2024-01-08T08:26:00+00:00,1987.236,1987.497,1986.710,1986.971,69.2
2024-01-08T08:27:00+00:00,1986.971,1987.086,1986.760,1986.875,151.1
2024-01-08T08:28:00+00:00,1986.875,1987.074,1986.282,1986.481,131.6
2024-01-08T08:29:00+00:00,1986.481,1986.650,1986.052,1986.222,93.1
2024-01-08T08:30:00+00:00,1986.222,1986.276,1985.887,1985.941,38.6
2024-01-08T08:31:00+00:00,1985.941,1986.242,1985.601,1985.901,76.1
2024-01-08T08:32:00+00:00,1985.901,1986.142,1985.509,1985.750,107.9
2024-01-08T08:33:00+00:00,1985.750,1986.530,1985.410,1986.190,80.6
2024-01-08T08:34:00+00:00,1986.190,1986.880,1986.041,1986.730,148.4
2024-01-08T08:35:00+00:00,1986.730,1986.981,1986.186,1986.438,127.8
2024-01-08T08:36:00+00:00,1986.438,1986.717,1986.381,1986.661,156.2
2024-01-08T08:37:00+00:00,1986.661,1986.952,1986.139,1986.430,75.7
2024-01-08T08:38:00+00:00,1986.430,1987.066,1986.195,1986.831,88.7
2024-01-08T08:39:00+00:00,1986.831,1986.993,1986.337,1986.498,81.9
2024-01-08T08:40:00+00:00,1986.498,1986.705,1986.184,1986.391,103.5
2024-01-08T08:41:00+00:00,1986.391,1986.451,1985.991,1986.050,106.2
2024-01-08T08:42:00+00:00,1986.050,1986.197,1985.938,1986.085,130.2
2024-01-08T08:43:00+00:00,1986.085,1986.269,1985.129,1985.313,96.1
2024-01-08T08:44:00+00:00,1985.313,1986.022,1984.868,1985.578,98.6
2024-01-08T08:45:00+00:00,1985.578,1985.712,1985.335,1985.469,149.7
2024-01-08T08:46:00+00:00,1985.469,1985.760,1985.016,1985.307,76.0
2024-01-08T08:47:00+00:00,1985.307,1985.662,1984.311,1984.666,133.1
2024-01-08T08:48:00+00:00,1984.666,1984.911,1984.585,1984.830,134.5
2024-01-08T08:49:00+00:00,1984.830,1985.117,1984.110,1984.397,104.0
2024-01-08T08:50:00+00:00,1984.397,1984.806,1984.325,1984.734,60.8
2024-01-08T08:51:00+00:00,1984.734,1985.066,1983.944,1984.276,115.9
2024-01-08T08:52:00+00:00,1984.276,1984.387,1984.019,1984.130,107.2
2024-01-08T08:53:00+00:00,1984.130,1984.206,1983.856,1983.931,124.3
2024-01-08T08:54:00+00:00,1983.931,1984.515,1983.870,1984.454,176.4
2024-01-08T08:55:00+00:00,1984.454,1985.556,1983.975,1985.077,151.8
2024-01-08T08:56:00+00:00,1985.077,1985.198,1984.992,1985.114,115.7
2024-01-08T08:57:00+00:00,1985.114,1985.180,1984.782,1984.849,100.8
2024-01-08T08:58:00+00:00,1984.849,1985.598,1984.665,1985.414,106.6
2024-01-08T08:59:00+00:00,1985.414,1985.477,1984.671,1984.735,107.5
2024-01-08T09:00:00+00:00,1984.735,1985.069,1984.011,1984.346,52.5
2024-01-08T09:01:00+00:00,1984.346,1984.602,1984.279,1984.535,197.4
2024-01-08T09:02:00+00:00,1984.535,1984.622,1984.428,1984.515,163.3
2024-01-08T09:03:00+00:00,1984.515,1984.644,1984.423,1984.553,108.9
2024-01-08T09:04:00+00:00,1984.553,1984.977,1983.906,1984.331,150.0
2024-01-08T09:05:00+00:00,1984.331,1985.060,1984.194,1984.922,120.9
2024-01-08T09:06:00+00:00,1984.922,1985.214,1984.312,1984.604,78.2
2024-01-08T09:07:00+00:00,1984.604,1985.116,1984.280,1984.792,162.3
2024-01-08T09:08:00+00:00,1984.792,1985.114,1984.130,1984.453,98.6
2024-01-08T09:09:00+00:00,1984.453,1984.834,1983.797,1984.178,154.7
2024-01-08T09:10:00+00:00,1984.178,1984.943,1983.979,1984.745,97.2
2024-01-08T09:11:00+00:00,1984.745,1985.422,1983.939,1984.616,150.1
2024-01-08T09:12:00+00:00,1984.616,1985.115,1983.917,1984.416,99.8
2024-01-08T09:13:00+00:00,1984.416,1985.338,1983.899,1984.821,112.0
2024-01-08T09:14:00+00:00,1984.821,1984.999,1984.392,1984.569,63.4
2024-01-08T09:15:00+00:00,1984.569,1985.198,1984.248,1984.877,151.9
2024-01-08T09:16:00+00:00,1984.877,1985.244,1983.901,1984.269,128.7
2024-01-08T09:17:00+00:00,1984.269,1984.514,1983.746,1983.991,120.2
2024-01-08T09:18:00+00:00,1983.991,1984.197,1983.364,1983.570,145.3
2024-01-08T09:19:00+00:00,1983.570,1984.076,1982.383,1982.890,134.9
2024-01-08T09:20:00+00:00,1982.890,1983.661,1982.375,1983.146,98.4
2024-01-08T09:21:00+00:00,1983.146,1983.465,1982.694,1983.013,76.2
2024-01-08T09:22:00+00:00,1983.013,1983.571,1982.136,1982.694,112.8
2024-01-08T09:23:00+00:00,1982.694,1983.276,1982.222,1982.804,102.3
2024-01-08T09:24:00+00:00,1982.804,1983.419,1982.358,1982.973,139.9
2024-01-08T09:25:00+00:00,1982.973,1983.317,1982.512,1982.856,91.9
2024-01-08T09:26:00+00:00,1982.856,1982.943,1982.527,1982.614,118.5
2024-01-08T09:27:00+00:00,1982.614,1983.309,1982.492,1983.187,87.8
2024-01-08T09:28:00+00:00,1983.187,1984.005,1982.900,1983.717,123.0
2024-01-08T09:29:00+00:00,1983.717,1984.235,1982.937,1983.455,89.3
2024-01-08T09:30:00+00:00,1983.455,1984.015,1983.204,1983.764,80.4
2024-01-08T09:31:00+00:00,1983.764,1983.934,1983.653,1983.823,138.2
2024-01-08T09:32:00+00:00,1983.823,1984.444,1983.420,1984.042,94.8
2024-01-08T09:33:00+00:00,1984.042,1984.672,1983.745,1984.375,140.8
2024-01-08T09:34:00+00:00,1984.375,1984.539,1984.264,1984.428,149.0
2024-01-08T09:35:00+00:00,1984.428,1984.756,1984.084,1984.412,146.3
2024-01-08T09:36:00+00:00,1984.412,1984.642,1984.220,1984.450,97.4
2024-01-08T09:37:00+00:00,1984.450,1984.550,1984.155,1984.256,119.3
2024-01-08T09:38:00+00:00,1984.256,1985.499,1984.046,1985.289,143.1
2024-01-08T09:39:00+00:00,1985.289,1985.517,1984.751,1984.979,110.4
2024-01-08T09:40:00+00:00,1984.979,1985.346,1984.670,1985.037,168.4
2024-01-08T09:41:00+00:00,1985.037,1985.356,1984.511,1984.830,49.9
2024-01-08T09:42:00+00:00,1984.830,1984.950,1984.699,1984.819,125.7
2024-01-08T09:43:00+00:00,1984.819,1985.140,1984.699,1985.020,124.9
2024-01-08T09:44:00+00:00,1985.020,1985.249,1984.121,1984.349,49.7
2024-01-08T09:45:00+00:00,1984.349,1984.687,1984.222,1984.560,114.1
2024-01-08T09:46:00+00:00,1984.560,1984.756,1984.068,1984.264,175.4
2024-01-08T09:47:00+00:00,1984.264,1984.926,1984.199,1984.861,158.6
2024-01-08T09:48:00+00:00,1984.861,1985.395,1983.763,1984.297,105.5
2024-01-08T09:49:00+00:00,1984.297,1984.487,1983.792,1983.982,125.6
2024-01-08T09:50:00+00:00,1983.982,1985.248,1983.767,1985.032,121.5
2024-01-08T09:51:00+00:00,1985.032,1985.179,1984.974,1985.121,147.9
2024-01-08T09:52:00+00:00,1985.121,1986.095,1984.760,1985.734,124.9
2024-01-08T09:53:00+00:00,1985.734,1985.873,1985.494,1985.633,74.0
2024-01-08T09:54:00+00:00,1985.633,1986.262,1984.381,1985.010,135.8
2024-01-08T09:55:00+00:00,1985.010,1985.137,1984.941,1985.069,49.0
2024-01-08T09:56:00+00:00,1985.069,1985.308,1984.692,1984.930,77.6
2024-01-08T09:57:00+00:00,1984.930,1985.155,1984.378,1984.602,136.3
2024-01-08T09:58:00+00:00,1984.602,1984.781,1984.408,1984.587,101.9
2024-01-08T09:59:00+00:00,1984.587,1984.664,1984.527,1984.604,136.6
2024-01-08T10:00:00+00:00,1984.604,1984.690,1984.486,1984.572,116.0
2024-01-08T10:01:00+00:00,1984.572,1985.180,1983.731,1984.339,135.4
2024-01-08T10:02:00+00:00,1984.339,1985.105,1983.716,1984.482,162.1
2024-01-08T10:03:00+00:00,1984.482,1984.706,1983.706,1983.930,145.1
2024-01-08T10:04:00+00:00,1983.930,1984.961,1983.551,1984.582,143.1
2024-01-08T10:05:00+00:00,1984.582,1984.850,1983.896,1984.163,128.1
2024-01-08T10:06:00+00:00,1984.163,1984.638,1983.858,1984.333,108.5
2024-01-08T10:07:00+00:00,1984.333,1984.398,1984.121,1984.186,130.1
2024-01-08T10:08:00+00:00,1984.186,1984.545,1983.720,1984.079,157.3
2024-01-08T10:09:00+00:00,1984.079,1984.707,1984.002,1984.631,150.7
2024-01-08T10:10:00+00:00,1984.631,1984.994,1984.416,1984.779,134.4
2024-01-08T10:11:00+00:00,1984.779,1984.973,1984.312,1984.506,150.3
2024-01-08T10:12:00+00:00,1984.506,1985.047,1983.644,1984.185,182.7
2024-01-08T10:13:00+00:00,1984.185,1985.364,1983.638,1984.817,142.3
2024-01-08T10:14:00+00:00,1984.817,1985.017,1984.492,1984.692,95.6
2024-01-08T10:15:00+00:00,1984.692,1984.785,1984.634,1984.726,140.1
2024-01-08T10:16:00+00:00,1984.726,1985.354,1983.385,1984.013,188.3
2024-01-08T10:17:00+00:00,1984.013,1984.232,1983.778,1983.997,134.3
2024-01-08T10:18:00+00:00,1983.997,1984.189,1983.895,1984.087,116.3
2024-01-08T10:19:00+00:00,1984.087,1984.181,1983.697,1983.792,119.3
2024-01-08T10:20:00+00:00,1983.792,1984.162,1983.528,1983.898,121.2
2024-01-08T10:21:00+00:00,1983.898,1984.109,1983.697,1983.908,88.1
2024-01-08T10:22:00+00:00,1983.908,1984.345,1983.613,1984.049,137.9
2024-01-08T10:23:00+00:00,1984.049,1984.222,1983.741,1983.914,112.9
2024-01-08T10:24:00+00:00,1983.914,1984.601,1983.476,1984.163,115.3
2024-01-08T10:25:00+00:00,1984.163,1984.307,1983.788,1983.932,126.1
2024-01-08T10:26:00+00:00,1983.932,1984.166,1983.374,1983.608,117.0
2024-01-08T10:27:00+00:00,1983.608,1984.185,1983.260,1983.837,89.5
2024-01-08T10:28:00+00:00,1983.837,1984.362,1983.481,1984.005,123.3
2024-01-08T10:29:00+00:00,1984.005,1984.200,1983.928,1984.123,89.5
2024-01-08T10:30:00+00:00,1984.123,1984.256,1983.962,1984.095,130.1
2024-01-08T10:31:00+00:00,1984.095,1984.418,1983.473,1983.796,69.7
2024-01-08T10:32:00+00:00,1983.796,1983.848,1983.676,1983.728,148.8
2024-01-08T10:33:00+00:00,1983.728,1983.914,1983.322,1983.508,103.0
2024-01-08T10:34:00+00:00,1983.508,1984.245,1983.024,1983.761,108.0
2024-01-08T10:35:00+00:00,1983.761,1984.191,1983.479,1983.909,149.2
2024-01-08T10:36:00+00:00,1983.909,1984.385,1983.850,1984.326,86.0
2024-01-08T10:37:00+00:00,1984.326,1984.798,1983.989,1984.461,152.7
2024-01-08T10:38:00+00:00,1984.461,1985.246,1983.953,1984.739,99.6
2024-01-08T10:39:00+00:00,1984.739,1985.586,1984.382,1985.230,153.9
2024-01-08T10:40:00+00:00,1985.230,1986.122,1984.989,1985.882,153.6
2024-01-08T10:41:00+00:00,1985.882,1986.238,1985.402,1985.758,116.9
2024-01-08T10:42:00+00:00,1985.758,1985.820,1985.620,1985.682,140.9
2024-01-08T10:43:00+00:00,1985.682,1985.780,1985.526,1985.624,132.7
2024-01-08T10:44:00+00:00,1985.624,1986.135,1985.104,1985.615,133.3
2024-01-08T10:45:00+00:00,1985.615,1985.739,1985.513,1985.637,101.2
2024-01-08T10:46:00+00:00,1985.637,1986.188,1985.550,1986.100,87.6
2024-01-08T10:47:00+00:00,1986.100,1986.185,1985.812,1985.896,106.6
2024-01-08T10:48:00+00:00,1985.896,1986.608,1985.556,1986.268,134.8
2024-01-08T10:49:00+00:00,1986.268,1986.654,1985.923,1986.310,121.4
2024-01-08T10:50:00+00:00,1986.310,1986.485,1986.094,1986.269,106.5
2024-01-08T10:51:00+00:00,1986.269,1986.833,1985.803,1986.367,87.5
2024-01-08T10:52:00+00:00,1986.367,1986.943,1986.056,1986.633,119.6
2024-01-08T10:53:00+00:00,1986.633,1986.954,1986.094,1986.415,57.2
2024-01-08T10:54:00+00:00,1986.415,1986.633,1985.908,1986.126,139.6
2024-01-08T10:55:00+00:00,1986.126,1986.648,1985.234,1985.756,163.6
2024-01-08T10:56:00+00:00,1985.756,1986.074,1985.482,1985.800,121.6
2024-01-08T10:57:00+00:00,1985.800,1986.804,1985.102,1986.106,153.3
2024-01-08T10:58:00+00:00,1986.106,1986.926,1985.536,1986.356,143.1
2024-01-08T10:59:00+00:00,1986.356,1986.690,1985.388,1985.723,132.0
2024-01-08T11:00:00+00:00,1985.723,1986.704,1985.520,1986.501,120.1
2024-01-08T11:01:00+00:00,1986.501,1987.067,1986.291,1986.857,98.9
2024-01-08T11:02:00+00:00,1986.857,1986.925,1986.648,1986.716,87.5
2024-01-08T11:03:00+00:00,1986.716,1987.060,1986.530,1986.875,122.1
2024-01-08T11:04:00+00:00,1986.875,1987.590,1986.743,1987.458,159.2
2024-01-08T11:05:00+00:00,1987.458,1987.697,1987.017,1987.256,62.0
2024-01-08T11:06:00+00:00,1987.256,1987.407,1987.162,1987.313,105.1
2024-01-08T11:07:00+00:00,1987.313,1987.450,1986.950,1987.087,98.4
2024-01-08T11:08:00+00:00,1987.087,1987.286,1986.108,1986.307,103.5
2024-01-08T11:09:00+00:00,1986.307,1986.622,1985.797,1986.111,115.9
2024-01-08T11:10:00+00:00,1986.111,1986.485,1985.999,1986.373,105.2
2024-01-08T11:11:00+00:00,1986.373,1987.129,1986.078,1986.834,147.7
2024-01-08T11:12:00+00:00,1986.834,1987.357,1986.703,1987.225,116.1
2024-01-08T11:13:00+00:00,1987.225,1987.789,1987.037,1987.601,116.4
2024-01-08T11:14:00+00:00,1987.601,1987.862,1987.458,1987.719,111.7
2024-01-08T11:15:00+00:00,1987.719,1988.142,1987.624,1988.048,141.8
2024-01-08T11:16:00+00:00,1988.048,1988.622,1987.833,1988.407,142.0
2024-01-08T11:17:00+00:00,1988.407,1988.785,1987.608,1987.986,101.4
2024-01-08T11:18:00+00:00,1987.986,1988.562,1987.561,1988.136,83.3
2024-01-08T11:19:00+00:00,1988.136,1988.491,1987.873,1988.227,98.0
2024-01-08T11:20:00+00:00,1988.227,1988.450,1987.891,1988.114,126.4
2024-01-08T11:21:00+00:00,1988.114,1988.806,1987.818,1988.510,146.7
2024-01-08T11:22:00+00:00,1988.510,1988.885,1988.442,1988.818,134.3
2024-01-08T11:23:00+00:00,1988.818,1989.140,1988.280,1988.602,107.8
2024-01-08T11:24:00+00:00,1988.602,1989.375,1987.587,1988.359,105.4
2024-01-08T11:25:00+00:00,1988.359,1989.018,1988.259,1988.918,129.4
2024-01-08T11:26:00+00:00,1988.918,1989.403,1988.673,1989.159,147.5
2024-01-08T11:27:00+00:00,1989.159,1989.700,1988.730,1989.271,138.0
2024-01-08T11:28:00+00:00,1989.271,1989.607,1989.107,1989.444,167.5
2024-01-08T11:29:00+00:00,1989.444,1989.622,1989.100,1989.278,142.5
2024-01-08T11:30:00+00:00,1989.278,1989.628,1988.592,1988.942,76.5
2024-01-08T11:31:00+00:00,1988.942,1989.122,1988.285,1988.465,87.3
2024-01-08T11:32:00+00:00,1988.465,1988.926,1987.941,1988.402,122.1
2024-01-08T11:33:00+00:00,1988.402,1988.538,1987.848,1987.983,74.0
2024-01-08T11:34:00+00:00,1987.983,1988.234,1987.866,1988.117,121.9
2024-01-08T11:35:00+00:00,1988.117,1988.200,1987.987,1988.070,80.4
2024-01-08T11:36:00+00:00,1988.070,1988.128,1987.089,1987.148,91.9
2024-01-08T11:37:00+00:00,1987.148,1987.304,1986.807,1986.964,60.4
2024-01-08T11:38:00+00:00,1986.964,1987.167,1986.469,1986.672,88.3
2024-01-08T11:39:00+00:00,1986.672,1986.846,1986.587,1986.761,95.4
2024-01-08T11:40:00+00:00,1986.761,1987.012,1986.138,1986.390,100.2
2024-01-08T11:41:00+00:00,1986.390,1986.730,1986.227,1986.568,63.2
2024-01-08T11:42:00+00:00,1986.568,1986.618,1986.110,1986.161,130.3
2024-01-08T11:43:00+00:00,1986.161,1986.657,1985.911,1986.406,151.0
2024-01-08T11:44:00+00:00,1986.406,1986.509,1986.144,1986.247,143.3
2024-01-08T11:45:00+00:00,1986.247,1986.561,1985.755,1986.069,72.3
2024-01-08T11:46:00+00:00,1986.069,1986.362,1985.976,1986.268,61.0
2024-01-08T11:47:00+00:00,1986.268,1986.709,1986.140,1986.581,120.6
2024-01-08T11:48:00+00:00,1986.581,1986.747,1986.007,1986.174,165.4
2024-01-08T11:49:00+00:00,1986.174,1987.091,1984.935,1985.853,94.3
2024-01-08T11:50:00+00:00,1985.853,1985.936,1985.318,1985.401,108.2
2024-01-08T11:51:00+00:00,1985.401,1985.661,1984.789,1985.049,151.4
2024-01-08T11:52:00+00:00,1985.049,1985.588,1983.972,1984.511,103.7
2024-01-08T11:53:00+00:00,1984.511,1984.758,1983.849,1984.095,136.9
2024-01-08T11:54:00+00:00,1984.095,1984.333,1983.459,1983.696,64.8
2024-01-08T11:55:00+00:00,1983.696,1984.028,1983.007,1983.338,112.3
2024-01-08T11:56:00+00:00,1983.338,1983.517,1982.668,1982.847,147.5
2024-01-08T11:57:00+00:00,1982.847,1983.349,1982.301,1982.803,109.6
2024-01-08T11:58:00+00:00,1982.803,1983.155,1982.561,1982.913,175.6
2024-01-08T11:59:00+00:00,1982.913,1983.083,1982.617,1982.787,118.9
2024-01-08T12:00:00+00:00,1982.787,1983.457,1982.502,1983.172,159.2
2024-01-08T12:01:00+00:00,1983.172,1983.421,1981.922,1982.171,99.7
2024-01-08T12:02:00+00:00,1982.171,1982.515,1981.949,1982.293,84.5
2024-01-08T12:03:00+00:00,1982.293,1982.403,1982.113,1982.223,137.6
2024-01-08T12:04:00+00:00,1982.223,1982.521,1981.559,1981.857,62.3
2024-01-08T12:05:00+00:00,1981.857,1982.803,1981.759,1982.705,113.3
2024-01-08T12:06:00+00:00,1982.705,1982.987,1981.858,1982.140,104.0
2024-01-08T12:07:00+00:00,1982.140,1982.863,1981.877,1982.600,120.6
2024-01-08T12:08:00+00:00,1982.600,1983.140,1982.272,1982.812,110.2
2024-01-08T12:09:00+00:00,1982.812,1983.179,1982.200,1982.567,120.5
2024-01-08T12:10:00+00:00,1982.567,1982.976,1982.063,1982.472,19.4
2024-01-08T12:11:00+00:00,1982.472,1982.752,1981.913,1982.192,106.1
2024-01-08T12:12:00+00:00,1982.192,1982.446,1982.042,1982.295,120.8
2024-01-08T12:13:00+00:00,1982.295,1982.468,1981.909,1982.083,130.8
2024-01-08T12:14:00+00:00,1982.083,1982.199,1981.276,1981.392,78.8
2024-01-08T12:15:00+00:00,1981.392,1981.478,1980.844,1980.931,121.8
2024-01-08T12:16:00+00:00,1980.931,1981.200,1980.654,1980.923,114.0
2024-01-08T12:17:00+00:00,1980.923,1981.068,1980.410,1980.555,140.7
2024-01-08T12:18:00+00:00,1980.555,1981.487,1980.189,1981.121,95.8
2024-01-08T12:19:00+00:00,1981.121,1981.405,1980.626,1980.911,129.2
2024-01-08T12:20:00+00:00,1980.911,1981.781,1980.684,1981.554,54.0
2024-01-08T12:21:00+00:00,1981.554,1981.927,1980.690,1981.063,135.5
2024-01-08T12:22:00+00:00,1981.063,1981.188,1980.887,1981.012,173.4
2024-01-08T12:23:00+00:00,1981.012,1981.274,1980.408,1980.670,179.0
2024-01-08T12:24:00+00:00,1980.670,1980.982,1980.426,1980.737,59.1
2024-01-08T12:25:00+00:00,1980.737,1981.399,1979.490,1980.151,122.1
2024-01-08T12:26:00+00:00,1980.151,1980.449,1979.814,1980.112,115.8
2024-01-08T12:27:00+00:00,1980.112,1980.348,1979.580,1979.815,177.0
2024-01-08T12:28:00+00:00,1979.815,1979.908,1979.049,1979.142,120.8
2024-01-08T12:29:00+00:00,1979.142,1979.453,1978.991,1979.302,135.0
2024-01-08T12:30:00+00:00,1979.302,1979.618,1979.215,1979.531,106.3
2024-01-08T12:31:00+00:00,1979.531,1979.823,1979.118,1979.409,113.8
2024-01-08T12:32:00+00:00,1979.409,1979.512,1979.144,1979.246,160.1
2024-01-08T12:33:00+00:00,1979.246,1979.807,1979.085,1979.646,138.1
2024-01-08T12:34:00+00:00,1979.646,1979.931,1979.406,1979.691,120.6
2024-01-08T12:35:00+00:00,1979.691,1979.892,1979.524,1979.725,96.5
2024-01-08T12:36:00+00:00,1979.725,1980.345,1979.350,1979.970,139.9
2024-01-08T12:37:00+00:00,1979.970,1980.179,1979.854,1980.063,106.5
2024-01-08T12:38:00+00:00,1980.063,1980.278,1979.162,1979.378,126.0
2024-01-08T12:39:00+00:00,1979.378,1979.669,1978.831,1979.122,158.3
2024-01-08T12:40:00+00:00,1979.122,1979.613,1977.939,1978.429,139.2
2024-01-08T12:41:00+00:00,1978.429,1979.426,1978.200,1979.196,119.3
2024-01-08T12:42:00+00:00,1979.196,1979.285,1978.867,1978.956,113.7
2024-01-08T12:43:00+00:00,1978.956,1979.275,1978.312,1978.631,96.5
2024-01-08T12:44:00+00:00,1978.631,1978.820,1978.201,1978.389,103.9
2024-01-08T12:45:00+00:00,1978.389,1978.528,1978.034,1978.173,109.0
2024-01-08T12:46:00+00:00,1978.173,1978.248,1977.596,1977.671,113.4
2024-01-08T12:47:00+00:00,1977.671,1978.527,1977.347,1978.203,149.1
2024-01-08T12:48:00+00:00,1978.203,1978.342,1977.723,1977.861,110.2
2024-01-08T12:49:00+00:00,1977.861,1978.156,1977.596,1977.890,172.5
2024-01-08T12:50:00+00:00,1977.890,1978.272,1977.218,1977.600,149.9
2024-01-08T12:51:00+00:00,1977.600,1978.057,1977.360,1977.817,147.0
2024-01-08T12:52:00+00:00,1977.817,1977.955,1977.573,1977.712,111.9
2024-01-08T12:53:00+00:00,1977.712,1978.205,1977.383,1977.876,153.9
2024-01-08T12:54:00+00:00,1977.876,1978.175,1977.436,1977.735,163.6
2024-01-08T12:55:00+00:00,1977.735,1978.153,1976.921,1977.339,79.9
2024-01-08T12:56:00+00:00,1977.339,1977.657,1977.140,1977.459,164.5
2024-01-08T12:57:00+00:00,1977.459,1977.657,1977.289,1977.486,96.1
2024-01-08T12:58:00+00:00,1977.486,1977.728,1976.737,1976.978,112.9
2024-01-08T12:59:00+00:00,1976.978,1977.161,1976.473,1976.656,97.1
2024-01-08T13:00:00+00:00,1976.656,1976.821,1976.267,1976.432,169.6
2024-01-08T13:01:00+00:00,1976.432,1976.962,1976.342,1976.872,72.9
2024-01-08T13:02:00+00:00,1976.872,1976.965,1976.804,1976.897,130.5
2024-01-08T13:03:00+00:00,1976.897,1977.153,1976.767,1977.023,147.8
2024-01-08T13:04:00+00:00,1977.023,1977.345,1976.920,1977.243,107.8
2024-01-08T13:05:00+00:00,1977.243,1977.466,1976.778,1977.001,87.0
2024-01-08T13:06:00+00:00,1977.001,1977.239,1976.635,1976.872,78.2
2024-01-08T13:07:00+00:00,1976.872,1977.066,1976.816,1977.010,121.1
2024-01-08T13:08:00+00:00,1977.010,1977.665,1976.586,1977.242,118.0
2024-01-08T13:09:00+00:00,1977.242,1977.526,1976.983,1977.268,87.5
2024-01-08T13:10:00+00:00,1977.268,1977.549,1977.163,1977.444,160.7
2024-01-08T13:11:00+00:00,1977.444,1977.955,1977.257,1977.768,184.5
2024-01-08T13:12:00+00:00,1977.768,1977.924,1977.536,1977.692,109.8
2024-01-08T13:13:00+00:00,1977.692,1977.749,1977.230,1977.287,63.6
2024-01-08T13:14:00+00:00,1977.287,1977.444,1977.025,1977.182,149.7
2024-01-08T13:15:00+00:00,1977.182,1977.579,1976.587,1976.984,100.5
2024-01-08T13:16:00+00:00,1976.984,1977.503,1976.341,1976.861,97.2
2024-01-08T13:17:00+00:00,1976.861,1977.275,1976.092,1976.507,135.5
2024-01-08T13:18:00+00:00,1976.507,1976.687,1975.873,1976.053,134.1
2024-01-08T13:19:00+00:00,1976.053,1976.108,1975.840,1975.896,111.1
2024-01-08T13:20:00+00:00,1975.896,1976.379,1975.151,1975.633,117.3
2024-01-08T13:21:00+00:00,1975.633,1976.395,1975.234,1975.995,111.8
2024-01-08T13:22:00+00:00,1975.995,1976.097,1975.561,1975.662,146.3
2024-01-08T13:23:00+00:00,1975.662,1975.897,1975.470,1975.705,130.6
2024-01-08T13:24:00+00:00,1975.705,1975.880,1975.380,1975.556,108.1
2024-01-08T13:25:00+00:00,1975.556,1975.620,1974.912,1974.976,142.3
2024-01-08T13:26:00+00:00,1974.976,1975.052,1974.443,1974.519,145.7
2024-01-08T13:27:00+00:00,1974.519,1974.728,1974.105,1974.313,179.4
2024-01-08T13:28:00+00:00,1974.313,1974.818,1974.013,1974.518,92.4
2024-01-08T13:29:00+00:00,1974.518,1975.450,1974.065,1974.996,104.9
2024-01-08T13:30:00+00:00,1974.996,1975.543,1974.622,1975.170,92.8
2024-01-08T13:31:00+00:00,1975.170,1975.267,1974.767,1974.865,63.7
2024-01-08T13:32:00+00:00,1974.865,1975.190,1974.679,1975.004,106.9
2024-01-08T13:33:00+00:00,1975.004,1975.346,1974.765,1975.108,129.0
2024-01-08T13:34:00+00:00,1975.108,1975.624,1974.690,1975.206,106.1
2024-01-08T13:35:00+00:00,1975.206,1975.383,1975.006,1975.182,150.1
2024-01-08T13:36:00+00:00,1975.182,1975.347,1974.800,1974.965,124.0
2024-01-08T13:37:00+00:00,1974.965,1975.431,1974.443,1974.909,117.5
2024-01-08T13:38:00+00:00,1974.909,1975.560,1974.659,1975.310,158.3
2024-01-08T13:39:00+00:00,1975.310,1975.585,1974.901,1975.175,142.0
2024-01-08T13:40:00+00:00,1975.175,1975.290,1974.773,1974.888,116.3
2024-01-08T13:41:00+00:00,1974.888,1975.253,1974.433,1974.797,99.1
2024-01-08T13:42:00+00:00,1974.797,1975.268,1973.679,1974.149,106.9
2024-01-08T13:43:00+00:00,1974.149,1974.203,1973.799,1973.852,136.4
2024-01-08T13:44:00+00:00,1973.852,1974.493,1973.728,1974.369,133.4
2024-01-08T13:45:00+00:00,1974.369,1974.559,1973.852,1974.042,159.3
2024-01-08T13:46:00+00:00,1974.042,1974.937,1973.520,1974.416,145.8
2024-01-08T13:47:00+00:00,1974.416,1975.121,1974.166,1974.872,76.8
2024-01-08T13:48:00+00:00,1974.872,1975.063,1974.498,1974.690,132.0
2024-01-08T13:49:00+00:00,1974.690,1974.954,1974.073,1974.338,147.9
2024-01-08T13:50:00+00:00,1974.338,1974.733,1973.414,1973.809,120.6
2024-01-08T13:51:00+00:00,1973.809,1974.204,1973.438,1973.833,102.8
2024-01-08T13:52:00+00:00,1973.833,1974.391,1973.429,1973.987,179.8
2024-01-08T13:53:00+00:00,1973.987,1974.331,1973.092,1973.436,121.2
2024-01-08T13:54:00+00:00,1973.436,1973.747,1973.210,1973.521,109.3
2024-01-08T13:55:00+00:00,1973.521,1973.627,1973.267,1973.373,103.4
2024-01-08T13:56:00+00:00,1973.373,1973.654,1972.147,1972.428,127.2
2024-01-08T13:57:00+00:00,1972.428,1972.629,1972.203,1972.405,127.2
2024-01-08T13:58:00+00:00,1972.405,1972.473,1972.255,1972.323,151.9
2024-01-08T13:59:00+00:00,1972.323,1972.434,1971.557,1971.667,89.3
2024-01-08T14:00:00+00:00,1971.667,1972.077,1971.074,1971.484,88.8
2024-01-08T14:01:00+00:00,1971.484,1971.676,1971.182,1971.374,147.4
2024-01-08T14:02:00+00:00,1971.374,1971.828,1970.515,1970.969,134.8
2024-01-08T14:03:00+00:00,1970.969,1971.095,1970.647,1970.774,151.1
2024-01-08T14:04:00+00:00,1970.774,1970.913,1970.260,1970.400,124.3
2024-01-08T14:05:00+00:00,1970.400,1970.638,1970.226,1970.463,149.8
2024-01-08T14:06:00+00:00,1970.463,1971.290,1970.315,1971.142,173.9
2024-01-08T14:07:00+00:00,1971.142,1971.530,1969.970,1970.358,110.1
2024-01-08T14:08:00+00:00,1970.358,1970.490,1970.198,1970.330,101.7
2024-01-08T14:09:00+00:00,1970.330,1970.475,1969.681,1969.826,157.3
2024-01-08T14:10:00+00:00,1969.826,1970.269,1969.693,1970.136,104.8
2024-01-08T14:11:00+00:00,1970.136,1970.474,1969.488,1969.826,172.0
2024-01-08T14:12:00+00:00,1969.826,1970.054,1969.748,1969.976,105.8
2024-01-08T14:13:00+00:00,1969.976,1970.342,1969.193,1969.560,142.5
2024-01-08T14:14:00+00:00,1969.560,1969.847,1968.879,1969.167,88.1
2024-01-08T14:15:00+00:00,1969.167,1969.591,1968.886,1969.310,108.1
2024-01-08T14:16:00+00:00,1969.310,1969.559,1969.157,1969.405,149.1
2024-01-08T14:17:00+00:00,1969.405,1969.834,1968.623,1969.052,158.7
2024-01-08T14:18:00+00:00,1969.052,1969.214,1968.816,1968.978,97.6
2024-01-08T14:19:00+00:00,1968.978,1969.345,1968.489,1968.856,122.6
2024-01-08T14:20:00+00:00,1968.856,1969.228,1968.480,1968.852,147.3
2024-01-08T14:21:00+00:00,1968.852,1969.193,1968.716,1969.056,113.5
2024-01-08T14:22:00+00:00,1969.056,1969.160,1968.769,1968.872,64.4
2024-01-08T14:23:00+00:00,1968.872,1969.488,1968.446,1969.062,105.2
2024-01-08T14:24:00+00:00,1969.062,1969.235,1968.827,1969.001,167.9
2024-01-08T14:25:00+00:00,1969.001,1969.428,1968.472,1968.899,153.8
2024-01-08T14:26:00+00:00,1968.899,1969.046,1968.518,1968.665,157.4
2024-01-08T14:27:00+00:00,1968.665,1968.736,1968.414,1968.485,103.9
2024-01-08T14:28:00+00:00,1968.485,1968.620,1968.303,1968.438,122.4
2024-01-08T14:29:00+00:00,1968.438,1969.092,1968.053,1968.708,123.8
2024-01-08T14:30:00+00:00,1968.708,1968.965,1968.452,1968.709,111.6
2024-01-08T14:31:00+00:00,1968.709,1969.026,1967.972,1968.288,93.1
2024-01-08T14:32:00+00:00,1968.288,1968.817,1968.006,1968.535,172.7
2024-01-08T14:33:00+00:00,1968.535,1968.789,1967.866,1968.120,163.2
2024-01-08T14:34:00+00:00,1968.120,1968.526,1967.326,1967.732,96.3
2024-01-08T14:35:00+00:00,1967.732,1967.956,1966.852,1967.076,140.2
2024-01-08T14:36:00+00:00,1967.076,1967.732,1966.288,1966.944,118.4
2024-01-08T14:37:00+00:00,1966.944,1967.085,1966.637,1966.778,111.7
2024-01-08T14:38:00+00:00,1966.778,1966.964,1965.928,1966.114,171.8
2024-01-08T14:39:00+00:00,1966.114,1966.709,1965.977,1966.572,99.5
2024-01-08T14:40:00+00:00,1966.572,1966.948,1966.267,1966.643,140.8
2024-01-08T14:41:00+00:00,1966.643,1966.732,1966.101,1966.189,124.0
2024-01-08T14:42:00+00:00,1966.189,1966.949,1965.852,1966.612,135.1
2024-01-08T14:43:00+00:00,1966.612,1967.106,1966.467,1966.961,164.3
2024-01-08T14:44:00+00:00,1966.961,1967.106,1966.613,1966.758,146.4
2024-01-08T14:45:00+00:00,1966.758,1966.976,1966.173,1966.392,69.4
2024-01-08T14:46:00+00:00,1966.392,1966.455,1966.325,1966.389,110.6
2024-01-08T14:47:00+00:00,1966.389,1967.056,1965.831,1966.498,119.3
2024-01-08T14:48:00+00:00,1966.498,1966.612,1966.356,1966.469,142.9
2024-01-08T14:49:00+00:00,1966.469,1967.158,1966.312,1967.001,92.9
2024-01-08T14:50:00+00:00,1967.001,1967.073,1966.669,1966.741,136.9
2024-01-08T14:51:00+00:00,1966.741,1967.031,1966.106,1966.396,90.5
2024-01-08T14:52:00+00:00,1966.396,1966.771,1966.243,1966.618,133.4
2024-01-08T14:53:00+00:00,1966.618,1967.401,1966.505,1967.288,115.2
2024-01-08T14:54:00+00:00,1967.288,1967.650,1967.031,1967.393,81.4
2024-01-08T14:55:00+00:00,1967.393,1967.660,1967.165,1967.432,138.2
2024-01-08T14:56:00+00:00,1967.432,1967.900,1967.369,1967.838,116.9
2024-01-08T14:57:00+00:00,1967.838,1968.606,1967.079,1967.847,142.2
2024-01-08T14:58:00+00:00,1967.847,1968.072,1967.757,1967.982,108.6
2024-01-08T14:59:00+00:00,1967.982,1968.075,1967.592,1967.685,154.9
2024-01-08T15:00:00+00:00,1967.685,1968.058,1967.225,1967.599,45.9
2024-01-08T15:01:00+00:00,1967.599,1967.715,1967.277,1967.393,119.6
2024-01-08T15:02:00+00:00,1967.393,1967.603,1966.575,1966.785,156.0
2024-01-08T15:03:00+00:00,1966.785,1967.072,1966.013,1966.301,88.4
2024-01-08T15:04:00+00:00,1966.301,1966.505,1965.861,1966.066,137.1
2024-01-08T15:05:00+00:00,1966.066,1966.466,1964.934,1965.334,102.9
2024-01-08T15:06:00+00:00,1965.334,1965.784,1964.638,1965.088,117.6
2024-01-08T15:07:00+00:00,1965.088,1965.291,1964.420,1964.623,99.1
2024-01-08T15:08:00+00:00,1964.623,1964.753,1964.106,1964.236,145.3
2024-01-08T15:09:00+00:00,1964.236,1964.688,1963.855,1964.307,200.3
2024-01-08T15:10:00+00:00,1964.307,1964.385,1963.850,1963.927,120.9
2024-01-08T15:11:00+00:00,1963.927,1964.266,1963.799,1964.137,133.1
2024-01-08T15:12:00+00:00,1964.137,1964.872,1964.064,1964.799,88.8
2024-01-08T15:13:00+00:00,1964.799,1965.107,1964.556,1964.864,109.3
2024-01-08T15:14:00+00:00,1964.864,1965.013,1964.733,1964.882,111.8
2024-01-08T15:15:00+00:00,1964.882,1965.219,1964.786,1965.123,82.4
2024-01-08T15:16:00+00:00,1965.123,1965.512,1964.986,1965.374,154.9
2024-01-08T15:17:00+00:00,1965.374,1965.562,1964.923,1965.111,129.1
2024-01-08T15:18:00+00:00,1965.111,1965.519,1963.753,1964.162,87.8
2024-01-08T15:19:00+00:00,1964.162,1965.095,1963.659,1964.592,146.3
2024-01-08T15:20:00+00:00,1964.592,1965.086,1964.423,1964.917,139.4
2024-01-08T15:21:00+00:00,1964.917,1964.969,1964.656,1964.709,126.5
2024-01-08T15:22:00+00:00,1964.709,1965.029,1964.489,1964.809,114.0
2024-01-08T15:23:00+00:00,1964.809,1964.994,1964.348,1964.533,131.8
2024-01-08T15:24:00+00:00,1964.533,1964.884,1963.583,1963.934,108.1
2024-01-08T15:25:00+00:00,1963.934,1964.049,1963.594,1963.709,43.3
2024-01-08T15:26:00+00:00,1963.709,1963.819,1963.444,1963.555,142.4
2024-01-08T15:27:00+00:00,1963.555,1963.678,1962.727,1962.850,133.7
2024-01-08T15:28:00+00:00,1962.850,1963.313,1962.513,1962.976,150.4
2024-01-08T15:29:00+00:00,1962.976,1963.179,1962.383,1962.585,110.3
2024-01-08T15:30:00+00:00,1962.585,1963.004,1961.859,1962.278,101.9
2024-01-08T15:31:00+00:00,1962.278,1962.426,1961.805,1961.953,95.4
2024-01-08T15:32:00+00:00,1961.953,1962.396,1961.812,1962.255,160.4
2024-01-08T15:33:00+00:00,1962.255,1962.554,1962.057,1962.356,150.2
2024-01-08T15:34:00+00:00,1962.356,1962.518,1961.939,1962.100,115.2
2024-01-08T15:35:00+00:00,1962.100,1962.437,1961.740,1962.077,102.5
2024-01-08T15:36:00+00:00,1962.077,1962.217,1962.020,1962.160,83.7
2024-01-08T15:37:00+00:00,1962.160,1962.263,1961.653,1961.756,131.7
2024-01-08T15:38:00+00:00,1961.756,1961.995,1961.591,1961.829,121.4
2024-01-08T15:39:00+00:00,1961.829,1961.982,1961.491,1961.644,91.0
2024-01-08T15:40:00+00:00,1961.644,1961.774,1961.027,1961.157,78.7
2024-01-08T15:41:00+00:00,1961.157,1961.387,1960.720,1960.950,104.0
2024-01-08T15:42:00+00:00,1960.950,1961.193,1960.658,1960.901,107.8
2024-01-08T15:43:00+00:00,1960.901,1960.986,1960.206,1960.291,94.5
2024-01-08T15:44:00+00:00,1960.291,1961.126,1959.560,1960.395,96.8
2024-01-08T15:45:00+00:00,1960.395,1961.083,1959.757,1960.444,109.6
2024-01-08T15:46:00+00:00,1960.444,1960.519,1960.369,1960.444,76.7
2024-01-08T15:47:00+00:00,1960.444,1960.575,1960.358,1960.490,91.9
2024-01-08T15:48:00+00:00,1960.490,1960.771,1960.428,1960.709,120.5
2024-01-08T15:49:00+00:00,1960.709,1960.891,1960.344,1960.526,122.8
2024-01-08T15:50:00+00:00,1960.526,1961.038,1960.367,1960.879,102.1
2024-01-08T15:51:00+00:00,1960.879,1961.151,1960.501,1960.773,109.4
2024-01-08T15:52:00+00:00,1960.773,1961.048,1960.597,1960.872,114.8
2024-01-08T15:53:00+00:00,1960.872,1960.953,1959.972,1960.054,126.2
2024-01-08T15:54:00+00:00,1960.054,1960.303,1959.821,1960.070,155.1
2024-01-08T15:55:00+00:00,1960.070,1960.270,1959.794,1959.994,99.2
2024-01-08T15:56:00+00:00,1959.994,1960.400,1959.681,1960.086,91.0
2024-01-08T15:57:00+00:00,1960.086,1961.100,1959.719,1960.734,150.6
2024-01-08T15:58:00+00:00,1960.734,1961.360,1960.540,1961.166,71.1
2024-01-08T15:59:00+00:00,1961.166,1961.891,1960.817,1961.542,134.2
2024-01-08T16:00:00+00:00,1961.542,1961.892,1960.500,1960.850,159.6
2024-01-08T16:01:00+00:00,1960.850,1960.931,1960.574,1960.655,142.6
2024-01-08T16:02:00+00:00,1960.655,1960.971,1960.282,1960.598,122.4
2024-01-08T16:03:00+00:00,1960.598,1960.874,1960.527,1960.804,77.0
2024-01-08T16:04:00+00:00,1960.804,1961.621,1959.621,1960.438,128.1
2024-01-08T16:05:00+00:00,1960.438,1961.181,1960.113,1960.855,169.8
2024-01-08T16:06:00+00:00,1960.855,1961.209,1960.660,1961.015,120.5
2024-01-08T16:07:00+00:00,1961.015,1961.111,1960.241,1960.336,146.4
2024-01-08T16:08:00+00:00,1960.336,1960.434,1959.477,1959.575,144.0
2024-01-08T16:09:00+00:00,1959.575,1960.273,1959.300,1959.998,101.0
2024-01-08T16:10:00+00:00,1959.998,1960.295,1959.037,1959.334,135.5
2024-01-08T16:11:00+00:00,1959.334,1960.338,1959.006,1960.010,160.1
2024-01-08T16:12:00+00:00,1960.010,1960.298,1959.840,1960.128,183.9
2024-01-08T16:13:00+00:00,1960.128,1960.194,1959.178,1959.244,126.4
2024-01-08T16:14:00+00:00,1959.244,1960.428,1958.758,1959.941,186.0
2024-01-08T16:15:00+00:00,1959.941,1960.248,1959.653,1959.960,159.8
2024-01-08T16:16:00+00:00,1959.960,1960.245,1959.823,1960.108,114.7
2024-01-08T16:17:00+00:00,1960.108,1960.456,1959.594,1959.942,176.8
2024-01-08T16:18:00+00:00,1959.942,1960.497,1959.208,1959.764,127.7
2024-01-08T16:19:00+00:00,1959.764,1959.857,1959.633,1959.726,172.9
2024-01-08T16:20:00+00:00,1959.726,1959.840,1959.549,1959.663,98.2
2024-01-08T16:21:00+00:00,1959.663,1959.820,1959.472,1959.629,126.0
2024-01-08T16:22:00+00:00,1959.629,1960.811,1959.483,1960.666,95.0
2024-01-08T16:23:00+00:00,1960.666,1961.557,1960.406,1961.296,143.8
2024-01-08T16:24:00+00:00,1961.296,1961.763,1961.047,1961.514,139.7
2024-01-08T16:25:00+00:00,1961.514,1962.262,1961.219,1961.967,159.4
2024-01-08T16:26:00+00:00,1961.967,1962.018,1961.720,1961.770,98.7
2024-01-08T16:27:00+00:00,1961.770,1962.322,1961.518,1962.070,106.4
2024-01-08T16:28:00+00:00,1962.070,1962.932,1961.381,1962.243,156.1
2024-01-08T16:29:00+00:00,1962.243,1962.315,1961.764,1961.836,138.5
2024-01-08T16:30:00+00:00,1961.836,1961.980,1961.654,1961.798,154.5
2024-01-08T16:31:00+00:00,1961.798,1962.200,1961.481,1961.883,140.9
2024-01-08T16:32:00+00:00,1961.883,1961.961,1961.746,1961.824,103.5
2024-01-08T16:33:00+00:00,1961.824,1962.177,1960.972,1961.326,109.7
2024-01-08T16:34:00+00:00,1961.326,1962.037,1960.224,1960.935,153.5
2024-01-08T16:35:00+00:00,1960.935,1961.161,1960.286,1960.513,135.5
2024-01-08T16:36:00+00:00,1960.513,1960.889,1959.288,1959.664,97.5
2024-01-08T16:37:00+00:00,1959.664,1960.030,1959.497,1959.863,128.9
2024-01-08T16:38:00+00:00,1959.863,1959.922,1959.813,1959.872,66.6
2024-01-08T16:39:00+00:00,1959.872,1959.932,1959.284,1959.344,161.2
2024-01-08T16:40:00+00:00,1959.344,1959.524,1958.952,1959.132,124.7
2024-01-08T16:41:00+00:00,1959.132,1959.561,1958.840,1959.270,76.2
2024-01-08T16:42:00+00:00,1959.270,1959.429,1959.176,1959.336,110.9
2024-01-08T16:43:00+00:00,1959.336,1959.578,1958.777,1959.018,89.9
2024-01-08T16:44:00+00:00,1959.018,1959.679,1957.955,1958.617,169.7
2024-01-08T16:45:00+00:00,1958.617,1958.847,1958.362,1958.593,91.5
2024-01-08T16:46:00+00:00,1958.593,1959.087,1957.123,1957.617,124.1
2024-01-08T16:47:00+00:00,1957.617,1958.141,1957.557,1958.080,90.7
2024-01-08T16:48:00+00:00,1958.080,1958.373,1957.677,1957.970,79.2
2024-01-08T16:49:00+00:00,1957.970,1958.118,1957.716,1957.864,96.3
2024-01-08T16:50:00+00:00,1957.864,1958.140,1957.257,1957.534,126.9
2024-01-08T16:51:00+00:00,1957.534,1958.082,1957.432,1957.981,185.4
2024-01-08T16:52:00+00:00,1957.981,1958.098,1957.284,1957.401,86.2
2024-01-08T16:53:00+00:00,1957.401,1957.476,1957.243,1957.318,136.3
2024-01-08T16:54:00+00:00,1957.318,1957.861,1957.133,1957.675,83.7
2024-01-08T16:55:00+00:00,1957.675,1957.797,1957.461,1957.583,99.6
2024-01-08T16:56:00+00:00,1957.583,1958.319,1957.123,1957.859,78.4
2024-01-08T16:57:00+00:00,1957.859,1958.252,1957.561,1957.954,63.8
2024-01-08T16:58:00+00:00,1957.954,1958.100,1957.849,1957.996,78.4
2024-01-08T16:59:00+00:00,1957.996,1958.518,1957.893,1958.416,106.0
2024-01-08T17:00:00+00:00,1958.416,1958.744,1958.209,1958.538,142.5
2024-01-08T17:01:00+00:00,1958.538,1958.856,1958.388,1958.707,85.6
2024-01-08T17:02:00+00:00,1958.707,1958.788,1958.452,1958.534,39.1
2024-01-08T17:03:00+00:00,1958.534,1959.374,1958.391,1959.231,89.2
2024-01-08T17:04:00+00:00,1959.231,1959.342,1958.471,1958.581,120.9
2024-01-08T17:05:00+00:00,1958.581,1958.733,1958.201,1958.353,94.0
2024-01-08T17:06:00+00:00,1958.353,1958.426,1957.993,1958.067,101.2
2024-01-08T17:07:00+00:00,1958.067,1958.353,1957.982,1958.269,123.9
2024-01-08T17:08:00+00:00,1958.269,1958.737,1957.909,1958.377,137.6
2024-01-08T17:09:00+00:00,1958.377,1958.514,1958.287,1958.424,96.4
2024-01-08T17:10:00+00:00,1958.424,1958.641,1958.061,1958.277,126.6
2024-01-08T17:11:00+00:00,1958.277,1958.652,1957.740,1958.114,75.2
2024-01-08T17:12:00+00:00,1958.114,1958.494,1957.814,1958.194,130.9
2024-01-08T17:13:00+00:00,1958.194,1958.295,1957.592,1957.694,126.5
2024-01-08T17:14:00+00:00,1957.694,1957.829,1957.216,1957.350,114.1
2024-01-08T17:15:00+00:00,1957.350,1957.703,1956.682,1957.034,143.7
2024-01-08T17:16:00+00:00,1957.034,1957.391,1956.768,1957.125,90.4
2024-01-08T17:17:00+00:00,1957.125,1957.592,1956.930,1957.397,111.1
2024-01-08T17:18:00+00:00,1957.397,1958.029,1957.276,1957.909,89.1
2024-01-08T17:19:00+00:00,1957.909,1958.345,1957.813,1958.249,130.1
2024-01-08T17:20:00+00:00,1958.249,1958.543,1957.937,1958.231,85.3
2024-01-08T17:21:00+00:00,1958.231,1958.623,1957.740,1958.132,90.7
2024-01-08T17:22:00+00:00,1958.132,1958.667,1958.029,1958.564,87.5
2024-01-08T17:23:00+00:00,1958.564,1958.810,1958.375,1958.622,93.7
2024-01-08T17:24:00+00:00,1958.622,1958.759,1957.727,1957.864,87.6
2024-01-08T17:25:00+00:00,1957.864,1958.497,1957.349,1957.982,115.9
2024-01-08T17:26:00+00:00,1957.982,1958.392,1957.263,1957.674,113.0
2024-01-08T17:27:00+00:00,1957.674,1957.885,1957.488,1957.699,85.5
2024-01-08T17:28:00+00:00,1957.699,1958.214,1957.224,1957.739,135.6
2024-01-08T17:29:00+00:00,1957.739,1958.331,1957.281,1957.873,145.8
2024-01-08T17:30:00+00:00,1957.873,1958.075,1957.759,1957.961,120.8
2024-01-08T17:31:00+00:00,1957.961,1958.367,1957.071,1957.477,135.4
2024-01-08T17:32:00+00:00,1957.477,1957.805,1957.018,1957.346,163.3
2024-01-08T17:33:00+00:00,1957.346,1957.832,1957.008,1957.494,139.6
2024-01-08T17:34:00+00:00,1957.494,1958.161,1957.439,1958.106,131.7
2024-01-08T17:35:00+00:00,1958.106,1958.309,1957.728,1957.931,151.3
2024-01-08T17:36:00+00:00,1957.931,1959.023,1957.853,1958.945,116.4
2024-01-08T17:37:00+00:00,1958.945,1959.305,1958.821,1959.181,141.2
2024-01-08T17:38:00+00:00,1959.181,1959.726,1958.884,1959.429,88.8
2024-01-08T17:39:00+00:00,1959.429,1959.681,1959.118,1959.370,128.1
2024-01-08T17:40:00+00:00,1959.370,1960.142,1958.986,1959.758,134.4
2024-01-08T17:41:00+00:00,1959.758,1959.832,1959.439,1959.513,129.4
2024-01-08T17:42:00+00:00,1959.513,1959.618,1959.044,1959.150,86.1
2024-01-08T17:43:00+00:00,1959.150,1959.462,1958.893,1959.206,105.6
2024-01-08T17:44:00+00:00,1959.206,1959.455,1958.998,1959.247,153.4
2024-01-08T17:45:00+00:00,1959.247,1959.503,1958.740,1958.996,128.2
2024-01-08T17:46:00+00:00,1958.996,1959.099,1958.508,1958.611,95.7
2024-01-08T17:47:00+00:00,1958.611,1958.727,1958.339,1958.454,172.9
2024-01-08T17:48:00+00:00,1958.454,1958.885,1957.848,1958.278,133.0
2024-01-08T17:49:00+00:00,1958.278,1958.889,1957.190,1957.801,139.7
2024-01-08T17:50:00+00:00,1957.801,1958.025,1956.867,1957.092,149.9
2024-01-08T17:51:00+00:00,1957.092,1957.291,1956.991,1957.190,112.7
2024-01-08T17:52:00+00:00,1957.190,1957.367,1957.067,1957.244,104.4
2024-01-08T17:53:00+00:00,1957.244,1957.577,1956.751,1957.085,102.0
2024-01-08T17:54:00+00:00,1957.085,1957.508,1956.756,1957.180,99.3
2024-01-08T17:55:00+00:00,1957.180,1957.278,1956.582,1956.680,139.8
2024-01-08T17:56:00+00:00,1956.680,1956.919,1956.511,1956.750,137.8
2024-01-08T17:57:00+00:00,1956.750,1956.890,1956.458,1956.599,127.9
2024-01-08T17:58:00+00:00,1956.599,1957.398,1955.949,1956.748,82.2
2024-01-08T17:59:00+00:00,1956.748,1957.053,1956.672,1956.977,185.1
2024-01-08T18:00:00+00:00,1956.977,1957.160,1956.681,1956.864,163.4
2024-01-08T18:01:00+00:00,1956.864,1957.528,1956.355,1957.019,134.8
2024-01-08T18:02:00+00:00,1957.019,1957.244,1956.691,1956.917,97.1
2024-01-08T18:03:00+00:00,1956.917,1957.101,1956.548,1956.732,113.6
2024-01-08T18:04:00+00:00,1956.732,1957.129,1956.566,1956.963,129.3
2024-01-08T18:05:00+00:00,1956.963,1957.226,1956.498,1956.761,40.0
2024-01-08T18:06:00+00:00,1956.761,1956.852,1956.567,1956.658,88.7
2024-01-08T18:07:00+00:00,1956.658,1957.071,1956.556,1956.968,157.2
2024-01-08T18:08:00+00:00,1956.968,1957.466,1956.763,1957.261,115.7
2024-01-08T18:09:00+00:00,1957.261,1957.364,1956.758,1956.861,106.7
2024-01-08T18:10:00+00:00,1956.861,1957.076,1956.699,1956.914,208.6
2024-01-08T18:11:00+00:00,1956.914,1957.247,1956.007,1956.341,106.4
2024-01-08T18:12:00+00:00,1956.341,1956.615,1955.954,1956.227,120.1
2024-01-08T18:13:00+00:00,1956.227,1956.377,1955.636,1955.786,114.3
2024-01-08T18:14:00+00:00,1955.786,1955.883,1954.961,1955.058,89.4
2024-01-08T18:15:00+00:00,1955.058,1955.225,1954.609,1954.775,128.7
2024-01-08T18:16:00+00:00,1954.775,1955.349,1954.072,1954.646,132.2
2024-01-08T18:17:00+00:00,1954.646,1954.753,1954.301,1954.408,116.5
2024-01-08T18:18:00+00:00,1954.408,1954.838,1953.202,1953.633,79.7
2024-01-08T18:19:00+00:00,1953.633,1954.395,1953.538,1954.300,112.0
2024-01-08T18:20:00+00:00,1954.300,1954.587,1953.793,1954.079,120.8
2024-01-08T18:21:00+00:00,1954.079,1954.866,1953.839,1954.626,167.6
2024-01-08T18:22:00+00:00,1954.626,1954.767,1954.416,1954.557,107.5
2024-01-08T18:23:00+00:00,1954.557,1955.024,1954.003,1954.471,103.2
2024-01-08T18:24:00+00:00,1954.471,1954.678,1953.913,1954.121,155.2
2024-01-08T18:25:00+00:00,1954.121,1954.526,1953.775,1954.180,144.8
2024-01-08T18:26:00+00:00,1954.180,1954.755,1953.888,1954.463,102.5
2024-01-08T18:27:00+00:00,1954.463,1954.833,1954.335,1954.705,104.7
2024-01-08T18:28:00+00:00,1954.705,1955.653,1954.134,1955.081,91.7
2024-01-08T18:29:00+00:00,1955.081,1955.890,1954.831,1955.640,95.5
2024-01-08T18:30:00+00:00,1955.640,1955.845,1955.500,1955.705,130.9
2024-01-08T18:31:00+00:00,1955.705,1956.065,1955.198,1955.558,120.9
2024-01-08T18:32:00+00:00,1955.558,1956.062,1955.319,1955.823,139.1
2024-01-08T18:33:00+00:00,1955.823,1956.457,1955.534,1956.168,118.8
2024-01-08T18:34:00+00:00,1956.168,1956.548,1955.878,1956.258,124.5
2024-01-08T18:35:00+00:00,1956.258,1956.490,1956.176,1956.408,180.7
2024-01-08T18:36:00+00:00,1956.408,1956.463,1955.591,1955.647,191.6
2024-01-08T18:37:00+00:00,1955.647,1956.193,1955.155,1955.702,123.9
2024-01-08T18:38:00+00:00,1955.702,1955.915,1954.981,1955.195,126.5
2024-01-08T18:39:00+00:00,1955.195,1955.911,1955.033,1955.749,139.3
2024-01-08T18:40:00+00:00,1955.749,1956.168,1955.651,1956.070,95.2
2024-01-08T18:41:00+00:00,1956.070,1956.201,1955.883,1956.014,112.0
2024-01-08T18:42:00+00:00,1956.014,1956.150,1955.630,1955.767,76.6
2024-01-08T18:43:00+00:00,1955.767,1955.839,1955.328,1955.400,109.6
2024-01-08T18:44:00+00:00,1955.400,1955.788,1955.004,1955.392,128.7
2024-01-08T18:45:00+00:00,1955.392,1955.724,1955.028,1955.360,88.9
2024-01-08T18:46:00+00:00,1955.360,1955.727,1955.100,1955.467,132.4
2024-01-08T18:47:00+00:00,1955.467,1955.549,1955.003,1955.085,117.9
2024-01-08T18:48:00+00:00,1955.085,1955.546,1954.941,1955.402,109.3
2024-01-08T18:49:00+00:00,1955.402,1955.529,1955.338,1955.466,168.8
2024-01-08T18:50:00+00:00,1955.466,1955.645,1955.182,1955.361,110.8
2024-01-08T18:51:00+00:00,1955.361,1955.610,1955.255,1955.503,140.0
2024-01-08T18:52:00+00:00,1955.503,1956.149,1954.374,1955.020,173.1
2024-01-08T18:53:00+00:00,1955.020,1955.361,1954.652,1954.993,124.5
2024-01-08T18:54:00+00:00,1954.993,1955.704,1954.406,1955.117,120.4
2024-01-08T18:55:00+00:00,1955.117,1955.277,1954.444,1954.604,159.9
2024-01-08T18:56:00+00:00,1954.604,1955.350,1954.192,1954.937,159.9
2024-01-08T18:57:00+00:00,1954.937,1955.365,1954.801,1955.228,134.5
2024-01-08T18:58:00+00:00,1955.228,1955.856,1955.099,1955.726,119.5
2024-01-08T18:59:00+00:00,1955.726,1956.054,1955.196,1955.525,57.8
2024-01-08T19:00:00+00:00,1955.525,1956.273,1955.242,1955.990,146.7
2024-01-08T19:01:00+00:00,1955.990,1956.266,1955.156,1955.431,102.7
2024-01-08T19:02:00+00:00,1955.431,1956.139,1954.991,1955.699,137.4
2024-01-08T19:03:00+00:00,1955.699,1956.048,1955.126,1955.474,111.0
2024-01-08T19:04:00+00:00,1955.474,1955.720,1955.383,1955.628,171.8
2024-01-08T19:05:00+00:00,1955.628,1955.684,1955.442,1955.498,177.3
2024-01-08T19:06:00+00:00,1955.498,1955.730,1955.283,1955.515,98.7
2024-01-08T19:07:00+00:00,1955.515,1956.170,1954.920,1955.574,123.0
2024-01-08T19:08:00+00:00,1955.574,1955.986,1954.938,1955.349,79.1
2024-01-08T19:09:00+00:00,1955.349,1955.880,1955.197,1955.727,76.2
2024-01-08T19:10:00+00:00,1955.727,1956.549,1955.510,1956.332,109.4
2024-01-08T19:11:00+00:00,1956.332,1956.733,1956.009,1956.410,73.3
2024-01-08T19:12:00+00:00,1956.410,1956.744,1955.820,1956.154,147.5
2024-01-08T19:13:00+00:00,1956.154,1956.494,1955.278,1955.618,121.0
2024-01-08T19:14:00+00:00,1955.618,1955.846,1955.556,1955.783,131.9
2024-01-08T19:15:00+00:00,1955.783,1956.052,1955.175,1955.444,99.7
2024-01-08T19:16:00+00:00,1955.444,1955.643,1955.119,1955.318,84.9
2024-01-08T19:17:00+00:00,1955.318,1956.056,1955.116,1955.853,103.0
2024-01-08T19:18:00+00:00,1955.853,1956.244,1955.699,1956.090,110.2
2024-01-08T19:19:00+00:00,1956.090,1956.380,1955.439,1955.730,73.9
2024-01-08T19:20:00+00:00,1955.730,1956.426,1955.419,1956.116,173.9
2024-01-08T19:21:00+00:00,1956.116,1956.415,1955.985,1956.285,141.9
2024-01-08T19:22:00+00:00,1956.285,1956.720,1956.173,1956.608,130.2
2024-01-08T19:23:00+00:00,1956.608,1957.794,1956.150,1957.336,79.4
2024-01-08T19:24:00+00:00,1957.336,1957.568,1956.784,1957.016,154.3
2024-01-08T19:25:00+00:00,1957.016,1957.227,1956.695,1956.906,118.6
2024-01-08T19:26:00+00:00,1956.906,1957.192,1956.726,1957.012,119.2
2024-01-08T19:27:00+00:00,1957.012,1957.339,1956.690,1957.017,184.5
2024-01-08T19:28:00+00:00,1957.017,1957.195,1956.234,1956.412,119.9
2024-01-08T19:29:00+00:00,1956.412,1957.051,1956.107,1956.746,142.5
2024-01-08T19:30:00+00:00,1956.746,1957.305,1956.467,1957.026,70.7
2024-01-08T19:31:00+00:00,1957.026,1957.939,1956.685,1957.598,92.5
2024-01-08T19:32:00+00:00,1957.598,1958.253,1957.387,1958.042,49.1
2024-01-08T19:33:00+00:00,1958.042,1958.644,1957.755,1958.356,153.7
2024-01-08T19:34:00+00:00,1958.356,1958.585,1957.908,1958.137,75.4
2024-01-08T19:35:00+00:00,1958.137,1958.432,1957.781,1958.076,100.6
2024-01-08T19:36:00+00:00,1958.076,1958.643,1956.895,1957.462,173.3
2024-01-08T19:37:00+00:00,1957.462,1957.887,1957.282,1957.708,85.0
2024-01-08T19:38:00+00:00,1957.708,1957.892,1956.985,1957.169,157.6
2024-01-08T19:39:00+00:00,1957.169,1957.220,1956.777,1956.827,112.0
2024-01-08T19:40:00+00:00,1956.827,1956.998,1956.585,1956.756,180.5
2024-01-08T19:41:00+00:00,1956.756,1957.011,1956.303,1956.558,151.5
2024-01-08T19:42:00+00:00,1956.558,1956.644,1956.393,1956.479,81.2
2024-01-08T19:43:00+00:00,1956.479,1957.039,1956.301,1956.861,101.1
2024-01-08T19:44:00+00:00,1956.861,1957.159,1956.604,1956.902,89.9
2024-01-08T19:45:00+00:00,1956.902,1957.310,1956.413,1956.821,114.1
2024-01-08T19:46:00+00:00,1956.821,1957.422,1956.417,1957.019,63.7
2024-01-08T19:47:00+00:00,1957.019,1957.799,1956.873,1957.653,75.5
2024-01-08T19:48:00+00:00,1957.653,1957.849,1957.442,1957.639,70.0
2024-01-08T19:49:00+00:00,1957.639,1957.751,1957.251,1957.363,93.3
2024-01-08T19:50:00+00:00,1957.363,1957.937,1957.081,1957.655,132.8
2024-01-08T19:51:00+00:00,1957.655,1957.716,1957.473,1957.534,101.7
2024-01-08T19:52:00+00:00,1957.534,1957.661,1957.388,1957.514,111.3
2024-01-08T19:53:00+00:00,1957.514,1958.544,1956.839,1957.868,104.2
2024-01-08T19:54:00+00:00,1957.868,1958.259,1957.620,1958.010,138.7
2024-01-08T19:55:00+00:00,1958.010,1958.176,1957.791,1957.956,149.1
2024-01-08T19:56:00+00:00,1957.956,1958.367,1957.784,1958.195,96.7
2024-01-08T19:57:00+00:00,1958.195,1958.678,1957.953,1958.436,114.6
2024-01-08T19:58:00+00:00,1958.436,1959.258,1957.862,1958.684,65.6
2024-01-08T19:59:00+00:00,1958.684,1959.251,1958.351,1958.918,80.5
2024-01-08T20:00:00+00:00,1958.918,1959.100,1958.687,1958.869,121.5
2024-01-08T20:01:00+00:00,1958.869,1959.266,1958.108,1958.506,103.9
2024-01-08T20:02:00+00:00,1958.506,1958.793,1958.255,1958.542,76.4
2024-01-08T20:03:00+00:00,1958.542,1959.421,1958.289,1959.168,115.5
2024-01-08T20:04:00+00:00,1959.168,1959.360,1958.824,1959.015,121.2
2024-01-08T20:05:00+00:00,1959.015,1959.215,1958.749,1958.948,85.6
2024-01-08T20:06:00+00:00,1958.948,1959.470,1957.958,1958.480,117.8
2024-01-08T20:07:00+00:00,1958.480,1959.110,1958.144,1958.775,136.1
2024-01-08T20:08:00+00:00,1958.775,1959.249,1958.348,1958.823,73.5
2024-01-08T20:09:00+00:00,1958.823,1959.404,1958.609,1959.190,136.5
2024-01-08T20:10:00+00:00,1959.190,1959.756,1958.099,1958.665,89.3
2024-01-08T20:11:00+00:00,1958.665,1958.754,1958.214,1958.302,90.3
2024-01-08T20:12:00+00:00,1958.302,1959.078,1958.102,1958.877,103.7
2024-01-08T20:13:00+00:00,1958.877,1959.339,1958.748,1959.209,93.9
2024-01-08T20:14:00+00:00,1959.209,1960.043,1958.693,1959.527,84.3
2024-01-08T20:15:00+00:00,1959.527,1959.838,1959.172,1959.483,63.5
2024-01-08T20:16:00+00:00,1959.483,1959.956,1959.264,1959.737,148.4
2024-01-08T20:17:00+00:00,1959.737,1960.462,1959.198,1959.924,119.2
2024-01-08T20:18:00+00:00,1959.924,1960.259,1959.403,1959.739,87.8
2024-01-08T20:19:00+00:00,1959.739,1960.163,1959.617,1960.041,177.3
2024-01-08T20:20:00+00:00,1960.041,1960.758,1959.528,1960.244,146.0
2024-01-08T20:21:00+00:00,1960.244,1960.770,1960.187,1960.713,84.7
2024-01-08T20:22:00+00:00,1960.713,1961.728,1960.344,1961.359,117.6
2024-01-08T20:23:00+00:00,1961.359,1961.713,1960.400,1960.755,70.4
2024-01-08T20:24:00+00:00,1960.755,1961.508,1960.418,1961.171,108.2
2024-01-08T20:25:00+00:00,1961.171,1961.236,1960.691,1960.755,131.1
2024-01-08T20:26:00+00:00,1960.755,1961.087,1959.950,1960.282,117.0
2024-01-08T20:27:00+00:00,1960.282,1960.637,1960.214,1960.569,133.1
2024-01-08T20:28:00+00:00,1960.569,1961.225,1959.534,1960.191,129.1
2024-01-08T20:29:00+00:00,1960.191,1960.271,1959.846,1959.926,109.0
2024-01-08T20:30:00+00:00,1959.926,1960.377,1959.688,1960.138,162.3
2024-01-08T20:31:00+00:00,1960.138,1960.377,1959.959,1960.198,138.4
2024-01-08T20:32:00+00:00,1960.198,1960.751,1960.050,1960.602,68.8
2024-01-08T20:33:00+00:00,1960.602,1961.106,1959.933,1960.437,133.8
2024-01-08T20:34:00+00:00,1960.437,1960.844,1960.273,1960.679,101.2
2024-01-08T20:35:00+00:00,1960.679,1960.887,1960.291,1960.499,154.0
2024-01-08T20:36:00+00:00,1960.499,1961.160,1960.014,1960.675,134.6
2024-01-08T20:37:00+00:00,1960.675,1961.536,1960.513,1961.374,85.3
2024-01-08T20:38:00+00:00,1961.374,1962.155,1961.241,1962.022,155.0
2024-01-08T20:39:00+00:00,1962.022,1962.279,1961.892,1962.149,125.0
2024-01-08T20:40:00+00:00,1962.149,1962.491,1961.474,1961.817,93.9
2024-01-08T20:41:00+00:00,1961.817,1962.199,1961.308,1961.691,117.0
2024-01-08T20:42:00+00:00,1961.691,1962.396,1961.143,1961.849,174.2
2024-01-08T20:43:00+00:00,1961.849,1962.153,1961.582,1961.886,113.5
2024-01-08T20:44:00+00:00,1961.886,1962.133,1961.828,1962.075,104.1
2024-01-08T20:45:00+00:00,1962.075,1962.569,1961.662,1962.156,133.0
2024-01-08T20:46:00+00:00,1962.156,1962.472,1961.796,1962.112,109.4
2024-01-08T20:47:00+00:00,1962.112,1962.575,1961.895,1962.358,134.0
2024-01-08T20:48:00+00:00,1962.358,1963.044,1961.925,1962.611,87.9
2024-01-08T20:49:00+00:00,1962.611,1962.805,1962.435,1962.629,164.3
2024-01-08T20:50:00+00:00,1962.629,1963.011,1962.393,1962.776,76.7
2024-01-08T20:51:00+00:00,1962.776,1963.235,1962.173,1962.632,111.6
2024-01-08T20:52:00+00:00,1962.632,1963.664,1962.402,1963.434,111.8
2024-01-08T20:53:00+00:00,1963.434,1963.641,1962.736,1962.942,127.8
2024-01-08T20:54:00+00:00,1962.942,1963.787,1962.852,1963.696,112.6
2024-01-08T20:55:00+00:00,1963.696,1963.767,1963.198,1963.269,148.0
2024-01-08T20:56:00+00:00,1963.269,1963.935,1962.916,1963.583,145.6
2024-01-08T20:57:00+00:00,1963.583,1963.824,1963.383,1963.625,125.1
2024-01-08T20:58:00+00:00,1963.625,1964.098,1962.751,1963.224,131.1
2024-01-08T20:59:00+00:00,1963.224,1963.369,1962.774,1962.920,128.5
2024-01-08T21:00:00+00:00,1962.920,1963.730,1962.513,1963.323,29.9
2024-01-08T21:01:00+00:00,1963.323,1964.003,1962.895,1963.575,91.9
2024-01-08T21:02:00+00:00,1963.575,1963.694,1962.873,1962.992,130.0
2024-01-08T21:03:00+00:00,1962.992,1963.497,1962.667,1963.173,106.1
2024-01-08T21:04:00+00:00,1963.173,1963.535,1962.939,1963.300,185.1
2024-01-08T21:05:00+00:00,1963.300,1963.662,1963.101,1963.462,49.9
2024-01-08T21:06:00+00:00,1963.462,1963.978,1963.380,1963.895,116.7
2024-01-08T21:07:00+00:00,1963.895,1964.127,1963.381,1963.613,66.7
2024-01-08T21:08:00+00:00,1963.613,1963.791,1963.533,1963.711,128.9
2024-01-08T21:09:00+00:00,1963.711,1964.299,1963.637,1964.225,122.8
2024-01-08T21:10:00+00:00,1964.225,1965.017,1963.790,1964.583,111.3
2024-01-08T21:11:00+00:00,1964.583,1964.954,1964.296,1964.667,96.2
2024-01-08T21:12:00+00:00,1964.667,1965.153,1964.522,1965.007,75.7
2024-01-08T21:13:00+00:00,1965.007,1965.413,1964.149,1964.555,124.2
2024-01-08T21:14:00+00:00,1964.555,1964.917,1964.325,1964.688,144.5
2024-01-08T21:15:00+00:00,1964.688,1965.003,1964.242,1964.557,144.4
2024-01-08T21:16:00+00:00,1964.557,1964.952,1964.388,1964.783,81.7
2024-01-08T21:17:00+00:00,1964.783,1965.276,1964.476,1964.970,84.5
2024-01-08T21:18:00+00:00,1964.970,1965.054,1964.825,1964.909,118.4
2024-01-08T21:19:00+00:00,1964.909,1965.208,1964.557,1964.856,125.6
2024-01-08T21:20:00+00:00,1964.856,1965.256,1964.260,1964.660,122.8
2024-01-08T21:21:00+00:00,1964.660,1965.377,1964.509,1965.227,88.3
2024-01-08T21:22:00+00:00,1965.227,1966.246,1964.751,1965.770,111.2
2024-01-08T21:23:00+00:00,1965.770,1965.873,1965.655,1965.758,208.1
2024-01-08T21:24:00+00:00,1965.758,1966.163,1965.461,1965.866,133.2
2024-01-08T21:25:00+00:00,1965.866,1966.190,1964.970,1965.294,83.2
2024-01-08T21:26:00+00:00,1965.294,1965.582,1965.217,1965.506,173.4
2024-01-08T21:27:00+00:00,1965.506,1965.633,1965.346,1965.473,122.2
2024-01-08T21:28:00+00:00,1965.473,1966.209,1964.847,1965.583,128.5
2024-01-08T21:29:00+00:00,1965.583,1966.530,1965.210,1966.157,101.9
2024-01-08T21:30:00+00:00,1966.157,1966.602,1966.012,1966.457,123.3
2024-01-08T21:31:00+00:00,1966.457,1966.629,1966.402,1966.573,106.0
2024-01-08T21:32:00+00:00,1966.573,1967.293,1966.457,1967.177,141.0
2024-01-08T21:33:00+00:00,1967.177,1968.030,1966.971,1967.824,150.7
2024-01-08T21:34:00+00:00,1967.824,1968.690,1967.502,1968.369,171.4
2024-01-08T21:35:00+00:00,1968.369,1968.907,1967.393,1967.931,120.8
2024-01-08T21:36:00+00:00,1967.931,1968.141,1967.172,1967.382,78.3
2024-01-08T21:37:00+00:00,1967.382,1967.856,1966.960,1967.435,89.9
2024-01-08T21:38:00+00:00,1967.435,1967.687,1967.345,1967.598,96.1
2024-01-08T21:39:00+00:00,1967.598,1967.673,1967.502,1967.576,122.2
2024-01-08T21:40:00+00:00,1967.576,1967.739,1967.471,1967.634,146.3
2024-01-08T21:41:00+00:00,1967.634,1967.807,1966.960,1967.133,124.0
2024-01-08T21:42:00+00:00,1967.133,1967.321,1966.864,1967.052,106.9
2024-01-08T21:43:00+00:00,1967.052,1967.546,1966.691,1967.185,114.4
2024-01-08T21:44:00+00:00,1967.185,1967.324,1967.012,1967.151,112.7
2024-01-08T21:45:00+00:00,1967.151,1967.268,1966.417,1966.534,108.7
2024-01-08T21:46:00+00:00,1966.534,1966.741,1966.185,1966.392,121.3
2024-01-08T21:47:00+00:00,1966.392,1966.986,1965.660,1966.254,68.4
2024-01-08T21:48:00+00:00,1966.254,1966.396,1966.174,1966.317,133.1
2024-01-08T21:49:00+00:00,1966.317,1966.623,1966.148,1966.454,82.1
2024-01-08T21:50:00+00:00,1966.454,1966.538,1966.044,1966.129,85.6
2024-01-08T21:51:00+00:00,1966.129,1966.832,1965.747,1966.451,66.3
2024-01-08T21:52:00+00:00,1966.451,1966.945,1965.947,1966.441,168.8
2024-01-08T21:53:00+00:00,1966.441,1966.504,1966.088,1966.151,112.7
2024-01-08T21:54:00+00:00,1966.151,1966.643,1965.430,1965.922,64.2
2024-01-08T21:55:00+00:00,1965.922,1966.587,1965.616,1966.281,184.9
2024-01-08T21:56:00+00:00,1966.281,1966.471,1965.636,1965.826,119.6
2024-01-08T21:57:00+00:00,1965.826,1966.357,1965.648,1966.179,141.6
2024-01-08T21:58:00+00:00,1966.179,1966.750,1965.977,1966.549,163.4
2024-01-08T21:59:00+00:00,1966.549,1966.985,1966.108,1966.544,99.0
2024-01-08T22:00:00+00:00,1966.544,1967.919,1965.807,1967.183,120.4
2024-01-08T22:01:00+00:00,1967.183,1967.233,1966.908,1966.958,150.9
2024-01-08T22:02:00+00:00,1966.958,1967.339,1966.884,1967.265,171.0
2024-01-08T22:03:00+00:00,1967.265,1967.518,1966.550,1966.803,165.3
2024-01-08T22:04:00+00:00,1966.803,1967.542,1966.235,1966.973,130.2
2024-01-08T22:05:00+00:00,1966.973,1967.392,1966.194,1966.613,154.3
2024-01-08T22:06:00+00:00,1966.613,1966.986,1966.102,1966.476,95.0
2024-01-08T22:07:00+00:00,1966.476,1967.047,1966.281,1966.852,116.2
2024-01-08T22:08:00+00:00,1966.852,1966.972,1966.288,1966.408,51.3
2024-01-08T22:09:00+00:00,1966.408,1966.921,1965.751,1966.264,156.5
2024-01-08T22:10:00+00:00,1966.264,1966.922,1965.321,1965.979,137.5
2024-01-08T22:11:00+00:00,1965.979,1966.338,1965.802,1966.161,183.5
2024-01-08T22:12:00+00:00,1966.161,1966.551,1966.094,1966.484,100.7
2024-01-08T22:13:00+00:00,1966.484,1966.654,1965.332,1965.502,148.8
2024-01-08T22:14:00+00:00,1965.502,1965.905,1964.944,1965.347,118.7
2024-01-08T22:15:00+00:00,1965.347,1965.399,1964.762,1964.814,143.1
2024-01-08T22:16:00+00:00,1964.814,1965.510,1964.697,1965.394,125.9
2024-01-08T22:17:00+00:00,1965.394,1966.107,1964.994,1965.707,110.4
2024-01-08T22:18:00+00:00,1965.707,1965.955,1965.080,1965.328,82.2
2024-01-08T22:19:00+00:00,1965.328,1965.408,1964.988,1965.068,130.3
2024-01-08T22:20:00+00:00,1965.068,1965.240,1965.000,1965.173,109.3
2024-01-08T22:21:00+00:00,1965.173,1965.642,1964.901,1965.371,142.8
2024-01-08T22:22:00+00:00,1965.371,1966.068,1965.249,1965.945,112.5
2024-01-08T22:23:00+00:00,1965.945,1966.688,1965.845,1966.588,132.4
2024-01-08T22:24:00+00:00,1966.588,1966.880,1966.227,1966.519,107.9
2024-01-08T22:25:00+00:00,1966.519,1966.584,1966.150,1966.215,106.7
2024-01-08T22:26:00+00:00,1966.215,1966.700,1966.071,1966.556,123.7
2024-01-08T22:27:00+00:00,1966.556,1966.691,1966.393,1966.528,101.1
2024-01-08T22:28:00+00:00,1966.528,1967.369,1966.122,1966.963,108.4
2024-01-08T22:29:00+00:00,1966.963,1967.175,1966.551,1966.763,121.2
2024-01-08T22:30:00+00:00,1966.763,1967.113,1966.631,1966.980,98.5
2024-01-08T22:31:00+00:00,1966.980,1967.114,1966.502,1966.636,103.9
2024-01-08T22:32:00+00:00,1966.636,1966.920,1966.497,1966.781,149.3
2024-01-08T22:33:00+00:00,1966.781,1967.028,1966.544,1966.791,88.2
2024-01-08T22:34:00+00:00,1966.791,1966.999,1966.650,1966.858,178.4
2024-01-08T22:35:00+00:00,1966.858,1967.458,1966.369,1966.968,176.2
2024-01-08T22:36:00+00:00,1966.968,1967.321,1966.295,1966.647,154.1
2024-01-08T22:37:00+00:00,1966.647,1967.217,1966.595,1967.164,148.7
2024-01-08T22:38:00+00:00,1967.164,1967.232,1966.974,1967.041,120.6
2024-01-08T22:39:00+00:00,1967.041,1967.814,1966.937,1967.711,148.7
2024-01-08T22:40:00+00:00,1967.711,1968.006,1967.483,1967.779,127.3
2024-01-08T22:41:00+00:00,1967.779,1968.283,1967.551,1968.055,139.0
2024-01-08T22:42:00+00:00,1968.055,1968.324,1967.581,1967.850,126.6
2024-01-08T22:43:00+00:00,1967.850,1968.145,1967.516,1967.812,71.1
2024-01-08T22:44:00+00:00,1967.812,1967.975,1967.701,1967.864,106.2
2024-01-08T22:45:00+00:00,1967.864,1968.405,1967.432,1967.974,131.8
2024-01-08T22:46:00+00:00,1967.974,1968.283,1967.854,1968.163,101.6
2024-01-08T22:47:00+00:00,1968.163,1968.317,1968.081,1968.234,152.1
2024-01-08T22:48:00+00:00,1968.234,1968.488,1968.121,1968.374,98.3
2024-01-08T22:49:00+00:00,1968.374,1969.062,1968.031,1968.719,105.2
2024-01-08T22:50:00+00:00,1968.719,1969.113,1968.592,1968.985,118.6
2024-01-08T22:51:00+00:00,1968.985,1969.475,1968.089,1968.578,64.0
2024-01-08T22:52:00+00:00,1968.578,1968.871,1968.434,1968.727,154.3
2024-01-08T22:53:00+00:00,1968.727,1968.787,1968.561,1968.621,138.3
2024-01-08T22:54:00+00:00,1968.621,1969.003,1968.441,1968.823,140.4
2024-01-08T22:55:00+00:00,1968.823,1969.299,1968.526,1969.002,104.7
2024-01-08T22:56:00+00:00,1969.002,1969.175,1968.854,1969.028,94.9
2024-01-08T22:57:00+00:00,1969.028,1969.310,1968.876,1969.158,162.5
2024-01-08T22:58:00+00:00,1969.158,1969.305,1968.940,1969.086,154.2
2024-01-08T22:59:00+00:00,1969.086,1969.154,1969.020,1969.088,124.0
2024-01-08T23:00:00+00:00,1969.088,1969.384,1968.592,1968.888,153.4
2024-01-08T23:01:00+00:00,1968.888,1969.058,1968.819,1968.990,82.8
2024-01-08T23:02:00+00:00,1968.990,1969.414,1968.647,1969.072,85.6
2024-01-08T23:03:00+00:00,1969.072,1969.398,1968.475,1968.801,162.8
2024-01-08T23:04:00+00:00,1968.801,1969.571,1968.614,1969.384,137.9
2024-01-08T23:05:00+00:00,1969.384,1969.563,1968.983,1969.162,109.1
2024-01-08T23:06:00+00:00,1969.162,1969.655,1968.779,1969.271,130.1
2024-01-08T23:07:00+00:00,1969.271,1969.335,1969.164,1969.228,127.9
2024-01-08T23:08:00+00:00,1969.228,1969.329,1968.988,1969.090,137.9
2024-01-08T23:09:00+00:00,1969.090,1970.236,1968.527,1969.673,84.5
2024-01-08T23:10:00+00:00,1969.673,1969.941,1969.015,1969.282,192.8
2024-01-08T23:11:00+00:00,1969.282,1969.470,1969.202,1969.390,154.0
2024-01-08T23:12:00+00:00,1969.390,1969.485,1968.486,1968.580,27.1
2024-01-08T23:13:00+00:00,1968.580,1968.851,1968.404,1968.674,105.5
2024-01-08T23:14:00+00:00,1968.674,1969.028,1968.479,1968.833,153.1
2024-01-08T23:15:00+00:00,1968.833,1969.016,1968.688,1968.871,195.6
2024-01-08T23:16:00+00:00,1968.871,1969.152,1968.475,1968.755,95.4
2024-01-08T23:17:00+00:00,1968.755,1969.518,1968.466,1969.229,124.2
2024-01-08T23:18:00+00:00,1969.229,1970.063,1968.780,1969.613,161.0
2024-01-08T23:19:00+00:00,1969.613,1969.717,1969.550,1969.654,153.0
2024-01-08T23:20:00+00:00,1969.654,1969.853,1968.983,1969.183,134.4
2024-01-08T23:21:00+00:00,1969.183,1969.932,1968.671,1969.420,172.3
2024-01-08T23:22:00+00:00,1969.420,1969.732,1969.261,1969.573,80.8
2024-01-08T23:23:00+00:00,1969.573,1969.687,1969.434,1969.548,113.3
2024-01-08T23:24:00+00:00,1969.548,1969.810,1969.348,1969.609,91.7
2024-01-08T23:25:00+00:00,1969.609,1970.099,1968.962,1969.452,154.0
2024-01-08T23:26:00+00:00,1969.452,1969.924,1968.655,1969.127,142.9
2024-01-08T23:27:00+00:00,1969.127,1969.416,1968.803,1969.093,109.1
2024-01-08T23:28:00+00:00,1969.093,1970.096,1968.866,1969.869,124.5
2024-01-08T23:29:00+00:00,1969.869,1970.050,1969.768,1969.949,144.0
2024-01-08T23:30:00+00:00,1969.949,1970.836,1969.795,1970.682,87.7
2024-01-08T23:31:00+00:00,1970.682,1971.243,1970.368,1970.929,75.7
2024-01-08T23:32:00+00:00,1970.929,1971.225,1970.434,1970.730,136.7
2024-01-08T23:33:00+00:00,1970.730,1971.177,1970.499,1970.945,86.6
2024-01-08T23:34:00+00:00,1970.945,1971.780,1970.387,1971.222,139.1
2024-01-08T23:35:00+00:00,1971.222,1971.746,1970.685,1971.209,149.4
2024-01-08T23:36:00+00:00,1971.209,1971.327,1970.932,1971.050,111.8
2024-01-08T23:37:00+00:00,1971.050,1971.120,1970.769,1970.839,148.6
2024-01-08T23:38:00+00:00,1970.839,1970.945,1970.253,1970.360,164.2
2024-01-08T23:39:00+00:00,1970.360,1970.908,1970.109,1970.657,96.1
2024-01-08T23:40:00+00:00,1970.657,1971.103,1969.958,1970.403,154.0
2024-01-08T23:41:00+00:00,1970.403,1970.691,1970.181,1970.469,77.6
2024-01-08T23:42:00+00:00,1970.469,1970.645,1970.202,1970.378,170.9
2024-01-08T23:43:00+00:00,1970.378,1970.456,1970.183,1970.261,151.7
2024-01-08T23:44:00+00:00,1970.261,1970.628,1970.167,1970.533,55.6
2024-01-08T23:45:00+00:00,1970.533,1971.256,1970.336,1971.058,107.2
2024-01-08T23:46:00+00:00,1971.058,1971.355,1970.773,1971.070,93.5
2024-01-08T23:47:00+00:00,1971.070,1971.243,1970.428,1970.602,135.3
2024-01-08T23:48:00+00:00,1970.602,1970.946,1970.360,1970.704,135.8
2024-01-08T23:49:00+00:00,1970.704,1971.056,1970.437,1970.789,137.4
2024-01-08T23:50:00+00:00,1970.789,1971.446,1970.584,1971.241,156.8
2024-01-08T23:51:00+00:00,1971.241,1971.531,1970.831,1971.121,156.9
2024-01-08T23:52:00+00:00,1971.121,1971.231,1970.854,1970.964,114.4
2024-01-08T23:53:00+00:00,1970.964,1971.132,1970.848,1971.015,104.1
2024-01-08T23:54:00+00:00,1971.015,1971.533,1969.929,1970.446,126.0
2024-01-08T23:55:00+00:00,1970.446,1970.719,1969.557,1969.829,86.8
2024-01-08T23:56:00+00:00,1969.829,1970.504,1968.944,1969.619,136.9
2024-01-08T23:57:00+00:00,1969.619,1970.337,1969.508,1970.226,141.9
2024-01-08T23:58:00+00:00,1970.226,1970.833,1969.871,1970.477,155.9
2024-01-08T23:59:00+00:00,1970.477,1970.669,1969.753,1969.944,109.4
2024-01-09T00:00:00+00:00,1969.944,1970.500,1969.865,1970.421,116.3
2024-01-09T00:01:00+00:00,1970.421,1970.493,1970.118,1970.190,121.2
2024-01-09T00:02:00+00:00,1970.190,1970.878,1969.798,1970.487,141.7
2024-01-09T00:03:00+00:00,1970.487,1970.626,1970.399,1970.539,167.1
2024-01-09T00:04:00+00:00,1970.539,1970.708,1970.485,1970.654,172.8
2024-01-09T00:05:00+00:00,1970.654,1971.428,1970.465,1971.239,116.8
2024-01-09T00:06:00+00:00,1971.239,1971.550,1970.757,1971.068,106.7
2024-01-09T00:07:00+00:00,1971.068,1971.686,1970.826,1971.444,123.1
2024-01-09T00:08:00+00:00,1971.444,1971.715,1971.359,1971.630,126.9
2024-01-09T00:09:00+00:00,1971.630,1972.133,1971.305,1971.808,87.4
2024-01-09T00:10:00+00:00,1971.808,1972.300,1971.314,1971.806,116.4
2024-01-09T00:11:00+00:00,1971.806,1972.017,1971.326,1971.537,121.0
2024-01-09T00:12:00+00:00,1971.537,1972.179,1971.349,1971.990,136.5
2024-01-09T00:13:00+00:00,1971.990,1972.240,1971.853,1972.103,92.3
2024-01-09T00:14:00+00:00,1972.103,1972.330,1971.874,1972.101,135.8
2024-01-09T00:15:00+00:00,1972.101,1972.426,1971.222,1971.548,142.2
2024-01-09T00:16:00+00:00,1971.548,1972.211,1971.132,1971.796,137.7
2024-01-09T00:17:00+00:00,1971.796,1971.859,1971.199,1971.262,133.2
2024-01-09T00:18:00+00:00,1971.262,1971.588,1970.752,1971.078,132.7
2024-01-09T00:19:00+00:00,1971.078,1971.458,1970.925,1971.304,112.9
2024-01-09T00:20:00+00:00,1971.304,1971.493,1970.994,1971.182,118.3
2024-01-09T00:21:00+00:00,1971.182,1972.043,1970.739,1971.600,110.0
2024-01-09T00:22:00+00:00,1971.600,1972.331,1971.473,1972.203,124.5
2024-01-09T00:23:00+00:00,1972.203,1972.836,1971.909,1972.541,84.6
2024-01-09T00:24:00+00:00,1972.541,1972.946,1971.621,1972.027,127.3
2024-01-09T00:25:00+00:00,1972.027,1972.521,1971.875,1972.369,100.1
2024-01-09T00:26:00+00:00,1972.369,1972.760,1972.170,1972.560,127.5
2024-01-09T00:27:00+00:00,1972.560,1972.743,1971.781,1971.964,46.0
2024-01-09T00:28:00+00:00,1971.964,1972.357,1971.707,1972.101,100.8
2024-01-09T00:29:00+00:00,1972.101,1973.039,1971.729,1972.667,134.1
2024-01-09T00:30:00+00:00,1972.667,1972.908,1972.575,1972.816,102.9
2024-01-09T00:31:00+00:00,1972.816,1973.369,1972.300,1972.853,94.4
2024-01-09T00:32:00+00:00,1972.853,1972.942,1972.593,1972.682,146.1
2024-01-09T00:33:00+00:00,1972.682,1973.307,1972.397,1973.022,116.2
2024-01-09T00:34:00+00:00,1973.022,1973.372,1972.637,1972.987,122.3
2024-01-09T00:35:00+00:00,1972.987,1973.261,1972.605,1972.879,132.6
2024-01-09T00:36:00+00:00,1972.879,1972.949,1972.600,1972.670,109.6
2024-01-09T00:37:00+00:00,1972.670,1972.838,1972.342,1972.510,151.1
2024-01-09T00:38:00+00:00,1972.510,1972.977,1971.959,1972.426,97.4
2024-01-09T00:39:00+00:00,1972.426,1973.332,1971.853,1972.758,89.3
2024-01-09T00:40:00+00:00,1972.758,1972.888,1972.565,1972.695,78.9
2024-01-09T00:41:00+00:00,1972.695,1972.951,1972.632,1972.889,128.1
2024-01-09T00:42:00+00:00,1972.889,1973.824,1972.774,1973.709,143.2
2024-01-09T00:43:00+00:00,1973.709,1974.256,1973.505,1974.052,102.7
2024-01-09T00:44:00+00:00,1974.052,1974.864,1973.828,1974.640,124.2
2024-01-09T00:45:00+00:00,1974.640,1974.905,1974.062,1974.327,135.4
2024-01-09T00:46:00+00:00,1974.327,1975.543,1973.919,1975.134,143.5
2024-01-09T00:47:00+00:00,1975.134,1975.350,1975.069,1975.285,103.9
2024-01-09T00:48:00+00:00,1975.285,1975.559,1975.176,1975.450,139.0
2024-01-09T00:49:00+00:00,1975.450,1976.006,1975.324,1975.880,104.2
2024-01-09T00:50:00+00:00,1975.880,1976.642,1975.452,1976.215,95.7
2024-01-09T00:51:00+00:00,1976.215,1976.602,1976.032,1976.418,135.6
2024-01-09T00:52:00+00:00,1976.418,1976.723,1976.346,1976.651,117.0
2024-01-09T00:53:00+00:00,1976.651,1977.757,1976.180,1977.286,79.1
2024-01-09T00:54:00+00:00,1977.286,1977.443,1976.328,1976.484,100.3
2024-01-09T00:55:00+00:00,1976.484,1976.922,1975.933,1976.370,130.3
2024-01-09T00:56:00+00:00,1976.370,1976.595,1976.189,1976.414,146.2
2024-01-09T00:57:00+00:00,1976.414,1977.712,1976.005,1977.303,154.2
2024-01-09T00:58:00+00:00,1977.303,1977.513,1977.015,1977.226,118.9
2024-01-09T00:59:00+00:00,1977.226,1977.873,1977.034,1977.682,119.0
2024-01-09T01:00:00+00:00,1977.682,1978.157,1977.458,1977.933,143.1
2024-01-09T01:01:00+00:00,1977.933,1978.645,1977.795,1978.507,136.2
2024-01-09T01:02:00+00:00,1978.507,1978.785,1977.727,1978.004,145.6
2024-01-09T01:03:00+00:00,1978.004,1978.478,1977.247,1977.721,123.3
2024-01-09T01:04:00+00:00,1977.721,1978.103,1976.814,1977.196,145.5
2024-01-09T01:05:00+00:00,1977.196,1977.514,1976.849,1977.167,74.8
2024-01-09T01:06:00+00:00,1977.167,1977.485,1976.880,1977.198,100.3
2024-01-09T01:07:00+00:00,1977.198,1977.631,1977.061,1977.494,130.0
2024-01-09T01:08:00+00:00,1977.494,1978.260,1976.901,1977.668,83.9
2024-01-09T01:09:00+00:00,1977.668,1978.366,1977.299,1977.997,87.2
2024-01-09T01:10:00+00:00,1977.997,1978.701,1977.386,1978.090,150.6
2024-01-09T01:11:00+00:00,1978.090,1978.197,1977.039,1977.146,70.2
2024-01-09T01:12:00+00:00,1977.146,1977.541,1976.920,1977.314,103.6
2024-01-09T01:13:00+00:00,1977.314,1977.436,1976.973,1977.095,106.4
2024-01-09T01:14:00+00:00,1977.095,1977.200,1976.748,1976.853,131.9
2024-01-09T01:15:00+00:00,1976.853,1977.172,1976.307,1976.627,71.6
2024-01-09T01:16:00+00:00,1976.627,1976.976,1976.483,1976.831,165.9
2024-01-09T01:17:00+00:00,1976.831,1977.042,1976.467,1976.678,80.9
2024-01-09T01:18:00+00:00,1976.678,1977.619,1976.478,1977.419,88.4
2024-01-09T01:19:00+00:00,1977.419,1977.702,1977.088,1977.371,164.4
2024-01-09T01:20:00+00:00,1977.371,1978.123,1976.826,1977.579,126.1
2024-01-09T01:21:00+00:00,1977.579,1978.006,1977.528,1977.956,133.8
2024-01-09T01:22:00+00:00,1977.956,1978.085,1977.855,1977.984,126.2
2024-01-09T01:23:00+00:00,1977.984,1978.119,1977.675,1977.810,124.8
2024-01-09T01:24:00+00:00,1977.810,1978.079,1977.594,1977.863,90.4
2024-01-09T01:25:00+00:00,1977.863,1978.263,1977.612,1978.013,49.5
2024-01-09T01:26:00+00:00,1978.013,1978.391,1977.518,1977.897,146.7
2024-01-09T01:27:00+00:00,1977.897,1978.275,1977.342,1977.720,91.2
2024-01-09T01:28:00+00:00,1977.720,1978.242,1976.997,1977.518,107.3
2024-01-09T01:29:00+00:00,1977.518,1977.969,1977.060,1977.510,90.5
2024-01-09T01:30:00+00:00,1977.510,1977.594,1977.093,1977.177,66.5
2024-01-09T01:31:00+00:00,1977.177,1977.741,1977.040,1977.604,102.3
2024-01-09T01:32:00+00:00,1977.604,1977.835,1977.224,1977.454,164.7
2024-01-09T01:33:00+00:00,1977.454,1977.897,1976.939,1977.382,167.0
2024-01-09T01:34:00+00:00,1977.382,1978.027,1977.259,1977.904,76.5
2024-01-09T01:35:00+00:00,1977.904,1978.349,1977.755,1978.200,125.7
2024-01-09T01:36:00+00:00,1978.200,1978.318,1977.505,1977.624,126.8
2024-01-09T01:37:00+00:00,1977.624,1977.745,1977.249,1977.371,168.8
2024-01-09T01:38:00+00:00,1977.371,1977.731,1977.154,1977.515,189.6
2024-01-09T01:39:00+00:00,1977.515,1977.788,1976.573,1976.847,131.9
2024-01-09T01:40:00+00:00,1976.847,1977.455,1976.103,1976.711,127.6
2024-01-09T01:41:00+00:00,1976.711,1977.303,1976.468,1977.059,162.8
2024-01-09T01:42:00+00:00,1977.059,1977.635,1976.719,1977.295,75.4
2024-01-09T01:43:00+00:00,1977.295,1977.798,1976.855,1977.359,178.9
2024-01-09T01:44:00+00:00,1977.359,1977.923,1977.309,1977.873,125.4
2024-01-09T01:45:00+00:00,1977.873,1978.190,1977.406,1977.723,99.7
2024-01-09T01:46:00+00:00,1977.723,1978.383,1977.171,1977.830,76.0
2024-01-09T01:47:00+00:00,1977.830,1978.565,1977.766,1978.501,126.3
2024-01-09T01:48:00+00:00,1978.501,1978.559,1977.758,1977.816,180.6
2024-01-09T01:49:00+00:00,1977.816,1978.446,1976.740,1977.370,115.3
2024-01-09T01:50:00+00:00,1977.370,1977.471,1977.151,1977.252,83.2
2024-01-09T01:51:00+00:00,1977.252,1977.603,1976.501,1976.852,138.8
2024-01-09T01:52:00+00:00,1976.852,1977.150,1976.602,1976.899,88.4
2024-01-09T01:53:00+00:00,1976.899,1977.322,1976.742,1977.164,122.6
2024-01-09T01:54:00+00:00,1977.164,1977.604,1977.106,1977.546,109.7
2024-01-09T01:55:00+00:00,1977.546,1977.611,1976.973,1977.039,143.0
2024-01-09T01:56:00+00:00,1977.039,1977.105,1976.819,1976.885,68.2
2024-01-09T01:57:00+00:00,1976.885,1977.033,1976.341,1976.490,158.0
2024-01-09T01:58:00+00:00,1976.490,1976.949,1975.986,1976.445,108.9
2024-01-09T01:59:00+00:00,1976.445,1976.563,1975.853,1975.971,176.7
2024-01-09T02:00:00+00:00,1975.971,1976.221,1975.884,1976.134,150.5
2024-01-09T02:01:00+00:00,1976.134,1976.265,1975.933,1976.064,125.9
2024-01-09T02:02:00+00:00,1976.064,1976.687,1975.655,1976.277,140.9
2024-01-09T02:03:00+00:00,1976.277,1977.249,1975.668,1976.640,40.2
2024-01-09T02:04:00+00:00,1976.640,1977.056,1975.976,1976.392,120.6
2024-01-09T02:05:00+00:00,1976.392,1976.870,1976.206,1976.684,146.2
2024-01-09T02:06:00+00:00,1976.684,1976.878,1976.330,1976.524,131.1
2024-01-09T02:07:00+00:00,1976.524,1976.982,1976.333,1976.791,130.0
2024-01-09T02:08:00+00:00,1976.791,1977.112,1976.361,1976.682,133.9
2024-01-09T02:09:00+00:00,1976.682,1977.780,1976.008,1977.106,149.8
2024-01-09T02:10:00+00:00,1977.106,1977.207,1976.221,1976.323,100.4
2024-01-09T02:11:00+00:00,1976.323,1976.588,1976.156,1976.421,110.8
2024-01-09T02:12:00+00:00,1976.421,1976.679,1976.286,1976.544,96.4
2024-01-09T02:13:00+00:00,1976.544,1976.786,1975.486,1975.728,136.0
2024-01-09T02:14:00+00:00,1975.728,1975.883,1975.337,1975.493,109.1
2024-01-09T02:15:00+00:00,1975.493,1975.830,1974.884,1975.222,169.0
2024-01-09T02:16:00+00:00,1975.222,1975.303,1975.160,1975.241,148.3
2024-01-09T02:17:00+00:00,1975.241,1975.506,1974.571,1974.836,153.5
2024-01-09T02:18:00+00:00,1974.836,1975.373,1974.665,1975.201,97.0
2024-01-09T02:19:00+00:00,1975.201,1975.772,1974.803,1975.375,105.2
2024-01-09T02:20:00+00:00,1975.375,1976.033,1974.689,1975.347,137.5
2024-01-09T02:21:00+00:00,1975.347,1975.977,1975.033,1975.663,77.4
2024-01-09T02:22:00+00:00,1975.663,1975.915,1975.018,1975.270,81.3
2024-01-09T02:23:00+00:00,1975.270,1976.324,1974.978,1976.032,110.7
2024-01-09T02:24:00+00:00,1976.032,1976.316,1975.869,1976.154,163.1
2024-01-09T02:25:00+00:00,1976.154,1976.421,1975.558,1975.826,124.4
2024-01-09T02:26:00+00:00,1975.826,1975.913,1975.381,1975.469,78.3
2024-01-09T02:27:00+00:00,1975.469,1976.311,1975.238,1976.080,149.9
2024-01-09T02:28:00+00:00,1976.080,1976.782,1975.876,1976.579,93.3
2024-01-09T02:29:00+00:00,1976.579,1976.982,1976.269,1976.672,146.8
2024-01-09T02:30:00+00:00,1976.672,1977.019,1976.433,1976.780,99.6
2024-01-09T02:31:00+00:00,1976.780,1977.487,1976.370,1977.078,170.3
2024-01-09T02:32:00+00:00,1977.078,1977.176,1976.752,1976.850,92.4
2024-01-09T02:33:00+00:00,1976.850,1977.715,1976.596,1977.460,158.8
2024-01-09T02:34:00+00:00,1977.460,1977.804,1977.388,1977.731,170.5
2024-01-09T02:35:00+00:00,1977.731,1978.165,1977.573,1978.006,137.2
2024-01-09T02:36:00+00:00,1978.006,1978.425,1977.887,1978.306,115.0
2024-01-09T02:37:00+00:00,1978.306,1978.868,1977.230,1977.793,81.2
2024-01-09T02:38:00+00:00,1977.793,1978.020,1976.856,1977.084,177.8
2024-01-09T02:39:00+00:00,1977.084,1977.750,1976.884,1977.550,127.9
2024-01-09T02:40:00+00:00,1977.550,1978.127,1977.006,1977.582,110.0
2024-01-09T02:41:00+00:00,1977.582,1978.066,1977.240,1977.724,84.0
2024-01-09T02:42:00+00:00,1977.724,1978.167,1976.533,1976.976,129.9
2024-01-09T02:43:00+00:00,1976.976,1977.130,1976.889,1977.042,124.4
2024-01-09T02:44:00+00:00,1977.042,1977.433,1976.562,1976.952,133.6
2024-01-09T02:45:00+00:00,1976.952,1977.319,1976.758,1977.125,157.3
2024-01-09T02:46:00+00:00,1977.125,1977.758,1976.094,1976.728,66.6
2024-01-09T02:47:00+00:00,1976.728,1977.789,1976.450,1977.511,132.0
2024-01-09T02:48:00+00:00,1977.511,1977.773,1977.279,1977.541,216.2
2024-01-09T02:49:00+00:00,1977.541,1977.633,1977.302,1977.395,102.1
2024-01-09T02:50:00+00:00,1977.395,1977.694,1977.215,1977.514,90.9
2024-01-09T02:51:00+00:00,1977.514,1978.344,1977.177,1978.008,133.3
2024-01-09T02:52:00+00:00,1978.008,1978.117,1977.892,1978.001,70.7
2024-01-09T02:53:00+00:00,1978.001,1978.556,1977.708,1978.262,104.9
2024-01-09T02:54:00+00:00,1978.262,1978.922,1977.983,1978.642,104.3
2024-01-09T02:55:00+00:00,1978.642,1979.486,1978.128,1978.972,99.3
2024-01-09T02:56:00+00:00,1978.972,1979.601,1978.759,1979.388,131.6
2024-01-09T02:57:00+00:00,1979.388,1979.921,1979.053,1979.586,150.8
2024-01-09T02:58:00+00:00,1979.586,1980.307,1979.523,1980.244,128.1
2024-01-09T02:59:00+00:00,1980.244,1980.741,1979.364,1979.861,121.9
2024-01-09T03:00:00+00:00,1979.861,1980.102,1979.199,1979.441,76.2
2024-01-09T03:01:00+00:00,1979.441,1980.023,1978.643,1979.226,161.3
2024-01-09T03:02:00+00:00,1979.226,1980.233,1979.017,1980.025,100.4
2024-01-09T03:03:00+00:00,1980.025,1980.216,1979.656,1979.847,136.6
2024-01-09T03:04:00+00:00,1979.847,1980.683,1979.545,1980.381,133.2
2024-01-09T03:05:00+00:00,1980.381,1980.812,1979.342,1979.773,117.3
2024-01-09T03:06:00+00:00,1979.773,1980.206,1979.117,1979.550,116.8
2024-01-09T03:07:00+00:00,1979.550,1980.369,1979.231,1980.051,169.7
2024-01-09T03:08:00+00:00,1980.051,1980.115,1979.727,1979.791,131.0
2024-01-09T03:09:00+00:00,1979.791,1980.222,1979.313,1979.744,98.6
2024-01-09T03:10:00+00:00,1979.744,1980.504,1979.353,1980.114,61.4
2024-01-09T03:11:00+00:00,1980.114,1980.389,1979.517,1979.793,103.6
2024-01-09T03:12:00+00:00,1979.793,1980.041,1979.699,1979.947,122.4
2024-01-09T03:13:00+00:00,1979.947,1980.018,1979.733,1979.803,134.5
2024-01-09T03:14:00+00:00,1979.803,1980.326,1979.558,1980.080,116.6
2024-01-09T03:15:00+00:00,1980.080,1980.175,1979.735,1979.829,76.9
2024-01-09T03:16:00+00:00,1979.829,1980.396,1979.612,1980.178,116.3
2024-01-09T03:17:00+00:00,1980.178,1980.342,1979.789,1979.953,100.0
2024-01-09T03:18:00+00:00,1979.953,1980.411,1978.968,1979.426,218.7
2024-01-09T03:19:00+00:00,1979.426,1979.768,1978.667,1979.008,137.4
2024-01-09T03:20:00+00:00,1979.008,1979.676,1978.565,1979.232,62.4
2024-01-09T03:21:00+00:00,1979.232,1979.981,1978.684,1979.433,162.7
2024-01-09T03:22:00+00:00,1979.433,1979.505,1979.199,1979.271,119.9
2024-01-09T03:23:00+00:00,1979.271,1979.356,1978.999,1979.084,111.0
2024-01-09T03:24:00+00:00,1979.084,1979.602,1979.012,1979.529,119.0
2024-01-09T03:25:00+00:00,1979.529,1979.738,1979.144,1979.352,97.9
2024-01-09T03:26:00+00:00,1979.352,1979.873,1978.843,1979.363,153.5
2024-01-09T03:27:00+00:00,1979.363,1979.920,1978.896,1979.453,150.4
2024-01-09T03:28:00+00:00,1979.453,1979.623,1979.362,1979.532,87.1
2024-01-09T03:29:00+00:00,1979.532,1979.754,1979.403,1979.625,72.4
2024-01-09T03:30:00+00:00,1979.625,1980.159,1978.646,1979.180,126.4
2024-01-09T03:31:00+00:00,1979.180,1979.458,1979.080,1979.358,106.1
2024-01-09T03:32:00+00:00,1979.358,1979.844,1979.037,1979.523,110.7
2024-01-09T03:33:00+00:00,1979.523,1980.012,1979.217,1979.705,105.5
2024-01-09T03:34:00+00:00,1979.705,1980.002,1979.470,1979.767,138.1
2024-01-09T03:35:00+00:00,1979.767,1980.104,1979.303,1979.639,97.1
2024-01-09T03:36:00+00:00,1979.639,1980.359,1979.512,1980.231,94.8
2024-01-09T03:37:00+00:00,1980.231,1980.447,1979.699,1979.915,94.3
2024-01-09T03:38:00+00:00,1979.915,1980.917,1979.545,1980.546,135.5
2024-01-09T03:39:00+00:00,1980.546,1980.602,1979.991,1980.047,98.2
2024-01-09T03:40:00+00:00,1980.047,1980.204,1979.255,1979.412,186.0
2024-01-09T03:41:00+00:00,1979.412,1979.664,1978.969,1979.222,158.5
2024-01-09T03:42:00+00:00,1979.222,1979.357,1978.747,1978.882,128.1
2024-01-09T03:43:00+00:00,1978.882,1979.380,1978.546,1979.044,126.5
2024-01-09T03:44:00+00:00,1979.044,1979.332,1978.714,1979.002,72.1
2024-01-09T03:45:00+00:00,1979.002,1979.178,1978.624,1978.800,110.5
2024-01-09T03:46:00+00:00,1978.800,1979.255,1978.593,1979.047,202.1
2024-01-09T03:47:00+00:00,1979.047,1979.307,1978.534,1978.794,150.6
2024-01-09T03:48:00+00:00,1978.794,1979.226,1978.693,1979.125,95.1
2024-01-09T03:49:00+00:00,1979.125,1979.341,1978.812,1979.029,123.6
2024-01-09T03:50:00+00:00,1979.029,1979.418,1978.835,1979.224,93.5
2024-01-09T03:51:00+00:00,1979.224,1979.635,1978.479,1978.889,105.4
2024-01-09T03:52:00+00:00,1978.889,1979.404,1977.811,1978.325,95.0
2024-01-09T03:53:00+00:00,1978.325,1978.617,1977.697,1977.989,86.0
2024-01-09T03:54:00+00:00,1977.989,1978.301,1977.362,1977.674,95.4
2024-01-09T03:55:00+00:00,1977.674,1978.616,1977.600,1978.542,200.5
2024-01-09T03:56:00+00:00,1978.542,1978.640,1978.478,1978.576,100.8
2024-01-09T03:57:00+00:00,1978.576,1978.751,1978.311,1978.486,119.3
2024-01-09T03:58:00+00:00,1978.486,1979.112,1978.119,1978.744,92.5
2024-01-09T03:59:00+00:00,1978.744,1979.171,1977.573,1977.999,117.8
2024-01-09T04:00:00+00:00,1977.999,1978.064,1977.917,1977.981,150.1
2024-01-09T04:01:00+00:00,1977.981,1978.343,1977.719,1978.080,115.0
2024-01-09T04:02:00+00:00,1978.080,1978.144,1977.960,1978.024,64.1
2024-01-09T04:03:00+00:00,1978.024,1978.835,1977.579,1978.391,90.2
2024-01-09T04:04:00+00:00,1978.391,1978.674,1978.327,1978.610,144.4
2024-01-09T04:05:00+00:00,1978.610,1979.708,1978.095,1979.192,161.5
2024-01-09T04:06:00+00:00,1979.192,1979.754,1978.535,1979.097,93.6
2024-01-09T04:07:00+00:00,1979.097,1979.396,1978.752,1979.051,113.6
2024-01-09T04:08:00+00:00,1979.051,1979.189,1978.853,1978.992,160.9
2024-01-09T04:09:00+00:00,1978.992,1979.360,1977.743,1978.111,151.8
2024-01-09T04:10:00+00:00,1978.111,1978.301,1977.878,1978.068,90.9
2024-01-09T04:11:00+00:00,1978.068,1979.254,1977.253,1978.439,92.4
2024-01-09T04:12:00+00:00,1978.439,1978.973,1978.374,1978.909,109.9
2024-01-09T04:13:00+00:00,1978.909,1979.006,1978.622,1978.720,82.4
2024-01-09T04:14:00+00:00,1978.720,1979.185,1977.760,1978.225,119.5
2024-01-09T04:15:00+00:00,1978.225,1978.527,1978.098,1978.399,134.3
2024-01-09T04:16:00+00:00,1978.399,1978.686,1977.558,1977.845,139.0
2024-01-09T04:17:00+00:00,1977.845,1978.511,1977.509,1978.175,102.7
2024-01-09T04:18:00+00:00,1978.175,1978.388,1977.567,1977.780,130.3
2024-01-09T04:19:00+00:00,1977.780,1977.993,1977.558,1977.771,130.3
2024-01-09T04:20:00+00:00,1977.771,1978.007,1977.525,1977.761,130.0
2024-01-09T04:21:00+00:00,1977.761,1978.049,1977.219,1977.507,138.8
2024-01-09T04:22:00+00:00,1977.507,1977.703,1977.047,1977.244,122.0
2024-01-09T04:23:00+00:00,1977.244,1977.523,1976.697,1976.975,70.1
2024-01-09T04:24:00+00:00,1976.975,1977.112,1976.420,1976.557,156.2
2024-01-09T04:25:00+00:00,1976.557,1976.647,1976.225,1976.314,130.3
2024-01-09T04:26:00+00:00,1976.314,1976.726,1976.154,1976.565,156.8
2024-01-09T04:27:00+00:00,1976.565,1977.050,1976.324,1976.810,131.9
2024-01-09T04:28:00+00:00,1976.810,1976.905,1975.872,1975.967,120.6
2024-01-09T04:29:00+00:00,1975.967,1976.271,1975.841,1976.146,145.0
2024-01-09T04:30:00+00:00,1976.146,1976.844,1975.886,1976.584,103.7
2024-01-09T04:31:00+00:00,1976.584,1976.824,1976.412,1976.651,124.3
2024-01-09T04:32:00+00:00,1976.651,1977.264,1976.306,1976.918,143.3
2024-01-09T04:33:00+00:00,1976.918,1977.629,1976.591,1977.302,132.8
2024-01-09T04:34:00+00:00,1977.302,1977.452,1977.044,1977.194,117.8
2024-01-09T04:35:00+00:00,1977.194,1977.395,1976.412,1976.614,118.8
2024-01-09T04:36:00+00:00,1976.614,1976.897,1976.125,1976.408,113.0
2024-01-09T04:37:00+00:00,1976.408,1976.475,1976.186,1976.253,118.5
2024-01-09T04:38:00+00:00,1976.253,1976.586,1975.955,1976.288,124.1
2024-01-09T04:39:00+00:00,1976.288,1976.760,1975.932,1976.404,31.6
2024-01-09T04:40:00+00:00,1976.404,1976.624,1976.019,1976.239,109.8
2024-01-09T04:41:00+00:00,1976.239,1976.598,1975.635,1975.995,146.8
2024-01-09T04:42:00+00:00,1975.995,1976.106,1975.673,1975.784,153.9
2024-01-09T04:43:00+00:00,1975.784,1976.556,1975.173,1975.946,116.0
2024-01-09T04:44:00+00:00,1975.946,1976.477,1975.722,1976.254,100.3
2024-01-09T04:45:00+00:00,1976.254,1976.445,1976.053,1976.244,89.3
2024-01-09T04:46:00+00:00,1976.244,1976.567,1976.001,1976.323,170.4
2024-01-09T04:47:00+00:00,1976.323,1976.509,1975.851,1976.037,122.7
2024-01-09T04:48:00+00:00,1976.037,1976.101,1975.766,1975.829,101.8
2024-01-09T04:49:00+00:00,1975.829,1976.482,1974.652,1975.305,81.3
2024-01-09T04:50:00+00:00,1975.305,1975.972,1975.144,1975.811,124.6
2024-01-09T04:51:00+00:00,1975.811,1975.897,1975.535,1975.622,129.0
2024-01-09T04:52:00+00:00,1975.622,1975.871,1974.859,1975.109,93.3
2024-01-09T04:53:00+00:00,1975.109,1975.837,1974.794,1975.522,155.2
2024-01-09T04:54:00+00:00,1975.522,1976.254,1974.601,1975.333,117.6
2024-01-09T04:55:00+00:00,1975.333,1975.720,1974.929,1975.317,146.2
2024-01-09T04:56:00+00:00,1975.317,1975.936,1975.000,1975.619,154.1
2024-01-09T04:57:00+00:00,1975.619,1976.255,1975.543,1976.180,105.5
2024-01-09T04:58:00+00:00,1976.180,1976.484,1975.467,1975.771,128.8
2024-01-09T04:59:00+00:00,1975.771,1976.130,1975.388,1975.746,168.6
2024-01-09T05:00:00+00:00,1975.746,1976.081,1975.691,1976.026,164.3
2024-01-09T05:01:00+00:00,1976.026,1976.296,1975.396,1975.666,90.0
2024-01-09T05:02:00+00:00,1975.666,1976.252,1975.547,1976.133,156.7
2024-01-09T05:03:00+00:00,1976.133,1976.283,1975.811,1975.960,154.3
2024-01-09T05:04:00+00:00,1975.960,1976.035,1975.544,1975.618,94.9
2024-01-09T05:05:00+00:00,1975.618,1976.090,1975.417,1975.889,108.8
2024-01-09T05:06:00+00:00,1975.889,1976.231,1975.450,1975.792,88.8
2024-01-09T05:07:00+00:00,1975.792,1975.924,1975.624,1975.756,103.5
2024-01-09T05:08:00+00:00,1975.756,1975.846,1975.364,1975.454,125.9
2024-01-09T05:09:00+00:00,1975.454,1975.562,1974.777,1974.886,84.5
2024-01-09T05:10:00+00:00,1974.886,1975.505,1974.244,1974.864,91.0
2024-01-09T05:11:00+00:00,1974.864,1974.978,1974.701,1974.815,149.4
2024-01-09T05:12:00+00:00,1974.815,1975.311,1974.126,1974.622,71.7
2024-01-09T05:13:00+00:00,1974.622,1974.771,1974.509,1974.658,152.0
2024-01-09T05:14:00+00:00,1974.658,1974.874,1974.227,1974.444,88.1
2024-01-09T05:15:00+00:00,1974.444,1974.939,1974.376,1974.871,99.7
2024-01-09T05:16:00+00:00,1974.871,1975.393,1974.385,1974.907,94.6
2024-01-09T05:17:00+00:00,1974.907,1975.211,1974.143,1974.447,85.3
2024-01-09T05:18:00+00:00,1974.447,1974.585,1974.266,1974.403,115.1
2024-01-09T05:19:00+00:00,1974.403,1974.793,1974.057,1974.447,111.3
2024-01-09T05:20:00+00:00,1974.447,1975.068,1973.361,1973.982,127.3
2024-01-09T05:21:00+00:00,1973.982,1974.095,1973.607,1973.719,132.3
2024-01-09T05:22:00+00:00,1973.719,1974.297,1973.277,1973.855,91.3
2024-01-09T05:23:00+00:00,1973.855,1973.942,1973.769,1973.856,154.4
2024-01-09T05:24:00+00:00,1973.856,1974.422,1973.089,1973.655,155.1
2024-01-09T05:25:00+00:00,1973.655,1973.947,1972.764,1973.057,131.7
2024-01-09T05:26:00+00:00,1973.057,1973.729,1971.989,1972.661,127.1
2024-01-09T05:27:00+00:00,1972.661,1972.983,1972.502,1972.824,186.5
2024-01-09T05:28:00+00:00,1972.824,1973.217,1972.595,1972.988,157.6
2024-01-09T05:29:00+00:00,1972.988,1973.184,1972.175,1972.372,128.7
2024-01-09T05:30:00+00:00,1972.372,1972.685,1972.082,1972.395,167.4
2024-01-09T05:31:00+00:00,1972.395,1973.170,1972.112,1972.886,131.2
2024-01-09T05:32:00+00:00,1972.886,1973.044,1972.481,1972.640,149.6
2024-01-09T05:33:00+00:00,1972.640,1972.737,1972.563,1972.659,123.1
2024-01-09T05:34:00+00:00,1972.659,1973.015,1971.870,1972.225,97.5
2024-01-09T05:35:00+00:00,1972.225,1972.824,1972.061,1972.659,106.3
2024-01-09T05:36:00+00:00,1972.659,1973.253,1972.561,1973.155,100.8
2024-01-09T05:37:00+00:00,1973.155,1973.356,1972.742,1972.944,176.1
2024-01-09T05:38:00+00:00,1972.944,1973.283,1972.795,1973.135,86.4
2024-01-09T05:39:00+00:00,1973.135,1973.215,1972.796,1972.876,127.3
2024-01-09T05:40:00+00:00,1972.876,1973.246,1972.253,1972.623,91.3
2024-01-09T05:41:00+00:00,1972.623,1972.797,1972.176,1972.350,134.4
2024-01-09T05:42:00+00:00,1972.350,1972.640,1971.900,1972.190,77.8
2024-01-09T05:43:00+00:00,1972.190,1973.336,1971.594,1972.739,178.6
2024-01-09T05:44:00+00:00,1972.739,1973.300,1972.197,1972.758,121.6
2024-01-09T05:45:00+00:00,1972.758,1973.300,1972.658,1973.200,125.8
2024-01-09T05:46:00+00:00,1973.200,1973.848,1972.714,1973.361,113.8
2024-01-09T05:47:00+00:00,1973.361,1974.720,1972.580,1973.940,131.6
2024-01-09T05:48:00+00:00,1973.940,1974.372,1973.808,1974.240,125.8
2024-01-09T05:49:00+00:00,1974.240,1974.837,1974.106,1974.703,63.2
2024-01-09T05:50:00+00:00,1974.703,1974.827,1974.226,1974.350,124.3
2024-01-09T05:51:00+00:00,1974.350,1974.426,1974.095,1974.171,170.0
2024-01-09T05:52:00+00:00,1974.171,1974.509,1972.785,1973.123,148.1
2024-01-09T05:53:00+00:00,1973.123,1973.366,1973.069,1973.312,121.9
2024-01-09T05:54:00+00:00,1973.312,1973.528,1973.201,1973.417,98.3
2024-01-09T05:55:00+00:00,1973.417,1973.925,1973.161,1973.669,118.8
2024-01-09T05:56:00+00:00,1973.669,1974.006,1973.184,1973.522,138.1
2024-01-09T05:57:00+00:00,1973.522,1973.863,1973.135,1973.476,117.7
2024-01-09T05:58:00+00:00,1973.476,1973.884,1972.564,1972.972,135.5
2024-01-09T05:59:00+00:00,1972.972,1973.837,1972.781,1973.645,141.1
2024-01-09T06:00:00+00:00,1973.645,1973.908,1973.023,1973.286,117.3
2024-01-09T06:01:00+00:00,1973.286,1973.689,1973.005,1973.408,112.0
2024-01-09T06:02:00+00:00,1973.408,1974.062,1973.117,1973.772,93.8
2024-01-09T06:03:00+00:00,1973.772,1974.050,1973.410,1973.688,171.0
2024-01-09T06:04:00+00:00,1973.688,1973.959,1973.204,1973.475,147.4
2024-01-09T06:05:00+00:00,1973.475,1973.646,1973.194,1973.365,130.3
2024-01-09T06:06:00+00:00,1973.365,1973.730,1972.709,1973.074,91.1
2024-01-09T06:07:00+00:00,1973.074,1973.269,1972.976,1973.171,172.7
2024-01-09T06:08:00+00:00,1973.171,1973.346,1972.338,1972.513,85.5
2024-01-09T06:09:00+00:00,1972.513,1973.118,1972.290,1972.895,123.8
2024-01-09T06:10:00+00:00,1972.895,1973.530,1972.752,1973.388,104.2
2024-01-09T06:11:00+00:00,1973.388,1973.601,1972.787,1973.000,123.4
2024-01-09T06:12:00+00:00,1973.000,1973.582,1972.632,1973.214,112.0
2024-01-09T06:13:00+00:00,1973.214,1973.347,1972.806,1972.939,107.2
2024-01-09T06:14:00+00:00,1972.939,1973.089,1972.605,1972.755,94.0
2024-01-09T06:15:00+00:00,1972.755,1972.933,1972.539,1972.716,115.0
2024-01-09T06:16:00+00:00,1972.716,1972.802,1972.127,1972.213,137.1
2024-01-09T06:17:00+00:00,1972.213,1972.604,1972.027,1972.418,86.0
2024-01-09T06:18:00+00:00,1972.418,1972.759,1971.603,1971.944,100.8
2024-01-09T06:19:00+00:00,1971.944,1972.435,1971.325,1971.816,140.0
2024-01-09T06:20:00+00:00,1971.816,1972.036,1971.040,1971.260,98.5
2024-01-09T06:21:00+00:00,1971.260,1972.033,1970.754,1971.527,109.5
2024-01-09T06:22:00+00:00,1971.527,1971.674,1971.264,1971.411,114.1
2024-01-09T06:23:00+00:00,1971.411,1972.073,1970.669,1971.331,87.6
2024-01-09T06:24:00+00:00,1971.331,1971.576,1971.027,1971.272,130.6
2024-01-09T06:25:00+00:00,1971.272,1971.464,1970.878,1971.071,87.9
2024-01-09T06:26:00+00:00,1971.071,1971.883,1970.969,1971.781,67.5
2024-01-09T06:27:00+00:00,1971.781,1972.169,1971.615,1972.003,85.7
2024-01-09T06:28:00+00:00,1972.003,1972.312,1971.825,1972.134,141.9
2024-01-09T06:29:00+00:00,1972.134,1972.408,1971.650,1971.923,124.4
2024-01-09T06:30:00+00:00,1971.923,1972.115,1971.834,1972.026,109.2
2024-01-09T06:31:00+00:00,1972.026,1972.187,1971.717,1971.879,141.0
2024-01-09T06:32:00+00:00,1971.879,1972.482,1971.113,1971.716,170.2
2024-01-09T06:33:00+00:00,1971.716,1972.034,1970.979,1971.298,117.9
2024-01-09T06:34:00+00:00,1971.298,1971.601,1971.053,1971.356,169.0
2024-01-09T06:35:00+00:00,1971.356,1971.426,1970.979,1971.049,98.6
2024-01-09T06:36:00+00:00,1971.049,1972.055,1970.690,1971.696,80.9
2024-01-09T06:37:00+00:00,1971.696,1971.836,1971.378,1971.518,107.3
2024-01-09T06:38:00+00:00,1971.518,1971.833,1971.058,1971.373,127.4
2024-01-09T06:39:00+00:00,1971.373,1971.628,1970.718,1970.974,190.9
2024-01-09T06:40:00+00:00,1970.974,1971.429,1970.383,1970.838,131.1
2024-01-09T06:41:00+00:00,1970.838,1970.973,1970.449,1970.584,91.6
2024-01-09T06:42:00+00:00,1970.584,1970.823,1970.362,1970.601,147.6
2024-01-09T06:43:00+00:00,1970.601,1970.945,1970.137,1970.481,117.8
2024-01-09T06:44:00+00:00,1970.481,1971.155,1970.362,1971.035,118.1
2024-01-09T06:45:00+00:00,1971.035,1971.192,1970.140,1970.296,136.1
2024-01-09T06:46:00+00:00,1970.296,1970.679,1969.563,1969.946,103.3
2024-01-09T06:47:00+00:00,1969.946,1970.138,1969.429,1969.622,117.3
2024-01-09T06:48:00+00:00,1969.622,1970.130,1969.434,1969.942,67.3
2024-01-09T06:49:00+00:00,1969.942,1970.121,1969.712,1969.891,165.5
2024-01-09T06:50:00+00:00,1969.891,1970.305,1969.064,1969.478,140.0
2024-01-09T06:51:00+00:00,1969.478,1969.849,1969.239,1969.610,94.1
2024-01-09T06:52:00+00:00,1969.610,1969.889,1968.975,1969.255,126.5
2024-01-09T06:53:00+00:00,1969.255,1970.094,1968.757,1969.596,120.6
2024-01-09T06:54:00+00:00,1969.596,1970.117,1969.033,1969.554,81.5
2024-01-09T06:55:00+00:00,1969.554,1969.695,1969.233,1969.374,108.9
2024-01-09T06:56:00+00:00,1969.374,1969.652,1969.120,1969.397,154.3
2024-01-09T06:57:00+00:00,1969.397,1969.647,1968.652,1968.903,70.4
2024-01-09T06:58:00+00:00,1968.903,1969.098,1968.198,1968.392,138.6
2024-01-09T06:59:00+00:00,1968.392,1968.650,1968.041,1968.298,138.3
2024-01-09T07:00:00+00:00,1968.298,1968.357,1968.013,1968.072,130.8
2024-01-09T07:01:00+00:00,1968.072,1968.892,1967.913,1968.734,131.0
2024-01-09T07:02:00+00:00,1968.734,1969.242,1968.384,1968.893,132.5
2024-01-09T07:03:00+00:00,1968.893,1969.545,1968.581,1969.233,112.4
2024-01-09T07:04:00+00:00,1969.233,1969.294,1968.476,1968.537,188.8
2024-01-09T07:05:00+00:00,1968.537,1968.664,1968.465,1968.592,128.0
2024-01-09T07:06:00+00:00,1968.592,1968.984,1968.219,1968.611,99.6
2024-01-09T07:07:00+00:00,1968.611,1968.703,1968.431,1968.523,94.8
2024-01-09T07:08:00+00:00,1968.523,1968.751,1968.227,1968.455,81.1
2024-01-09T07:09:00+00:00,1968.455,1968.703,1967.952,1968.200,144.8
2024-01-09T07:10:00+00:00,1968.200,1968.822,1968.007,1968.629,113.8
2024-01-09T07:11:00+00:00,1968.629,1969.065,1967.973,1968.409,104.7
2024-01-09T07:12:00+00:00,1968.409,1969.248,1968.075,1968.914,126.6
2024-01-09T07:13:00+00:00,1968.914,1968.965,1968.748,1968.799,132.6
2024-01-09T07:14:00+00:00,1968.799,1968.955,1968.607,1968.763,97.3
2024-01-09T07:15:00+00:00,1968.763,1968.899,1968.611,1968.747,151.7
2024-01-09T07:16:00+00:00,1968.747,1969.115,1967.917,1968.286,117.5
2024-01-09T07:17:00+00:00,1968.286,1968.341,1968.026,1968.081,123.8
2024-01-09T07:18:00+00:00,1968.081,1968.236,1967.811,1967.966,103.0
2024-01-09T07:19:00+00:00,1967.966,1968.187,1967.133,1967.354,119.5
2024-01-09T07:20:00+00:00,1967.354,1968.037,1967.208,1967.891,61.0
2024-01-09T07:21:00+00:00,1967.891,1968.499,1967.672,1968.280,136.2
2024-01-09T07:22:00+00:00,1968.280,1969.325,1967.962,1969.007,87.8
2024-01-09T07:23:00+00:00,1969.007,1969.452,1968.496,1968.941,139.8
2024-01-09T07:24:00+00:00,1968.941,1969.394,1968.642,1969.096,133.4
2024-01-09T07:25:00+00:00,1969.096,1969.628,1968.847,1969.379,100.6
2024-01-09T07:26:00+00:00,1969.379,1969.700,1968.781,1969.102,81.9
2024-01-09T07:27:00+00:00,1969.102,1969.232,1969.042,1969.172,158.3
2024-01-09T07:28:00+00:00,1969.172,1969.353,1969.046,1969.227,78.0
2024-01-09T07:29:00+00:00,1969.227,1969.806,1969.136,1969.715,119.3
2024-01-09T07:30:00+00:00,1969.715,1970.019,1969.026,1969.329,138.7
2024-01-09T07:31:00+00:00,1969.329,1969.523,1968.765,1968.959,138.6
2024-01-09T07:32:00+00:00,1968.959,1969.401,1968.343,1968.785,132.1
2024-01-09T07:33:00+00:00,1968.785,1969.477,1968.533,1969.225,83.4
2024-01-09T07:34:00+00:00,1969.225,1969.643,1969.138,1969.556,101.6
2024-01-09T07:35:00+00:00,1969.556,1970.051,1969.438,1969.933,133.4
2024-01-09T07:36:00+00:00,1969.933,1970.163,1969.520,1969.751,126.5
2024-01-09T07:37:00+00:00,1969.751,1970.236,1968.931,1969.417,104.5
2024-01-09T07:38:00+00:00,1969.417,1970.115,1969.098,1969.796,184.0
2024-01-09T07:39:00+00:00,1969.796,1970.537,1969.349,1970.091,127.6
2024-01-09T07:40:00+00:00,1970.091,1970.256,1969.730,1969.895,92.0
2024-01-09T07:41:00+00:00,1969.895,1970.262,1969.735,1970.102,127.8
2024-01-09T07:42:00+00:00,1970.102,1970.182,1969.682,1969.762,148.9
2024-01-09T07:43:00+00:00,1969.762,1969.977,1969.428,1969.644,128.5
2024-01-09T07:44:00+00:00,1969.644,1969.991,1969.551,1969.898,85.6
2024-01-09T07:45:00+00:00,1969.898,1970.276,1968.944,1969.323,151.3
2024-01-09T07:46:00+00:00,1969.323,1969.491,1969.075,1969.243,151.6
2024-01-09T07:47:00+00:00,1969.243,1969.461,1969.075,1969.293,105.6
2024-01-09T07:48:00+00:00,1969.293,1969.498,1968.485,1968.690,117.2
2024-01-09T07:49:00+00:00,1968.690,1969.149,1968.379,1968.838,116.2
2024-01-09T07:50:00+00:00,1968.838,1969.729,1968.587,1969.478,122.9
2024-01-09T07:51:00+00:00,1969.478,1969.980,1969.371,1969.873,124.0
2024-01-09T07:52:00+00:00,1969.873,1970.114,1968.849,1969.090,107.0
2024-01-09T07:53:00+00:00,1969.090,1969.548,1969.017,1969.476,109.5
2024-01-09T07:54:00+00:00,1969.476,1969.677,1969.371,1969.572,104.9
2024-01-09T07:55:00+00:00,1969.572,1970.334,1969.281,1970.044,123.5
2024-01-09T07:56:00+00:00,1970.044,1970.518,1969.791,1970.266,137.1
2024-01-09T07:57:00+00:00,1970.266,1970.334,1970.163,1970.231,132.2
2024-01-09T07:58:00+00:00,1970.231,1970.507,1970.092,1970.369,103.8
2024-01-09T07:59:00+00:00,1970.369,1970.531,1970.129,1970.291,91.9
2024-01-09T08:00:00+00:00,1970.291,1970.527,1969.996,1970.231,125.0
2024-01-09T08:01:00+00:00,1970.231,1970.287,1970.026,1970.082,106.4
2024-01-09T08:02:00+00:00,1970.082,1970.498,1969.944,1970.361,71.1
2024-01-09T08:03:00+00:00,1970.361,1970.484,1969.777,1969.900,126.4
2024-01-09T08:04:00+00:00,1969.900,1970.262,1969.317,1969.679,115.6
2024-01-09T08:05:00+00:00,1969.679,1969.890,1969.131,1969.342,120.4
2024-01-09T08:06:00+00:00,1969.342,1969.470,1968.891,1969.019,98.3
2024-01-09T08:07:00+00:00,1969.019,1969.125,1968.702,1968.807,162.5
2024-01-09T08:08:00+00:00,1968.807,1969.566,1968.527,1969.286,98.4
2024-01-09T08:09:00+00:00,1969.286,1969.560,1968.958,1969.231,143.6
2024-01-09T08:10:00+00:00,1969.231,1969.291,1968.552,1968.611,98.3
2024-01-09T08:11:00+00:00,1968.611,1969.012,1968.405,1968.806,105.0
2024-01-09T08:12:00+00:00,1968.806,1969.589,1968.693,1969.476,191.7
2024-01-09T08:13:00+00:00,1969.476,1969.547,1969.291,1969.361,175.0
2024-01-09T08:14:00+00:00,1969.361,1969.520,1968.958,1969.117,163.3
2024-01-09T08:15:00+00:00,1969.117,1969.284,1968.877,1969.044,84.3
2024-01-09T08:16:00+00:00,1969.044,1969.881,1968.755,1969.592,130.5
2024-01-09T08:17:00+00:00,1969.592,1969.940,1969.420,1969.768,106.9
2024-01-09T08:18:00+00:00,1969.768,1969.910,1969.022,1969.164,156.3
2024-01-09T08:19:00+00:00,1969.164,1969.664,1968.889,1969.389,140.8
2024-01-09T08:20:00+00:00,1969.389,1969.747,1968.649,1969.007,138.8
2024-01-09T08:21:00+00:00,1969.007,1969.298,1968.709,1969.000,112.6
2024-01-09T08:22:00+00:00,1969.000,1969.161,1968.470,1968.630,103.7
2024-01-09T08:23:00+00:00,1968.630,1968.829,1967.821,1968.020,95.4
2024-01-09T08:24:00+00:00,1968.020,1968.197,1967.392,1967.569,147.9
2024-01-09T08:25:00+00:00,1967.569,1968.764,1967.096,1968.291,108.6
2024-01-09T08:26:00+00:00,1968.291,1968.676,1968.228,1968.613,131.8
2024-01-09T08:27:00+00:00,1968.613,1968.681,1968.254,1968.322,72.5
2024-01-09T08:28:00+00:00,1968.322,1969.094,1968.094,1968.866,137.2
2024-01-09T08:29:00+00:00,1968.866,1968.982,1968.489,1968.605,86.9
2024-01-09T08:30:00+00:00,1968.605,1968.876,1968.134,1968.405,137.4
2024-01-09T08:31:00+00:00,1968.405,1968.664,1967.433,1967.692,83.0
2024-01-09T08:32:00+00:00,1967.692,1967.895,1967.514,1967.718,101.2
2024-01-09T08:33:00+00:00,1967.718,1967.828,1967.435,1967.545,131.9
2024-01-09T08:34:00+00:00,1967.545,1968.164,1967.167,1967.785,129.6
2024-01-09T08:35:00+00:00,1967.785,1968.664,1967.504,1968.382,171.3
2024-01-09T08:36:00+00:00,1968.382,1968.619,1967.983,1968.219,116.3
2024-01-09T08:37:00+00:00,1968.219,1968.494,1967.904,1968.179,131.6
2024-01-09T08:38:00+00:00,1968.179,1968.888,1968.089,1968.798,119.4
2024-01-09T08:39:00+00:00,1968.798,1969.023,1968.507,1968.731,114.7
2024-01-09T08:40:00+00:00,1968.731,1968.836,1968.549,1968.655,158.3
2024-01-09T08:41:00+00:00,1968.655,1969.210,1968.347,1968.902,102.5
2024-01-09T08:42:00+00:00,1968.902,1969.157,1968.578,1968.833,148.4
2024-01-09T08:43:00+00:00,1968.833,1969.404,1968.124,1968.695,115.9
2024-01-09T08:44:00+00:00,1968.695,1969.493,1968.302,1969.100,166.9
2024-01-09T08:45:00+00:00,1969.100,1969.291,1968.906,1969.097,76.9
2024-01-09T08:46:00+00:00,1969.097,1969.287,1968.220,1968.410,141.1
2024-01-09T08:47:00+00:00,1968.410,1968.768,1968.335,1968.693,150.1
2024-01-09T08:48:00+00:00,1968.693,1969.230,1968.277,1968.814,73.3
2024-01-09T08:49:00+00:00,1968.814,1969.099,1968.183,1968.467,90.7
2024-01-09T08:50:00+00:00,1968.467,1969.220,1968.202,1968.955,95.7
2024-01-09T08:51:00+00:00,1968.955,1969.221,1968.484,1968.750,107.3
2024-01-09T08:52:00+00:00,1968.750,1969.110,1968.566,1968.925,101.2
2024-01-09T08:53:00+00:00,1968.925,1969.199,1967.792,1968.067,84.9
2024-01-09T08:54:00+00:00,1968.067,1968.766,1967.851,1968.549,88.5
2024-01-09T08:55:00+00:00,1968.549,1968.665,1968.486,1968.602,93.8
2024-01-09T08:56:00+00:00,1968.602,1969.170,1968.331,1968.898,128.2
2024-01-09T08:57:00+00:00,1968.898,1969.162,1968.310,1968.573,62.1
2024-01-09T08:58:00+00:00,1968.573,1968.773,1968.426,1968.626,93.0
2024-01-09T08:59:00+00:00,1968.626,1969.479,1967.708,1968.561,88.3
2024-01-09T09:00:00+00:00,1968.561,1968.759,1967.697,1967.896,107.5
2024-01-09T09:01:00+00:00,1967.896,1968.098,1967.455,1967.658,116.7
2024-01-09T09:02:00+00:00,1967.658,1968.095,1967.481,1967.919,154.1
2024-01-09T09:03:00+00:00,1967.919,1968.498,1967.306,1967.885,159.1
2024-01-09T09:04:00+00:00,1967.885,1968.186,1966.920,1967.221,127.4
2024-01-09T09:05:00+00:00,1967.221,1967.288,1966.619,1966.685,145.5
2024-01-09T09:06:00+00:00,1966.685,1966.748,1966.191,1966.255,98.3
2024-01-09T09:07:00+00:00,1966.255,1966.456,1965.645,1965.846,156.8
2024-01-09T09:08:00+00:00,1965.846,1966.055,1965.792,1966.002,117.6
2024-01-09T09:09:00+00:00,1966.002,1966.122,1965.848,1965.969,125.6
2024-01-09T09:10:00+00:00,1965.969,1966.240,1965.028,1965.299,94.8
2024-01-09T09:11:00+00:00,1965.299,1965.522,1964.135,1964.357,86.0
2024-01-09T09:12:00+00:00,1964.357,1964.427,1964.160,1964.229,102.6
2024-01-09T09:13:00+00:00,1964.229,1964.448,1964.112,1964.331,112.4
2024-01-09T09:14:00+00:00,1964.331,1964.445,1963.810,1963.924,89.5
2024-01-09T09:15:00+00:00,1963.924,1964.299,1963.487,1963.862,149.1
2024-01-09T09:16:00+00:00,1963.862,1964.300,1963.491,1963.929,150.3
2024-01-09T09:17:00+00:00,1963.929,1964.720,1963.373,1964.164,56.1
2024-01-09T09:18:00+00:00,1964.164,1964.291,1963.964,1964.091,152.1
2024-01-09T09:19:00+00:00,1964.091,1964.234,1963.510,1963.653,186.5
2024-01-09T09:20:00+00:00,1963.653,1964.437,1963.132,1963.916,120.6
2024-01-09T09:21:00+00:00,1963.916,1964.497,1963.714,1964.295,137.3
2024-01-09T09:22:00+00:00,1964.295,1964.691,1963.855,1964.251,101.5
2024-01-09T09:23:00+00:00,1964.251,1964.894,1963.909,1964.553,103.1
2024-01-09T09:24:00+00:00,1964.553,1965.078,1964.336,1964.861,127.3
2024-01-09T09:25:00+00:00,1964.861,1965.218,1964.421,1964.778,129.5
2024-01-09T09:26:00+00:00,1964.778,1965.479,1963.865,1964.566,95.6
2024-01-09T09:27:00+00:00,1964.566,1964.821,1963.953,1964.208,92.3
2024-01-09T09:28:00+00:00,1964.208,1964.840,1963.261,1963.893,146.3
2024-01-09T09:29:00+00:00,1963.893,1964.005,1963.729,1963.842,112.6
2024-01-09T09:30:00+00:00,1963.842,1963.952,1963.675,1963.786,87.9
2024-01-09T09:31:00+00:00,1963.786,1963.854,1963.136,1963.204,149.3
2024-01-09T09:32:00+00:00,1963.204,1963.644,1962.768,1963.207,79.7
2024-01-09T09:33:00+00:00,1963.207,1963.409,1962.843,1963.044,155.5
2024-01-09T09:34:00+00:00,1963.044,1963.724,1962.872,1963.551,141.6
2024-01-09T09:35:00+00:00,1963.551,1963.846,1963.100,1963.395,117.0
2024-01-09T09:36:00+00:00,1963.395,1963.817,1962.539,1962.961,137.4
2024-01-09T09:37:00+00:00,1962.961,1963.421,1962.822,1963.283,50.6
2024-01-09T09:38:00+00:00,1963.283,1963.557,1963.210,1963.483,49.7
2024-01-09T09:39:00+00:00,1963.483,1963.782,1963.145,1963.444,169.2
2024-01-09T09:40:00+00:00,1963.444,1963.683,1962.777,1963.016,129.8
2024-01-09T09:41:00+00:00,1963.016,1963.136,1962.766,1962.885,135.3
2024-01-09T09:42:00+00:00,1962.885,1963.218,1962.677,1963.009,108.0
2024-01-09T09:43:00+00:00,1963.009,1963.384,1962.121,1962.496,157.4
2024-01-09T09:44:00+00:00,1962.496,1962.552,1962.171,1962.227,143.8
2024-01-09T09:45:00+00:00,1962.227,1962.400,1961.394,1961.567,189.5
2024-01-09T09:46:00+00:00,1961.567,1961.805,1961.349,1961.587,180.3
2024-01-09T09:47:00+00:00,1961.587,1961.689,1961.417,1961.519,107.9
2024-01-09T09:48:00+00:00,1961.519,1961.997,1961.030,1961.508,82.2
2024-01-09T09:49:00+00:00,1961.508,1961.780,1960.671,1960.943,117.5
2024-01-09T09:50:00+00:00,1960.943,1961.805,1960.406,1961.268,102.3
2024-01-09T09:51:00+00:00,1961.268,1961.931,1961.023,1961.686,66.6
2024-01-09T09:52:00+00:00,1961.686,1961.818,1961.226,1961.358,119.6
2024-01-09T09:53:00+00:00,1961.358,1962.102,1960.981,1961.725,164.7
2024-01-09T09:54:00+00:00,1961.725,1962.025,1961.556,1961.855,105.4
2024-01-09T09:55:00+00:00,1961.855,1962.218,1960.928,1961.290,156.1
2024-01-09T09:56:00+00:00,1961.290,1961.553,1960.989,1961.252,139.9
2024-01-09T09:57:00+00:00,1961.252,1961.436,1961.164,1961.348,86.7
2024-01-09T09:58:00+00:00,1961.348,1961.547,1961.162,1961.361,141.8
2024-01-09T09:59:00+00:00,1961.361,1961.653,1961.203,1961.495,107.8
2024-01-09T10:00:00+00:00,1961.495,1962.187,1961.259,1961.951,157.4
2024-01-09T10:01:00+00:00,1961.951,1962.379,1961.738,1962.166,131.3
2024-01-09T10:02:00+00:00,1962.166,1962.651,1961.246,1961.732,92.4
2024-01-09T10:03:00+00:00,1961.732,1962.146,1961.458,1961.872,125.3
2024-01-09T10:04:00+00:00,1961.872,1962.363,1961.347,1961.837,108.3
2024-01-09T10:05:00+00:00,1961.837,1962.267,1960.745,1961.175,110.8
2024-01-09T10:06:00+00:00,1961.175,1961.577,1960.948,1961.351,113.5
2024-01-09T10:07:00+00:00,1961.351,1961.623,1961.289,1961.561,99.2
2024-01-09T10:08:00+00:00,1961.561,1961.793,1961.136,1961.368,148.1
2024-01-09T10:09:00+00:00,1961.368,1961.660,1960.635,1960.928,123.6
2024-01-09T10:10:00+00:00,1960.928,1961.926,1960.598,1961.596,83.1
2024-01-09T10:11:00+00:00,1961.596,1961.849,1961.421,1961.675,102.4
2024-01-09T10:12:00+00:00,1961.675,1961.841,1961.438,1961.604,68.7
2024-01-09T10:13:00+00:00,1961.604,1961.802,1961.338,1961.536,146.6
2024-01-09T10:14:00+00:00,1961.536,1961.942,1961.469,1961.876,77.6
2024-01-09T10:15:00+00:00,1961.876,1962.506,1961.636,1962.267,101.7
2024-01-09T10:16:00+00:00,1962.267,1962.862,1961.967,1962.563,115.9
2024-01-09T10:17:00+00:00,1962.563,1962.727,1961.547,1961.712,98.3
2024-01-09T10:18:00+00:00,1961.712,1961.782,1961.298,1961.367,88.2
2024-01-09T10:19:00+00:00,1961.367,1961.953,1960.854,1961.440,85.8
2024-01-09T10:20:00+00:00,1961.440,1961.918,1961.263,1961.740,136.0
2024-01-09T10:21:00+00:00,1961.740,1962.105,1961.277,1961.641,99.6
2024-01-09T10:22:00+00:00,1961.641,1962.072,1961.406,1961.837,126.7
2024-01-09T10:23:00+00:00,1961.837,1962.154,1961.460,1961.777,74.7
2024-01-09T10:24:00+00:00,1961.777,1962.161,1960.876,1961.259,131.4
2024-01-09T10:25:00+00:00,1961.259,1962.077,1960.957,1961.775,126.1
2024-01-09T10:26:00+00:00,1961.775,1962.402,1961.301,1961.928,118.5
2024-01-09T10:27:00+00:00,1961.928,1962.153,1961.500,1961.725,117.1
2024-01-09T10:28:00+00:00,1961.725,1961.958,1961.183,1961.416,64.1
2024-01-09T10:29:00+00:00,1961.416,1961.799,1960.641,1961.024,105.6
2024-01-09T10:30:00+00:00,1961.024,1961.163,1960.723,1960.862,152.9
2024-01-09T10:31:00+00:00,1960.862,1961.274,1960.576,1960.989,103.7
2024-01-09T10:32:00+00:00,1960.989,1961.376,1960.910,1961.298,101.5
2024-01-09T10:33:00+00:00,1961.298,1961.871,1960.969,1961.542,182.6
2024-01-09T10:34:00+00:00,1961.542,1961.761,1960.905,1961.124,99.7
2024-01-09T10:35:00+00:00,1961.124,1961.362,1960.958,1961.195,152.1
2024-01-09T10:36:00+00:00,1961.195,1961.476,1959.947,1960.228,101.2
2024-01-09T10:37:00+00:00,1960.228,1960.417,1959.900,1960.089,125.8
2024-01-09T10:38:00+00:00,1960.089,1960.498,1959.286,1959.696,136.9
2024-01-09T10:39:00+00:00,1959.696,1959.797,1959.384,1959.485,88.2
2024-01-09T10:40:00+00:00,1959.485,1959.607,1958.897,1959.020,130.7
2024-01-09T10:41:00+00:00,1959.020,1959.259,1958.770,1959.009,80.2
2024-01-09T10:42:00+00:00,1959.009,1959.442,1957.958,1958.391,130.8
2024-01-09T10:43:00+00:00,1958.391,1958.731,1957.739,1958.079,135.5
2024-01-09T10:44:00+00:00,1958.079,1958.276,1957.698,1957.895,153.4
2024-01-09T10:45:00+00:00,1957.895,1958.411,1957.446,1957.962,130.4
2024-01-09T10:46:00+00:00,1957.962,1958.156,1957.527,1957.721,99.4
2024-01-09T10:47:00+00:00,1957.721,1957.877,1957.609,1957.765,137.5
2024-01-09T10:48:00+00:00,1957.765,1958.180,1957.463,1957.878,114.0
2024-01-09T10:49:00+00:00,1957.878,1958.046,1957.354,1957.522,82.2
2024-01-09T10:50:00+00:00,1957.522,1957.778,1957.029,1957.284,101.9
2024-01-09T10:51:00+00:00,1957.284,1957.703,1956.741,1957.159,112.6
2024-01-09T10:52:00+00:00,1957.159,1957.281,1956.509,1956.631,141.9
2024-01-09T10:53:00+00:00,1956.631,1956.888,1956.523,1956.779,177.3
2024-01-09T10:54:00+00:00,1956.779,1957.192,1956.707,1957.120,155.5
2024-01-09T10:55:00+00:00,1957.120,1957.211,1956.543,1956.634,95.1
2024-01-09T10:56:00+00:00,1956.634,1957.096,1956.196,1956.658,105.5
2024-01-09T10:57:00+00:00,1956.658,1957.456,1956.360,1957.157,161.0
2024-01-09T10:58:00+00:00,1957.157,1957.411,1956.292,1956.545,149.1
2024-01-09T10:59:00+00:00,1956.545,1956.631,1956.395,1956.480,119.6
2024-01-09T11:00:00+00:00,1956.480,1956.600,1956.387,1956.508,91.5
2024-01-09T11:01:00+00:00,1956.508,1956.585,1956.300,1956.377,94.1
2024-01-09T11:02:00+00:00,1956.377,1956.975,1955.904,1956.503,72.1
2024-01-09T11:03:00+00:00,1956.503,1956.621,1956.169,1956.287,120.5
2024-01-09T11:04:00+00:00,1956.287,1956.512,1956.063,1956.288,119.0
2024-01-09T11:05:00+00:00,1956.288,1956.359,1956.187,1956.258,164.3
2024-01-09T11:06:00+00:00,1956.258,1956.676,1955.854,1956.272,74.3
2024-01-09T11:07:00+00:00,1956.272,1956.572,1956.139,1956.440,102.2
2024-01-09T11:08:00+00:00,1956.440,1956.564,1955.825,1955.949,117.4
2024-01-09T11:09:00+00:00,1955.949,1956.084,1955.554,1955.689,145.5
2024-01-09T11:10:00+00:00,1955.689,1956.108,1955.508,1955.927,115.0
2024-01-09T11:11:00+00:00,1955.927,1956.165,1955.204,1955.442,163.1
2024-01-09T11:12:00+00:00,1955.442,1956.177,1955.113,1955.848,128.1
2024-01-09T11:13:00+00:00,1955.848,1956.000,1955.795,1955.947,156.1
2024-01-09T11:14:00+00:00,1955.947,1956.511,1955.263,1955.828,142.7
2024-01-09T11:15:00+00:00,1955.828,1955.878,1955.643,1955.694,73.7
2024-01-09T11:16:00+00:00,1955.694,1955.815,1955.296,1955.418,191.4
2024-01-09T11:17:00+00:00,1955.418,1955.691,1954.846,1955.119,122.2
2024-01-09T11:18:00+00:00,1955.119,1955.319,1954.794,1954.994,61.9
2024-01-09T11:19:00+00:00,1954.994,1955.806,1954.474,1955.286,128.5
2024-01-09T11:20:00+00:00,1955.286,1955.375,1955.152,1955.241,139.3
2024-01-09T11:21:00+00:00,1955.241,1955.320,1954.973,1955.052,134.5
2024-01-09T11:22:00+00:00,1955.052,1955.195,1954.766,1954.910,129.7
2024-01-09T11:23:00+00:00,1954.910,1955.416,1954.620,1955.126,104.6
2024-01-09T11:24:00+00:00,1955.126,1955.464,1954.621,1954.959,127.3
2024-01-09T11:25:00+00:00,1954.959,1955.319,1954.021,1954.381,175.8
2024-01-09T11:26:00+00:00,1954.381,1954.834,1954.020,1954.474,93.5
2024-01-09T11:27:00+00:00,1954.474,1954.897,1954.078,1954.500,166.6
2024-01-09T11:28:00+00:00,1954.500,1954.622,1954.233,1954.355,175.9
2024-01-09T11:29:00+00:00,1954.355,1954.784,1953.574,1954.004,129.8
2024-01-09T11:30:00+00:00,1954.004,1954.374,1953.645,1954.015,134.1
2024-01-09T11:31:00+00:00,1954.015,1954.435,1953.294,1953.714,120.5
2024-01-09T11:32:00+00:00,1953.714,1954.246,1953.336,1953.868,43.9
2024-01-09T11:33:00+00:00,1953.868,1954.500,1953.668,1954.299,163.7
2024-01-09T11:34:00+00:00,1954.299,1954.652,1954.198,1954.551,132.6
2024-01-09T11:35:00+00:00,1954.551,1954.868,1954.349,1954.666,116.7
2024-01-09T11:36:00+00:00,1954.666,1954.849,1954.508,1954.691,77.3
2024-01-09T11:37:00+00:00,1954.691,1954.863,1954.014,1954.187,135.0
2024-01-09T11:38:00+00:00,1954.187,1954.536,1953.856,1954.206,144.8
2024-01-09T11:39:00+00:00,1954.206,1954.759,1953.503,1954.056,165.1
2024-01-09T11:40:00+00:00,1954.056,1954.647,1952.941,1953.532,135.5
2024-01-09T11:41:00+00:00,1953.532,1954.153,1952.746,1953.366,99.7
2024-01-09T11:42:00+00:00,1953.366,1954.230,1952.990,1953.853,127.6
2024-01-09T11:43:00+00:00,1953.853,1953.995,1953.118,1953.261,111.9
2024-01-09T11:44:00+00:00,1953.261,1953.481,1953.180,1953.401,130.1
2024-01-09T11:45:00+00:00,1953.401,1953.607,1952.630,1952.836,161.6
2024-01-09T11:46:00+00:00,1952.836,1953.108,1952.054,1952.326,187.3
2024-01-09T11:47:00+00:00,1952.326,1952.917,1951.939,1952.530,155.9
2024-01-09T11:48:00+00:00,1952.530,1952.661,1951.752,1951.884,108.1
2024-01-09T11:49:00+00:00,1951.884,1952.621,1951.548,1952.285,125.5
2024-01-09T11:50:00+00:00,1952.285,1953.165,1951.999,1952.879,106.1
2024-01-09T11:51:00+00:00,1952.879,1953.526,1951.885,1952.533,108.3
2024-01-09T11:52:00+00:00,1952.533,1952.736,1952.455,1952.658,106.2
2024-01-09T11:53:00+00:00,1952.658,1952.743,1952.017,1952.102,116.7
2024-01-09T11:54:00+00:00,1952.102,1952.595,1951.928,1952.421,74.4
2024-01-09T11:55:00+00:00,1952.421,1952.481,1951.986,1952.046,127.2
2024-01-09T11:56:00+00:00,1952.046,1952.420,1951.904,1952.278,135.7
2024-01-09T11:57:00+00:00,1952.278,1952.772,1951.818,1952.312,118.4
2024-01-09T11:58:00+00:00,1952.312,1952.533,1952.126,1952.347,155.5
2024-01-09T11:59:00+00:00,1952.347,1952.512,1951.858,1952.023,112.1
2024-01-09T12:00:00+00:00,1952.023,1952.386,1950.921,1951.285,151.3
2024-01-09T12:01:00+00:00,1951.285,1952.152,1950.411,1951.278,156.7
2024-01-09T12:02:00+00:00,1951.278,1952.381,1950.851,1951.953,146.4
2024-01-09T12:03:00+00:00,1951.953,1952.375,1951.040,1951.462,132.1
2024-01-09T12:04:00+00:00,1951.462,1951.525,1950.979,1951.042,142.0
2024-01-09T12:05:00+00:00,1951.042,1951.453,1950.949,1951.360,104.9
2024-01-09T12:06:00+00:00,1951.360,1951.841,1951.127,1951.607,117.8
2024-01-09T12:07:00+00:00,1951.607,1952.251,1951.208,1951.852,130.8
2024-01-09T12:08:00+00:00,1951.852,1952.125,1950.900,1951.173,84.1
2024-01-09T12:09:00+00:00,1951.173,1951.396,1950.906,1951.130,118.5
2024-01-09T12:10:00+00:00,1951.130,1951.500,1951.056,1951.427,114.0
2024-01-09T12:11:00+00:00,1951.427,1951.688,1951.319,1951.580,123.9
2024-01-09T12:12:00+00:00,1951.580,1952.109,1951.393,1951.921,153.6
2024-01-09T12:13:00+00:00,1951.921,1952.025,1951.432,1951.535,69.8
2024-01-09T12:14:00+00:00,1951.535,1951.968,1950.909,1951.342,130.4
2024-01-09T12:15:00+00:00,1951.342,1952.164,1950.935,1951.757,90.8
2024-01-09T12:16:00+00:00,1951.757,1952.153,1951.508,1951.903,144.4
2024-01-09T12:17:00+00:00,1951.903,1952.078,1951.151,1951.326,117.9
2024-01-09T12:18:00+00:00,1951.326,1951.519,1951.161,1951.354,111.8
2024-01-09T12:19:00+00:00,1951.354,1951.664,1950.460,1950.770,78.2
2024-01-09T12:20:00+00:00,1950.770,1950.852,1950.227,1950.309,158.1
2024-01-09T12:21:00+00:00,1950.309,1950.545,1949.820,1950.056,86.8
2024-01-09T12:22:00+00:00,1950.056,1950.122,1949.388,1949.455,105.8
2024-01-09T12:23:00+00:00,1949.455,1949.738,1949.077,1949.361,134.1
2024-01-09T12:24:00+00:00,1949.361,1949.543,1948.756,1948.939,100.7
2024-01-09T12:25:00+00:00,1948.939,1949.458,1948.673,1949.192,132.8
2024-01-09T12:26:00+00:00,1949.192,1949.398,1949.123,1949.329,167.7
2024-01-09T12:27:00+00:00,1949.329,1949.641,1949.063,1949.375,140.0
2024-01-09T12:28:00+00:00,1949.375,1949.555,1948.901,1949.081,120.4
2024-01-09T12:29:00+00:00,1949.081,1949.594,1948.616,1949.129,69.5
2024-01-09T12:30:00+00:00,1949.129,1949.452,1948.706,1949.029,115.3
2024-01-09T12:31:00+00:00,1949.029,1949.545,1948.607,1949.124,84.3
2024-01-09T12:32:00+00:00,1949.124,1949.367,1948.882,1949.125,102.9
2024-01-09T12:33:00+00:00,1949.125,1949.418,1948.227,1948.520,125.6
2024-01-09T12:34:00+00:00,1948.520,1949.066,1948.025,1948.571,158.8
2024-01-09T12:35:00+00:00,1948.571,1948.874,1947.732,1948.035,146.5
2024-01-09T12:36:00+00:00,1948.035,1948.660,1947.948,1948.573,103.7
2024-01-09T12:37:00+00:00,1948.573,1949.036,1948.147,1948.609,138.1
2024-01-09T12:38:00+00:00,1948.609,1949.414,1948.369,1949.174,102.8
2024-01-09T12:39:00+00:00,1949.174,1949.675,1948.317,1948.818,76.1
2024-01-09T12:40:00+00:00,1948.818,1948.944,1948.558,1948.685,93.4
2024-01-09T12:41:00+00:00,1948.685,1948.736,1948.426,1948.477,188.9
2024-01-09T12:42:00+00:00,1948.477,1948.654,1948.264,1948.441,123.6
2024-01-09T12:43:00+00:00,1948.441,1948.993,1948.192,1948.744,108.2
2024-01-09T12:44:00+00:00,1948.744,1948.964,1947.915,1948.134,139.9
2024-01-09T12:45:00+00:00,1948.134,1948.970,1947.792,1948.628,183.1
2024-01-09T12:46:00+00:00,1948.628,1949.027,1948.511,1948.911,108.6
2024-01-09T12:47:00+00:00,1948.911,1949.256,1948.446,1948.791,142.4
2024-01-09T12:48:00+00:00,1948.791,1949.016,1948.344,1948.569,135.1
2024-01-09T12:49:00+00:00,1948.569,1948.785,1948.377,1948.592,113.2
2024-01-09T12:50:00+00:00,1948.592,1948.968,1948.034,1948.410,149.3
2024-01-09T12:51:00+00:00,1948.410,1948.469,1948.089,1948.148,159.8
2024-01-09T12:52:00+00:00,1948.148,1948.629,1947.554,1948.035,133.0
2024-01-09T12:53:00+00:00,1948.035,1948.803,1947.479,1948.246,144.7
2024-01-09T12:54:00+00:00,1948.246,1948.538,1948.056,1948.347,134.1
2024-01-09T12:55:00+00:00,1948.347,1948.684,1948.173,1948.510,146.2
2024-01-09T12:56:00+00:00,1948.510,1948.820,1948.206,1948.516,90.2
2024-01-09T12:57:00+00:00,1948.516,1948.687,1948.384,1948.555,55.9
2024-01-09T12:58:00+00:00,1948.555,1948.859,1947.531,1947.835,119.7
2024-01-09T12:59:00+00:00,1947.835,1949.209,1947.411,1948.785,112.8
2024-01-09T13:00:00+00:00,1948.785,1948.970,1948.379,1948.564,161.2
2024-01-09T13:01:00+00:00,1948.564,1949.391,1948.268,1949.095,155.9
2024-01-09T13:02:00+00:00,1949.095,1949.220,1948.539,1948.664,125.0
2024-01-09T13:03:00+00:00,1948.664,1949.103,1948.419,1948.858,158.9
2024-01-09T13:04:00+00:00,1948.858,1948.912,1948.763,1948.818,112.2
2024-01-09T13:05:00+00:00,1948.818,1949.044,1948.214,1948.440,129.8
2024-01-09T13:06:00+00:00,1948.440,1949.080,1947.938,1948.579,94.6
2024-01-09T13:07:00+00:00,1948.579,1948.631,1948.414,1948.466,144.9
2024-01-09T13:08:00+00:00,1948.466,1948.742,1948.112,1948.388,133.4
2024-01-09T13:09:00+00:00,1948.388,1948.605,1947.558,1947.775,60.9
2024-01-09T13:10:00+00:00,1947.775,1947.926,1947.509,1947.660,137.3
2024-01-09T13:11:00+00:00,1947.660,1947.767,1947.595,1947.701,156.7
2024-01-09T13:12:00+00:00,1947.701,1948.236,1947.353,1947.887,99.8
2024-01-09T13:13:00+00:00,1947.887,1948.447,1947.422,1947.981,114.2
2024-01-09T13:14:00+00:00,1947.981,1948.096,1947.792,1947.906,142.9
2024-01-09T13:15:00+00:00,1947.906,1948.028,1947.736,1947.858,107.7
2024-01-09T13:16:00+00:00,1947.858,1948.101,1947.410,1947.653,139.3
2024-01-09T13:17:00+00:00,1947.653,1947.837,1947.262,1947.447,131.8
2024-01-09T13:18:00+00:00,1947.447,1948.463,1946.745,1947.762,91.7
2024-01-09T13:19:00+00:00,1947.762,1947.852,1947.240,1947.330,143.4
2024-01-09T13:20:00+00:00,1947.330,1948.604,1946.905,1948.179,159.8
2024-01-09T13:21:00+00:00,1948.179,1948.435,1948.034,1948.291,135.6
2024-01-09T13:22:00+00:00,1948.291,1948.567,1947.253,1947.529,120.3
2024-01-09T13:23:00+00:00,1947.529,1948.023,1947.228,1947.721,88.1
2024-01-09T13:24:00+00:00,1947.721,1947.782,1947.423,1947.484,130.2
2024-01-09T13:25:00+00:00,1947.484,1947.619,1947.210,1947.346,139.8
2024-01-09T13:26:00+00:00,1947.346,1947.420,1946.857,1946.931,74.4
2024-01-09T13:27:00+00:00,1946.931,1947.202,1946.456,1946.727,99.2
2024-01-09T13:28:00+00:00,1946.727,1947.520,1946.555,1947.347,146.1
2024-01-09T13:29:00+00:00,1947.347,1947.626,1947.086,1947.365,151.9
2024-01-09T13:30:00+00:00,1947.365,1947.562,1947.186,1947.384,103.9
2024-01-09T13:31:00+00:00,1947.384,1948.118,1947.289,1948.023,106.7
2024-01-09T13:32:00+00:00,1948.023,1948.482,1947.304,1947.763,105.4
2024-01-09T13:33:00+00:00,1947.763,1948.025,1947.595,1947.856,97.9
2024-01-09T13:34:00+00:00,1947.856,1948.141,1947.695,1947.979,107.2
2024-01-09T13:35:00+00:00,1947.979,1948.354,1947.691,1948.066,145.1
2024-01-09T13:36:00+00:00,1948.066,1948.198,1947.580,1947.712,124.0
2024-01-09T13:37:00+00:00,1947.712,1948.042,1947.222,1947.552,181.2
2024-01-09T13:38:00+00:00,1947.552,1948.527,1947.078,1948.053,123.6
2024-01-09T13:39:00+00:00,1948.053,1948.180,1947.479,1947.605,82.0
2024-01-09T13:40:00+00:00,1947.605,1947.966,1947.425,1947.786,170.1
2024-01-09T13:41:00+00:00,1947.786,1948.342,1947.625,1948.180,147.6
2024-01-09T13:42:00+00:00,1948.180,1948.257,1947.929,1948.006,105.3
2024-01-09T13:43:00+00:00,1948.006,1948.203,1947.192,1947.390,60.7
2024-01-09T13:44:00+00:00,1947.390,1947.567,1947.115,1947.292,123.4
2024-01-09T13:45:00+00:00,1947.292,1947.501,1946.531,1946.739,139.9
2024-01-09T13:46:00+00:00,1946.739,1947.537,1946.301,1947.099,66.8
2024-01-09T13:47:00+00:00,1947.099,1947.407,1946.931,1947.239,142.3
2024-01-09T13:48:00+00:00,1947.239,1947.324,1946.562,1946.646,140.7
2024-01-09T13:49:00+00:00,1946.646,1946.785,1946.272,1946.411,91.4
2024-01-09T13:50:00+00:00,1946.411,1947.149,1946.038,1946.776,93.2
2024-01-09T13:51:00+00:00,1946.776,1946.903,1946.520,1946.648,181.7
2024-01-09T13:52:00+00:00,1946.648,1946.979,1946.395,1946.726,137.0
2024-01-09T13:53:00+00:00,1946.726,1946.947,1946.607,1946.828,118.1
2024-01-09T13:54:00+00:00,1946.828,1947.306,1946.493,1946.971,84.8
2024-01-09T13:55:00+00:00,1946.971,1947.291,1946.491,1946.811,140.5
2024-01-09T13:56:00+00:00,1946.811,1947.811,1946.460,1947.460,133.1
2024-01-09T13:57:00+00:00,1947.460,1947.779,1947.243,1947.561,82.1
2024-01-09T13:58:00+00:00,1947.561,1948.144,1947.151,1947.735,128.9
2024-01-09T13:59:00+00:00,1947.735,1947.968,1947.439,1947.673,121.5
2024-01-09T14:00:00+00:00,1947.673,1947.887,1947.481,1947.695,69.5
2024-01-09T14:01:00+00:00,1947.695,1947.915,1947.345,1947.565,150.5
2024-01-09T14:02:00+00:00,1947.565,1948.315,1947.273,1948.023,92.5
2024-01-09T14:03:00+00:00,1948.023,1948.410,1947.862,1948.249,195.1
2024-01-09T14:04:00+00:00,1948.249,1948.764,1947.829,1948.344,103.7
2024-01-09T14:05:00+00:00,1948.344,1949.363,1947.848,1948.867,124.5
2024-01-09T14:06:00+00:00,1948.867,1949.307,1947.941,1948.381,106.9
2024-01-09T14:07:00+00:00,1948.381,1948.848,1947.551,1948.018,99.2
2024-01-09T14:08:00+00:00,1948.018,1948.184,1946.967,1947.133,183.9
2024-01-09T14:09:00+00:00,1947.133,1947.270,1947.018,1947.156,86.1
2024-01-09T14:10:00+00:00,1947.156,1947.426,1946.991,1947.261,95.2
2024-01-09T14:11:00+00:00,1947.261,1947.880,1947.104,1947.723,94.0
2024-01-09T14:12:00+00:00,1947.723,1948.282,1947.660,1948.219,134.8
2024-01-09T14:13:00+00:00,1948.219,1948.598,1947.881,1948.260,138.0
2024-01-09T14:14:00+00:00,1948.260,1948.485,1947.907,1948.132,108.5
2024-01-09T14:15:00+00:00,1948.132,1948.619,1947.680,1948.168,89.0
2024-01-09T14:16:00+00:00,1948.168,1948.316,1947.658,1947.806,105.4
2024-01-09T14:17:00+00:00,1947.806,1948.681,1947.367,1948.242,187.1
2024-01-09T14:18:00+00:00,1948.242,1948.936,1948.082,1948.777,125.5
2024-01-09T14:19:00+00:00,1948.777,1948.991,1948.432,1948.646,139.4
2024-01-09T14:20:00+00:00,1948.646,1949.134,1948.410,1948.897,176.7
2024-01-09T14:21:00+00:00,1948.897,1949.118,1948.611,1948.833,114.6
2024-01-09T14:22:00+00:00,1948.833,1948.944,1948.729,1948.840,118.5
2024-01-09T14:23:00+00:00,1948.840,1949.211,1948.582,1948.953,115.5
2024-01-09T14:24:00+00:00,1948.953,1949.287,1948.406,1948.740,99.3
2024-01-09T14:25:00+00:00,1948.740,1948.827,1948.480,1948.566,74.3
2024-01-09T14:26:00+00:00,1948.566,1948.891,1948.149,1948.474,96.0
2024-01-09T14:27:00+00:00,1948.474,1948.856,1948.153,1948.535,128.4
2024-01-09T14:28:00+00:00,1948.535,1948.692,1948.208,1948.365,159.3
2024-01-09T14:29:00+00:00,1948.365,1948.693,1947.479,1947.808,76.1
2024-01-09T14:30:00+00:00,1947.808,1947.869,1947.527,1947.589,113.5
2024-01-09T14:31:00+00:00,1947.589,1948.325,1947.418,1948.155,118.6
2024-01-09T14:32:00+00:00,1948.155,1948.539,1948.095,1948.480,96.4
2024-01-09T14:33:00+00:00,1948.480,1949.279,1948.063,1948.863,157.5
2024-01-09T14:34:00+00:00,1948.863,1949.378,1947.945,1948.460,107.8
2024-01-09T14:35:00+00:00,1948.460,1949.065,1948.119,1948.723,189.6
2024-01-09T14:36:00+00:00,1948.723,1949.022,1947.872,1948.171,154.6
2024-01-09T14:37:00+00:00,1948.171,1948.468,1948.045,1948.342,34.3
2024-01-09T14:38:00+00:00,1948.342,1948.590,1948.246,1948.495,43.3
2024-01-09T14:39:00+00:00,1948.495,1950.074,1947.833,1949.412,103.6
2024-01-09T14:40:00+00:00,1949.412,1949.521,1949.305,1949.414,142.1
2024-01-09T14:41:00+00:00,1949.414,1949.683,1949.057,1949.327,109.4
2024-01-09T14:42:00+00:00,1949.327,1949.650,1948.288,1948.611,178.0
2024-01-09T14:43:00+00:00,1948.611,1948.680,1948.311,1948.381,175.6
2024-01-09T14:44:00+00:00,1948.381,1948.827,1948.301,1948.748,141.6
2024-01-09T14:45:00+00:00,1948.748,1949.019,1948.390,1948.662,149.3
2024-01-09T14:46:00+00:00,1948.662,1949.156,1948.220,1948.715,112.3
2024-01-09T14:47:00+00:00,1948.715,1948.849,1948.460,1948.594,114.4
2024-01-09T14:48:00+00:00,1948.594,1948.863,1948.227,1948.496,127.5
2024-01-09T14:49:00+00:00,1948.496,1949.113,1947.997,1948.615,119.2
2024-01-09T14:50:00+00:00,1948.615,1948.779,1947.859,1948.022,187.3
2024-01-09T14:51:00+00:00,1948.022,1948.269,1947.635,1947.882,115.1
2024-01-09T14:52:00+00:00,1947.882,1948.014,1946.779,1946.911,114.5
2024-01-09T14:53:00+00:00,1946.911,1947.103,1946.214,1946.406,94.3
2024-01-09T14:54:00+00:00,1946.406,1946.631,1945.558,1945.783,138.7
2024-01-09T14:55:00+00:00,1945.783,1946.810,1945.427,1946.454,125.7
2024-01-09T14:56:00+00:00,1946.454,1946.567,1946.178,1946.291,148.5
2024-01-09T14:57:00+00:00,1946.291,1946.444,1945.976,1946.128,148.4
2024-01-09T14:58:00+00:00,1946.128,1946.322,1945.638,1945.832,133.2
2024-01-09T14:59:00+00:00,1945.832,1945.930,1945.751,1945.850,104.5
2024-01-09T15:00:00+00:00,1945.850,1946.353,1945.341,1945.844,160.0
2024-01-09T15:01:00+00:00,1945.844,1945.906,1945.247,1945.308,122.7
2024-01-09T15:02:00+00:00,1945.308,1945.726,1944.921,1945.338,116.2
2024-01-09T15:03:00+00:00,1945.338,1945.625,1945.121,1945.407,129.2
2024-01-09T15:04:00+00:00,1945.407,1945.826,1944.171,1944.589,123.0
2024-01-09T15:05:00+00:00,1944.589,1944.833,1944.499,1944.743,106.5
2024-01-09T15:06:00+00:00,1944.743,1945.141,1944.428,1944.826,146.5
2024-01-09T15:07:00+00:00,1944.826,1944.991,1944.656,1944.820,151.2
2024-01-09T15:08:00+00:00,1944.820,1945.294,1944.554,1945.028,111.8
2024-01-09T15:09:00+00:00,1945.028,1945.123,1944.659,1944.755,101.7
2024-01-09T15:10:00+00:00,1944.755,1945.432,1944.496,1945.173,55.8
2024-01-09T15:11:00+00:00,1945.173,1945.802,1944.796,1945.425,150.5
2024-01-09T15:12:00+00:00,1945.425,1945.685,1945.026,1945.287,148.6
2024-01-09T15:13:00+00:00,1945.287,1945.724,1945.222,1945.659,86.1
2024-01-09T15:14:00+00:00,1945.659,1945.775,1945.045,1945.160,95.7
2024-01-09T15:15:00+00:00,1945.160,1945.320,1944.795,1944.954,150.8
2024-01-09T15:16:00+00:00,1944.954,1945.168,1944.058,1944.272,158.3
2024-01-09T15:17:00+00:00,1944.272,1944.419,1944.138,1944.285,138.8
2024-01-09T15:18:00+00:00,1944.285,1944.635,1943.574,1943.923,120.6
2024-01-09T15:19:00+00:00,1943.923,1944.787,1943.624,1944.488,119.9
2024-01-09T15:20:00+00:00,1944.488,1945.016,1944.338,1944.866,85.3
2024-01-09T15:21:00+00:00,1944.866,1944.982,1944.206,1944.322,146.4
2024-01-09T15:22:00+00:00,1944.322,1944.541,1944.263,1944.482,108.2
2024-01-09T15:23:00+00:00,1944.482,1944.949,1944.420,1944.888,77.7
2024-01-09T15:24:00+00:00,1944.888,1945.600,1944.679,1945.392,131.5
2024-01-09T15:25:00+00:00,1945.392,1945.735,1945.083,1945.426,127.3
2024-01-09T15:26:00+00:00,1945.426,1945.984,1945.325,1945.882,106.4
2024-01-09T15:27:00+00:00,1945.882,1946.092,1945.533,1945.743,95.6
2024-01-09T15:28:00+00:00,1945.743,1946.206,1945.634,1946.098,92.7
2024-01-09T15:29:00+00:00,1946.098,1946.183,1945.749,1945.835,172.0
2024-01-09T15:30:00+00:00,1945.835,1946.192,1945.780,1946.137,93.3
2024-01-09T15:31:00+00:00,1946.137,1946.947,1946.019,1946.828,120.0
2024-01-09T15:32:00+00:00,1946.828,1947.205,1946.345,1946.721,125.2
2024-01-09T15:33:00+00:00,1946.721,1946.817,1946.508,1946.604,90.6
2024-01-09T15:34:00+00:00,1946.604,1946.693,1946.192,1946.282,35.2
2024-01-09T15:35:00+00:00,1946.282,1947.264,1945.743,1946.725,87.3
2024-01-09T15:36:00+00:00,1946.725,1947.162,1946.281,1946.718,125.1
2024-01-09T15:37:00+00:00,1946.718,1947.065,1946.486,1946.833,80.8
2024-01-09T15:38:00+00:00,1946.833,1947.041,1946.460,1946.669,112.8
2024-01-09T15:39:00+00:00,1946.669,1947.595,1946.570,1947.496,118.8
2024-01-09T15:40:00+00:00,1947.496,1947.741,1947.120,1947.365,195.5
2024-01-09T15:41:00+00:00,1947.365,1948.234,1946.939,1947.808,88.4
2024-01-09T15:42:00+00:00,1947.808,1948.274,1947.751,1948.217,156.9
2024-01-09T15:43:00+00:00,1948.217,1948.837,1948.006,1948.626,70.7
2024-01-09T15:44:00+00:00,1948.626,1948.891,1948.454,1948.719,133.2
2024-01-09T15:45:00+00:00,1948.719,1949.086,1948.411,1948.779,72.8
2024-01-09T15:46:00+00:00,1948.779,1948.847,1948.503,1948.572,129.5
2024-01-09T15:47:00+00:00,1948.572,1948.629,1948.425,1948.482,121.6
2024-01-09T15:48:00+00:00,1948.482,1948.969,1948.404,1948.891,127.1
2024-01-09T15:49:00+00:00,1948.891,1949.584,1947.623,1948.317,76.9
2024-01-09T15:50:00+00:00,1948.317,1949.105,1947.701,1948.490,132.1
2024-01-09T15:51:00+00:00,1948.490,1948.558,1948.439,1948.507,98.5
2024-01-09T15:52:00+00:00,1948.507,1948.761,1948.160,1948.414,130.6
2024-01-09T15:53:00+00:00,1948.414,1948.628,1948.244,1948.457,126.2
2024-01-09T15:54:00+00:00,1948.457,1948.974,1948.403,1948.920,109.2
2024-01-09T15:55:00+00:00,1948.920,1948.994,1948.494,1948.568,93.0
2024-01-09T15:56:00+00:00,1948.568,1948.832,1947.863,1948.127,101.6
2024-01-09T15:57:00+00:00,1948.127,1948.354,1947.255,1947.482,174.3
2024-01-09T15:58:00+00:00,1947.482,1947.875,1947.106,1947.500,87.5
2024-01-09T15:59:00+00:00,1947.500,1947.952,1947.350,1947.802,126.3
2024-01-09T16:00:00+00:00,1947.802,1947.971,1947.622,1947.791,165.4
2024-01-09T16:01:00+00:00,1947.791,1948.105,1947.700,1948.015,78.8
2024-01-09T16:02:00+00:00,1948.015,1948.660,1947.580,1948.225,139.1
2024-01-09T16:03:00+00:00,1948.225,1948.321,1947.755,1947.850,158.3
2024-01-09T16:04:00+00:00,1947.850,1948.022,1947.518,1947.690,155.7
2024-01-09T16:05:00+00:00,1947.690,1948.752,1947.248,1948.311,68.5
2024-01-09T16:06:00+00:00,1948.311,1948.722,1948.088,1948.499,109.5
2024-01-09T16:07:00+00:00,1948.499,1948.702,1948.349,1948.551,155.4
2024-01-09T16:08:00+00:00,1948.551,1948.664,1947.737,1947.849,82.2
2024-01-09T16:09:00+00:00,1947.849,1948.276,1947.249,1947.677,93.2
2024-01-09T16:10:00+00:00,1947.677,1947.786,1947.620,1947.729,172.8
2024-01-09T16:11:00+00:00,1947.729,1947.864,1947.580,1947.715,130.4
2024-01-09T16:12:00+00:00,1947.715,1948.276,1947.304,1947.865,124.1
2024-01-09T16:13:00+00:00,1947.865,1948.057,1947.788,1947.979,120.1
2024-01-09T16:14:00+00:00,1947.979,1948.318,1947.684,1948.023,120.6
2024-01-09T16:15:00+00:00,1948.023,1948.171,1947.961,1948.109,142.4
2024-01-09T16:16:00+00:00,1948.109,1948.390,1947.729,1948.010,103.1
2024-01-09T16:17:00+00:00,1948.010,1948.836,1947.487,1948.313,126.9
2024-01-09T16:18:00+00:00,1948.313,1948.687,1947.972,1948.347,141.9
2024-01-09T16:19:00+00:00,1948.347,1948.690,1948.073,1948.416,100.6
2024-01-09T16:20:00+00:00,1948.416,1949.155,1947.921,1948.661,131.9
2024-01-09T16:21:00+00:00,1948.661,1949.031,1948.242,1948.613,119.7
2024-01-09T16:22:00+00:00,1948.613,1949.104,1948.416,1948.906,86.9
2024-01-09T16:23:00+00:00,1948.906,1949.197,1948.327,1948.618,89.8
2024-01-09T16:24:00+00:00,1948.618,1948.734,1948.474,1948.589,176.9
2024-01-09T16:25:00+00:00,1948.589,1949.132,1948.181,1948.723,71.1
2024-01-09T16:26:00+00:00,1948.723,1949.570,1948.477,1949.323,133.0
2024-01-09T16:27:00+00:00,1949.323,1949.877,1949.120,1949.675,176.6
2024-01-09T16:28:00+00:00,1949.675,1950.499,1949.196,1950.020,68.3
2024-01-09T16:29:00+00:00,1950.020,1950.715,1949.950,1950.644,159.1
2024-01-09T16:30:00+00:00,1950.644,1950.856,1950.383,1950.594,109.8
2024-01-09T16:31:00+00:00,1950.594,1950.867,1950.498,1950.771,101.7
2024-01-09T16:32:00+00:00,1950.771,1951.227,1950.569,1951.025,92.8
2024-01-09T16:33:00+00:00,1951.025,1951.559,1950.175,1950.710,110.9
2024-01-09T16:34:00+00:00,1950.710,1951.004,1950.488,1950.782,102.2
2024-01-09T16:35:00+00:00,1950.782,1950.863,1950.725,1950.805,136.9
2024-01-09T16:36:00+00:00,1950.805,1951.320,1950.647,1951.162,153.1
2024-01-09T16:37:00+00:00,1951.162,1951.362,1950.698,1950.897,131.0
2024-01-09T16:38:00+00:00,1950.897,1951.114,1950.389,1950.606,133.1
2024-01-09T16:39:00+00:00,1950.606,1951.062,1950.246,1950.702,103.6
2024-01-09T16:40:00+00:00,1950.702,1951.558,1950.444,1951.300,122.4
2024-01-09T16:41:00+00:00,1951.300,1952.110,1951.026,1951.836,114.9
2024-01-09T16:42:00+00:00,1951.836,1952.371,1951.703,1952.238,86.9
2024-01-09T16:43:00+00:00,1952.238,1952.956,1951.792,1952.511,44.8
2024-01-09T16:44:00+00:00,1952.511,1952.993,1952.152,1952.635,111.2
2024-01-09T16:45:00+00:00,1952.635,1953.327,1951.525,1952.217,99.8
2024-01-09T16:46:00+00:00,1952.217,1952.527,1951.993,1952.303,90.7
2024-01-09T16:47:00+00:00,1952.303,1952.404,1952.116,1952.217,172.0
2024-01-09T16:48:00+00:00,1952.217,1952.824,1951.780,1952.387,88.4
2024-01-09T16:49:00+00:00,1952.387,1952.641,1952.229,1952.483,73.6
2024-01-09T16:50:00+00:00,1952.483,1953.953,1952.373,1953.843,127.2
2024-01-09T16:51:00+00:00,1953.843,1954.035,1953.462,1953.654,89.3
2024-01-09T16:52:00+00:00,1953.654,1954.229,1953.504,1954.079,115.7
2024-01-09T16:53:00+00:00,1954.079,1954.566,1953.727,1954.213,126.9
2024-01-09T16:54:00+00:00,1954.213,1954.385,1954.053,1954.225,108.6
2024-01-09T16:55:00+00:00,1954.225,1954.488,1954.047,1954.310,148.6
2024-01-09T16:56:00+00:00,1954.310,1954.600,1953.852,1954.143,90.8
2024-01-09T16:57:00+00:00,1954.143,1954.231,1954.060,1954.148,124.3
2024-01-09T16:58:00+00:00,1954.148,1954.440,1953.064,1953.356,114.5
2024-01-09T16:59:00+00:00,1953.356,1953.970,1953.132,1953.746,164.8
2024-01-09T17:00:00+00:00,1953.746,1953.815,1953.125,1953.194,136.0
2024-01-09T17:01:00+00:00,1953.194,1953.386,1953.079,1953.271,147.7
2024-01-09T17:02:00+00:00,1953.271,1953.467,1952.868,1953.063,151.5
2024-01-09T17:03:00+00:00,1953.063,1953.685,1952.432,1953.054,84.7
2024-01-09T17:04:00+00:00,1953.054,1953.365,1952.517,1952.829,132.8
2024-01-09T17:05:00+00:00,1952.829,1953.491,1951.958,1952.621,136.9
2024-01-09T17:06:00+00:00,1952.621,1952.742,1952.119,1952.240,165.3
2024-01-09T17:07:00+00:00,1952.240,1952.847,1951.938,1952.546,150.7
2024-01-09T17:08:00+00:00,1952.546,1953.142,1951.855,1952.452,103.6
2024-01-09T17:09:00+00:00,1952.452,1952.917,1952.262,1952.728,106.8
2024-01-09T17:10:00+00:00,1952.728,1953.081,1952.392,1952.745,134.8
2024-01-09T17:11:00+00:00,1952.745,1952.954,1952.585,1952.794,171.8
2024-01-09T17:12:00+00:00,1952.794,1953.354,1952.626,1953.186,129.8
2024-01-09T17:13:00+00:00,1953.186,1953.269,1952.631,1952.715,105.6
2024-01-09T17:14:00+00:00,1952.715,1953.237,1952.515,1953.037,133.3
2024-01-09T17:15:00+00:00,1953.037,1953.308,1952.472,1952.743,98.4
2024-01-09T17:16:00+00:00,1952.743,1952.995,1952.550,1952.802,110.4
2024-01-09T17:17:00+00:00,1952.802,1953.185,1952.490,1952.873,172.4
2024-01-09T17:18:00+00:00,1952.873,1953.146,1952.044,1952.317,140.0
2024-01-09T17:19:00+00:00,1952.317,1952.878,1952.150,1952.711,122.8
2024-01-09T17:20:00+00:00,1952.711,1953.325,1952.099,1952.712,114.1
2024-01-09T17:21:00+00:00,1952.712,1953.146,1951.935,1952.369,82.2
2024-01-09T17:22:00+00:00,1952.369,1953.033,1952.223,1952.887,177.8
2024-01-09T17:23:00+00:00,1952.887,1953.320,1952.742,1953.175,139.1
2024-01-09T17:24:00+00:00,1953.175,1953.793,1952.898,1953.516,91.1
2024-01-09T17:25:00+00:00,1953.516,1953.701,1953.204,1953.390,123.1
2024-01-09T17:26:00+00:00,1953.390,1953.744,1953.016,1953.370,99.4
2024-01-09T17:27:00+00:00,1953.370,1954.628,1952.796,1954.054,94.6
2024-01-09T17:28:00+00:00,1954.054,1954.311,1953.995,1954.252,94.9
2024-01-09T17:29:00+00:00,1954.252,1954.631,1954.185,1954.564,169.5
2024-01-09T17:30:00+00:00,1954.564,1954.915,1954.437,1954.788,41.5
2024-01-09T17:31:00+00:00,1954.788,1955.077,1954.528,1954.818,98.9
2024-01-09T17:32:00+00:00,1954.818,1955.407,1954.599,1955.188,67.7
2024-01-09T17:33:00+00:00,1955.188,1955.318,1955.056,1955.185,142.4
2024-01-09T17:34:00+00:00,1955.185,1955.357,1955.132,1955.303,109.7
2024-01-09T17:35:00+00:00,1955.303,1955.354,1955.216,1955.267,88.5
2024-01-09T17:36:00+00:00,1955.267,1955.683,1955.137,1955.553,135.5
2024-01-09T17:37:00+00:00,1955.553,1955.704,1955.290,1955.441,123.8
2024-01-09T17:38:00+00:00,1955.441,1955.976,1955.277,1955.812,147.7
2024-01-09T17:39:00+00:00,1955.812,1955.881,1955.749,1955.818,112.3
2024-01-09T17:40:00+00:00,1955.818,1955.899,1955.366,1955.446,152.3
2024-01-09T17:41:00+00:00,1955.446,1956.035,1955.186,1955.775,128.9
2024-01-09T17:42:00+00:00,1955.775,1956.482,1955.389,1956.096,130.3
2024-01-09T17:43:00+00:00,1956.096,1956.507,1955.861,1956.272,127.6
2024-01-09T17:44:00+00:00,1956.272,1956.819,1955.184,1955.731,178.8
2024-01-09T17:45:00+00:00,1955.731,1956.095,1955.291,1955.655,157.4
2024-01-09T17:46:00+00:00,1955.655,1956.078,1955.323,1955.746,160.5
2024-01-09T17:47:00+00:00,1955.746,1955.971,1955.567,1955.793,134.2
2024-01-09T17:48:00+00:00,1955.793,1956.482,1955.493,1956.182,77.9
2024-01-09T17:49:00+00:00,1956.182,1956.267,1955.671,1955.756,120.3
2024-01-09T17:50:00+00:00,1955.756,1956.167,1955.672,1956.083,114.6
2024-01-09T17:51:00+00:00,1956.083,1957.231,1955.694,1956.842,154.3
2024-01-09T17:52:00+00:00,1956.842,1957.503,1956.598,1957.259,117.5
2024-01-09T17:53:00+00:00,1957.259,1957.613,1956.938,1957.292,94.3
2024-01-09T17:54:00+00:00,1957.292,1957.755,1956.943,1957.405,136.1
2024-01-09T17:55:00+00:00,1957.405,1957.734,1957.297,1957.626,110.0
2024-01-09T17:56:00+00:00,1957.626,1958.059,1957.457,1957.891,130.8
2024-01-09T17:57:00+00:00,1957.891,1958.341,1957.075,1957.525,180.5
2024-01-09T17:58:00+00:00,1957.525,1957.665,1957.216,1957.356,65.9
2024-01-09T17:59:00+00:00,1957.356,1957.587,1956.905,1957.136,143.6
2024-01-09T18:00:00+00:00,1957.136,1957.531,1955.883,1956.278,107.8
2024-01-09T18:01:00+00:00,1956.278,1956.519,1955.922,1956.164,107.0
2024-01-09T18:02:00+00:00,1956.164,1956.279,1955.557,1955.673,155.4
2024-01-09T18:03:00+00:00,1955.673,1955.962,1955.490,1955.780,157.3
2024-01-09T18:04:00+00:00,1955.780,1956.306,1955.476,1956.002,103.0
2024-01-09T18:05:00+00:00,1956.002,1956.064,1955.784,1955.845,155.8
2024-01-09T18:06:00+00:00,1955.845,1955.931,1955.569,1955.655,123.3
2024-01-09T18:07:00+00:00,1955.655,1955.823,1955.130,1955.297,138.1
2024-01-09T18:08:00+00:00,1955.297,1956.252,1954.787,1955.741,141.0
2024-01-09T18:09:00+00:00,1955.741,1956.110,1955.325,1955.693,138.3
2024-01-09T18:10:00+00:00,1955.693,1956.552,1955.567,1956.426,108.3
2024-01-09T18:11:00+00:00,1956.426,1956.829,1955.787,1956.191,136.4
2024-01-09T18:12:00+00:00,1956.191,1956.671,1955.940,1956.420,130.4
2024-01-09T18:13:00+00:00,1956.420,1956.570,1955.805,1955.956,112.8
2024-01-09T18:14:00+00:00,1955.956,1956.300,1955.717,1956.061,162.0
2024-01-09T18:15:00+00:00,1956.061,1956.769,1955.502,1956.209,89.9
2024-01-09T18:16:00+00:00,1956.209,1956.447,1955.283,1955.521,84.5
2024-01-09T18:17:00+00:00,1955.521,1955.756,1955.416,1955.652,152.9
2024-01-09T18:18:00+00:00,1955.652,1956.236,1955.490,1956.074,148.0
2024-01-09T18:19:00+00:00,1956.074,1956.289,1955.911,1956.127,159.7
2024-01-09T18:20:00+00:00,1956.127,1956.193,1955.711,1955.778,165.6
2024-01-09T18:21:00+00:00,1955.778,1955.881,1955.460,1955.563,123.9
2024-01-09T18:22:00+00:00,1955.563,1955.934,1955.096,1955.467,99.7
2024-01-09T18:23:00+00:00,1955.467,1955.784,1954.860,1955.177,127.3
2024-01-09T18:24:00+00:00,1955.177,1955.808,1954.835,1955.467,134.9
2024-01-09T18:25:00+00:00,1955.467,1955.872,1955.158,1955.563,98.8
2024-01-09T18:26:00+00:00,1955.563,1956.276,1955.176,1955.889,173.5
2024-01-09T18:27:00+00:00,1955.889,1956.217,1955.289,1955.616,76.9
2024-01-09T18:28:00+00:00,1955.616,1956.190,1955.420,1955.995,130.1
2024-01-09T18:29:00+00:00,1955.995,1956.354,1955.383,1955.743,167.2
2024-01-09T18:30:00+00:00,1955.743,1955.855,1955.663,1955.776,155.3
2024-01-09T18:31:00+00:00,1955.776,1956.376,1955.393,1955.994,108.1
2024-01-09T18:32:00+00:00,1955.994,1956.289,1955.861,1956.156,103.1
2024-01-09T18:33:00+00:00,1956.156,1956.276,1955.978,1956.098,134.8
2024-01-09T18:34:00+00:00,1956.098,1956.166,1955.970,1956.037,96.0
2024-01-09T18:35:00+00:00,1956.037,1956.440,1955.258,1955.661,91.1
2024-01-09T18:36:00+00:00,1955.661,1956.612,1955.380,1956.331,52.2
2024-01-09T18:37:00+00:00,1956.331,1956.484,1956.003,1956.156,120.6
2024-01-09T18:38:00+00:00,1956.156,1956.354,1955.939,1956.137,157.2
2024-01-09T18:39:00+00:00,1956.137,1956.425,1955.848,1956.136,99.9
2024-01-09T18:40:00+00:00,1956.136,1956.513,1955.563,1955.940,111.7
2024-01-09T18:41:00+00:00,1955.940,1956.032,1955.514,1955.606,150.9
2024-01-09T18:42:00+00:00,1955.606,1955.832,1955.367,1955.592,138.9
2024-01-09T18:43:00+00:00,1955.592,1956.072,1955.492,1955.971,110.7
2024-01-09T18:44:00+00:00,1955.971,1956.682,1955.176,1955.887,114.5
2024-01-09T18:45:00+00:00,1955.887,1956.613,1955.800,1956.526,131.9
2024-01-09T18:46:00+00:00,1956.526,1956.620,1955.770,1955.864,121.6
2024-01-09T18:47:00+00:00,1955.864,1956.014,1955.646,1955.796,80.0
2024-01-09T18:48:00+00:00,1955.796,1955.887,1955.232,1955.323,101.1
2024-01-09T18:49:00+00:00,1955.323,1955.427,1955.228,1955.333,105.2
2024-01-09T18:50:00+00:00,1955.333,1955.837,1954.617,1955.122,87.4
2024-01-09T18:51:00+00:00,1955.122,1955.244,1954.865,1954.988,86.2
2024-01-09T18:52:00+00:00,1954.988,1955.249,1954.436,1954.697,147.6
2024-01-09T18:53:00+00:00,1954.697,1955.633,1953.846,1954.782,144.3
2024-01-09T18:54:00+00:00,1954.782,1955.498,1954.533,1955.248,152.2
2024-01-09T18:55:00+00:00,1955.248,1956.008,1955.105,1955.865,173.1
2024-01-09T18:56:00+00:00,1955.865,1956.192,1955.299,1955.626,118.7
2024-01-09T18:57:00+00:00,1955.626,1955.834,1955.182,1955.390,87.6
2024-01-09T18:58:00+00:00,1955.390,1955.987,1954.862,1955.459,119.1
2024-01-09T18:59:00+00:00,1955.459,1955.972,1955.344,1955.857,129.2
2024-01-09T19:00:00+00:00,1955.857,1956.592,1955.540,1956.274,82.4
2024-01-09T19:01:00+00:00,1956.274,1956.460,1956.155,1956.341,112.2
2024-01-09T19:02:00+00:00,1956.341,1956.688,1955.699,1956.046,85.6
2024-01-09T19:03:00+00:00,1956.046,1956.105,1955.936,1955.996,141.3
2024-01-09T19:04:00+00:00,1955.996,1956.246,1955.630,1955.881,179.7
2024-01-09T19:05:00+00:00,1955.881,1956.128,1955.383,1955.630,115.5
2024-01-09T19:06:00+00:00,1955.630,1955.691,1955.445,1955.505,112.5
2024-01-09T19:07:00+00:00,1955.505,1956.327,1954.828,1955.650,119.2
2024-01-09T19:08:00+00:00,1955.650,1956.002,1955.363,1955.715,108.6
2024-01-09T19:09:00+00:00,1955.715,1957.059,1955.208,1956.552,138.8
2024-01-09T19:10:00+00:00,1956.552,1956.796,1956.428,1956.672,161.2
2024-01-09T19:11:00+00:00,1956.672,1956.924,1956.306,1956.558,140.3
2024-01-09T19:12:00+00:00,1956.558,1956.800,1956.021,1956.263,163.0
2024-01-09T19:13:00+00:00,1956.263,1956.329,1955.688,1955.753,123.5
2024-01-09T19:14:00+00:00,1955.753,1956.287,1955.348,1955.882,113.4
2024-01-09T19:15:00+00:00,1955.882,1956.407,1955.281,1955.806,149.4
2024-01-09T19:16:00+00:00,1955.806,1956.070,1955.321,1955.585,139.5
2024-01-09T19:17:00+00:00,1955.585,1955.693,1955.476,1955.584,112.0
2024-01-09T19:18:00+00:00,1955.584,1955.788,1954.887,1955.091,147.8
2024-01-09T19:19:00+00:00,1955.091,1956.132,1954.582,1955.623,109.0
2024-01-09T19:20:00+00:00,1955.623,1956.513,1954.986,1955.876,112.2
2024-01-09T19:21:00+00:00,1955.876,1956.130,1955.229,1955.483,71.5
2024-01-09T19:22:00+00:00,1955.483,1955.803,1954.844,1955.163,131.9
2024-01-09T19:23:00+00:00,1955.163,1955.764,1954.887,1955.488,172.8
2024-01-09T19:24:00+00:00,1955.488,1955.837,1955.235,1955.584,130.5
2024-01-09T19:25:00+00:00,1955.584,1955.874,1955.327,1955.618,130.1
2024-01-09T19:26:00+00:00,1955.618,1956.749,1955.282,1956.414,101.2
2024-01-09T19:27:00+00:00,1956.414,1956.961,1956.175,1956.722,90.7
2024-01-09T19:28:00+00:00,1956.722,1956.969,1956.257,1956.504,47.0
2024-01-09T19:29:00+00:00,1956.504,1956.862,1956.402,1956.760,156.1
2024-01-09T19:30:00+00:00,1956.760,1956.829,1956.540,1956.608,141.6
2024-01-09T19:31:00+00:00,1956.608,1957.108,1956.478,1956.978,89.6
2024-01-09T19:32:00+00:00,1956.978,1958.042,1956.716,1957.780,160.5
2024-01-09T19:33:00+00:00,1957.780,1958.770,1957.382,1958.372,132.2
2024-01-09T19:34:00+00:00,1958.372,1958.781,1958.168,1958.577,75.7
2024-01-09T19:35:00+00:00,1958.577,1959.184,1958.288,1958.895,132.4
2024-01-09T19:36:00+00:00,1958.895,1959.119,1958.363,1958.587,105.8
2024-01-09T19:37:00+00:00,1958.587,1959.576,1958.489,1959.477,134.9
2024-01-09T19:38:00+00:00,1959.477,1959.597,1959.087,1959.207,118.5
2024-01-09T19:39:00+00:00,1959.207,1959.363,1958.993,1959.149,94.4
2024-01-09T19:40:00+00:00,1959.149,1959.598,1959.006,1959.455,96.1
2024-01-09T19:41:00+00:00,1959.455,1959.869,1959.206,1959.621,114.9
2024-01-09T19:42:00+00:00,1959.621,1959.896,1959.212,1959.487,113.5
2024-01-09T19:43:00+00:00,1959.487,1959.844,1958.890,1959.247,130.3
2024-01-09T19:44:00+00:00,1959.247,1959.654,1958.782,1959.188,108.5
2024-01-09T19:45:00+00:00,1959.188,1959.451,1959.031,1959.294,131.0
2024-01-09T19:46:00+00:00,1959.294,1959.621,1959.098,1959.425,105.6
2024-01-09T19:47:00+00:00,1959.425,1959.628,1958.992,1959.195,108.0
2024-01-09T19:48:00+00:00,1959.195,1959.451,1958.986,1959.243,148.0
2024-01-09T19:49:00+00:00,1959.243,1959.920,1959.025,1959.702,109.2
2024-01-09T19:50:00+00:00,1959.702,1960.337,1959.304,1959.939,83.0
2024-01-09T19:51:00+00:00,1959.939,1960.388,1959.739,1960.189,93.1
2024-01-09T19:52:00+00:00,1960.189,1960.690,1960.009,1960.511,147.4
2024-01-09T19:53:00+00:00,1960.511,1960.630,1960.322,1960.441,110.1
2024-01-09T19:54:00+00:00,1960.441,1961.133,1959.897,1960.589,99.8
2024-01-09T19:55:00+00:00,1960.589,1961.114,1960.349,1960.874,118.1
2024-01-09T19:56:00+00:00,1960.874,1961.140,1960.697,1960.963,106.2
2024-01-09T19:57:00+00:00,1960.963,1961.630,1959.955,1960.622,99.1
2024-01-09T19:58:00+00:00,1960.622,1961.735,1960.144,1961.258,123.5
2024-01-09T19:59:00+00:00,1961.258,1961.776,1960.717,1961.236,179.6
2024-01-09T20:00:00+00:00,1961.236,1961.916,1960.939,1961.620,96.5
2024-01-09T20:01:00+00:00,1961.620,1961.795,1961.234,1961.409,127.7
2024-01-09T20:02:00+00:00,1961.409,1961.518,1961.076,1961.186,163.7
2024-01-09T20:03:00+00:00,1961.186,1962.227,1960.680,1961.721,92.3
2024-01-09T20:04:00+00:00,1961.721,1962.086,1961.276,1961.641,110.5
2024-01-09T20:05:00+00:00,1961.641,1962.479,1961.499,1962.337,161.9
2024-01-09T20:06:00+00:00,1962.337,1962.462,1961.965,1962.090,150.4
2024-01-09T20:07:00+00:00,1962.090,1962.838,1961.584,1962.331,112.0
2024-01-09T20:08:00+00:00,1962.331,1962.646,1962.128,1962.443,101.5
2024-01-09T20:09:00+00:00,1962.443,1963.171,1962.353,1963.081,162.3
2024-01-09T20:10:00+00:00,1963.081,1963.341,1963.011,1963.270,110.9
2024-01-09T20:11:00+00:00,1963.270,1963.535,1962.656,1962.921,142.1
2024-01-09T20:12:00+00:00,1962.921,1963.434,1962.780,1963.293,90.7
2024-01-09T20:13:00+00:00,1963.293,1963.417,1963.087,1963.212,119.7
2024-01-09T20:14:00+00:00,1963.212,1963.872,1962.941,1963.601,105.9
2024-01-09T20:15:00+00:00,1963.601,1964.158,1963.327,1963.884,184.5
2024-01-09T20:16:00+00:00,1963.884,1964.371,1963.629,1964.116,89.7
2024-01-09T20:17:00+00:00,1964.116,1964.186,1963.827,1963.897,127.4
2024-01-09T20:18:00+00:00,1963.897,1964.125,1963.699,1963.926,114.9
2024-01-09T20:19:00+00:00,1963.926,1964.148,1963.728,1963.949,122.5
2024-01-09T20:20:00+00:00,1963.949,1964.282,1963.391,1963.724,164.0
2024-01-09T20:21:00+00:00,1963.724,1963.835,1963.634,1963.744,119.3
2024-01-09T20:22:00+00:00,1963.744,1964.311,1963.619,1964.185,125.5
2024-01-09T20:23:00+00:00,1964.185,1964.380,1963.960,1964.155,90.7
2024-01-09T20:24:00+00:00,1964.155,1964.579,1963.856,1964.279,155.2
2024-01-09T20:25:00+00:00,1964.279,1964.664,1964.154,1964.539,165.8
2024-01-09T20:26:00+00:00,1964.539,1965.226,1964.150,1964.837,85.0
2024-01-09T20:27:00+00:00,1964.837,1965.086,1964.266,1964.516,112.3
2024-01-09T20:28:00+00:00,1964.516,1964.795,1964.143,1964.422,164.1
2024-01-09T20:29:00+00:00,1964.422,1964.501,1963.990,1964.069,79.5
2024-01-09T20:30:00+00:00,1964.069,1964.664,1963.471,1964.065,192.0
2024-01-09T20:31:00+00:00,1964.065,1964.360,1963.655,1963.950,167.4
2024-01-09T20:32:00+00:00,1963.950,1964.431,1963.231,1963.712,130.6
2024-01-09T20:33:00+00:00,1963.712,1964.114,1962.997,1963.399,152.7
2024-01-09T20:34:00+00:00,1963.399,1963.706,1962.898,1963.205,125.3
2024-01-09T20:35:00+00:00,1963.205,1963.533,1962.865,1963.193,122.8
2024-01-09T20:36:00+00:00,1963.193,1964.122,1962.868,1963.796,172.8
2024-01-09T20:37:00+00:00,1963.796,1964.301,1963.726,1964.230,135.9
2024-01-09T20:38:00+00:00,1964.230,1964.721,1963.804,1964.295,85.8
2024-01-09T20:39:00+00:00,1964.295,1965.225,1963.669,1964.599,96.1
2024-01-09T20:40:00+00:00,1964.599,1964.664,1964.152,1964.217,90.0
2024-01-09T20:41:00+00:00,1964.217,1964.450,1964.122,1964.355,106.4
2024-01-09T20:42:00+00:00,1964.355,1964.942,1963.536,1964.123,122.6
2024-01-09T20:43:00+00:00,1964.123,1964.241,1963.621,1963.739,130.8
2024-01-09T20:44:00+00:00,1963.739,1964.378,1963.519,1964.157,163.9
2024-01-09T20:45:00+00:00,1964.157,1964.376,1963.512,1963.731,165.6
2024-01-09T20:46:00+00:00,1963.731,1964.243,1963.413,1963.925,132.1
2024-01-09T20:47:00+00:00,1963.925,1964.129,1963.600,1963.804,151.0
2024-01-09T20:48:00+00:00,1963.804,1964.124,1963.482,1963.802,100.6
2024-01-09T20:49:00+00:00,1963.802,1964.775,1963.549,1964.522,139.7
2024-01-09T20:50:00+00:00,1964.522,1964.976,1964.189,1964.642,112.3
2024-01-09T20:51:00+00:00,1964.642,1964.845,1964.175,1964.377,90.2
2024-01-09T20:52:00+00:00,1964.377,1965.423,1964.280,1965.326,111.1
2024-01-09T20:53:00+00:00,1965.326,1966.022,1965.111,1965.807,114.8
2024-01-09T20:54:00+00:00,1965.807,1966.196,1965.691,1966.080,153.5
2024-01-09T20:55:00+00:00,1966.080,1966.817,1965.957,1966.695,119.0
2024-01-09T20:56:00+00:00,1966.695,1967.041,1966.346,1966.693,131.7
2024-01-09T20:57:00+00:00,1966.693,1967.287,1966.419,1967.013,101.6
2024-01-09T20:58:00+00:00,1967.013,1967.503,1966.628,1967.118,147.6
2024-01-09T20:59:00+00:00,1967.118,1967.563,1967.003,1967.448,109.6
2024-01-09T21:00:00+00:00,1967.448,1967.563,1967.101,1967.216,118.6
2024-01-09T21:01:00+00:00,1967.216,1967.554,1966.448,1966.786,97.9
2024-01-09T21:02:00+00:00,1966.786,1967.129,1966.590,1966.933,104.3
2024-01-09T21:03:00+00:00,1966.933,1967.223,1966.086,1966.376,131.9
2024-01-09T21:04:00+00:00,1966.376,1966.701,1966.025,1966.350,146.7
2024-01-09T21:05:00+00:00,1966.350,1966.415,1966.017,1966.083,69.0
2024-01-09T21:06:00+00:00,1966.083,1966.474,1965.661,1966.053,95.9
2024-01-09T21:07:00+00:00,1966.053,1966.802,1965.639,1966.388,111.5
2024-01-09T21:08:00+00:00,1966.388,1967.236,1965.922,1966.770,133.8
2024-01-09T21:09:00+00:00,1966.770,1967.556,1966.296,1967.082,49.3
2024-01-09T21:10:00+00:00,1967.082,1967.589,1966.051,1966.559,192.7
2024-01-09T21:11:00+00:00,1966.559,1966.886,1966.488,1966.816,127.6
2024-01-09T21:12:00+00:00,1966.816,1967.084,1966.618,1966.886,120.0
2024-01-09T21:13:00+00:00,1966.886,1967.116,1966.669,1966.899,139.8
2024-01-09T21:14:00+00:00,1966.899,1967.486,1966.706,1967.293,92.1
2024-01-09T21:15:00+00:00,1967.293,1968.517,1966.596,1967.819,123.5
2024-01-09T21:16:00+00:00,1967.819,1968.169,1967.642,1967.992,175.3
2024-01-09T21:17:00+00:00,1967.992,1968.322,1967.346,1967.677,105.4
2024-01-09T21:18:00+00:00,1967.677,1968.121,1967.434,1967.879,123.7
2024-01-09T21:19:00+00:00,1967.879,1968.376,1967.662,1968.159,102.5
2024-01-09T21:20:00+00:00,1968.159,1968.637,1967.785,1968.263,126.0
2024-01-09T21:21:00+00:00,1968.263,1968.483,1967.963,1968.183,90.7
2024-01-09T21:22:00+00:00,1968.183,1968.369,1967.875,1968.062,109.8
2024-01-09T21:23:00+00:00,1968.062,1968.171,1967.668,1967.777,80.9
2024-01-09T21:24:00+00:00,1967.777,1968.231,1967.564,1968.018,120.1
2024-01-09T21:25:00+00:00,1968.018,1968.280,1967.745,1968.007,92.2
2024-01-09T21:26:00+00:00,1968.007,1968.275,1967.723,1967.991,86.2
2024-01-09T21:27:00+00:00,1967.991,1968.150,1967.940,1968.100,108.3
2024-01-09T21:28:00+00:00,1968.100,1968.162,1967.818,1967.880,100.3
2024-01-09T21:29:00+00:00,1967.880,1967.980,1967.688,1967.787,141.0
2024-01-09T21:30:00+00:00,1967.787,1968.297,1967.591,1968.101,155.7
2024-01-09T21:31:00+00:00,1968.101,1968.188,1967.674,1967.761,157.9
2024-01-09T21:32:00+00:00,1967.761,1968.706,1967.679,1968.624,110.0
2024-01-09T21:33:00+00:00,1968.624,1968.964,1968.208,1968.549,115.8
2024-01-09T21:34:00+00:00,1968.549,1968.780,1968.228,1968.460,155.3
2024-01-09T21:35:00+00:00,1968.460,1968.925,1967.782,1968.247,144.4
2024-01-09T21:36:00+00:00,1968.247,1968.711,1968.056,1968.519,105.7
2024-01-09T21:37:00+00:00,1968.519,1968.640,1967.774,1967.894,112.3
2024-01-09T21:38:00+00:00,1967.894,1968.291,1967.683,1968.080,134.6
2024-01-09T21:39:00+00:00,1968.080,1968.656,1967.047,1967.623,133.8
2024-01-09T21:40:00+00:00,1967.623,1968.850,1966.813,1968.041,157.8
2024-01-09T21:41:00+00:00,1968.041,1968.126,1967.885,1967.971,75.5
2024-01-09T21:42:00+00:00,1967.971,1968.193,1967.462,1967.684,99.1
2024-01-09T21:43:00+00:00,1967.684,1967.802,1967.601,1967.719,177.7
2024-01-09T21:44:00+00:00,1967.719,1968.441,1967.351,1968.072,106.5
2024-01-09T21:45:00+00:00,1968.072,1968.454,1967.349,1967.731,100.3
2024-01-09T21:46:00+00:00,1967.731,1968.217,1967.668,1968.155,140.0
2024-01-09T21:47:00+00:00,1968.155,1968.303,1968.006,1968.155,122.4
2024-01-09T21:48:00+00:00,1968.155,1968.694,1967.639,1968.179,172.6
2024-01-09T21:49:00+00:00,1968.179,1968.550,1967.979,1968.351,62.3
2024-01-09T21:50:00+00:00,1968.351,1968.986,1967.722,1968.358,97.3
2024-01-09T21:51:00+00:00,1968.358,1969.026,1968.009,1968.677,108.5
2024-01-09T21:52:00+00:00,1968.677,1968.837,1968.489,1968.649,143.5
2024-01-09T21:53:00+00:00,1968.649,1969.116,1968.232,1968.699,154.5
2024-01-09T21:54:00+00:00,1968.699,1969.421,1968.020,1968.742,111.5
2024-01-09T21:55:00+00:00,1968.742,1968.845,1968.474,1968.577,94.5
2024-01-09T21:56:00+00:00,1968.577,1968.644,1968.414,1968.481,146.2
2024-01-09T21:57:00+00:00,1968.481,1968.866,1967.602,1967.987,97.6
2024-01-09T21:58:00+00:00,1967.987,1968.147,1967.768,1967.928,97.6
2024-01-09T21:59:00+00:00,1967.928,1968.653,1967.754,1968.479,113.8
2024-01-09T22:00:00+00:00,1968.479,1968.874,1968.145,1968.540,129.0
2024-01-09T22:01:00+00:00,1968.540,1968.765,1968.363,1968.588,125.0
2024-01-09T22:02:00+00:00,1968.588,1968.900,1968.453,1968.766,119.8
2024-01-09T22:03:00+00:00,1968.766,1968.941,1968.005,1968.180,154.4
2024-01-09T22:04:00+00:00,1968.180,1968.768,1968.113,1968.700,57.8
2024-01-09T22:05:00+00:00,1968.700,1969.446,1968.612,1969.358,194.7
2024-01-09T22:06:00+00:00,1969.358,1969.651,1968.965,1969.258,102.5
2024-01-09T22:07:00+00:00,1969.258,1970.091,1968.926,1969.758,89.1
2024-01-09T22:08:00+00:00,1969.758,1970.977,1969.016,1970.234,113.9
2024-01-09T22:09:00+00:00,1970.234,1970.354,1969.737,1969.857,108.4
2024-01-09T22:10:00+00:00,1969.857,1970.161,1969.085,1969.388,127.5
2024-01-09T22:11:00+00:00,1969.388,1969.702,1968.591,1968.904,133.1
2024-01-09T22:12:00+00:00,1968.904,1969.294,1968.489,1968.879,93.6
2024-01-09T22:13:00+00:00,1968.879,1969.516,1968.505,1969.143,110.6
2024-01-09T22:14:00+00:00,1969.143,1969.572,1968.963,1969.392,117.0
2024-01-09T22:15:00+00:00,1969.392,1970.062,1968.973,1969.643,157.9
2024-01-09T22:16:00+00:00,1969.643,1969.943,1969.530,1969.830,78.5
2024-01-09T22:17:00+00:00,1969.830,1970.946,1969.326,1970.441,57.3
2024-01-09T22:18:00+00:00,1970.441,1970.826,1970.381,1970.766,140.8
2024-01-09T22:19:00+00:00,1970.766,1970.994,1970.672,1970.900,119.9
2024-01-09T22:20:00+00:00,1970.900,1971.250,1970.567,1970.917,112.8
2024-01-09T22:21:00+00:00,1970.917,1971.127,1970.548,1970.758,138.8
2024-01-09T22:22:00+00:00,1970.758,1971.052,1970.639,1970.933,162.9
2024-01-09T22:23:00+00:00,1970.933,1971.439,1970.829,1971.336,113.9
2024-01-09T22:24:00+00:00,1971.336,1972.089,1970.832,1971.585,105.2
2024-01-09T22:25:00+00:00,1971.585,1971.679,1971.273,1971.367,108.8
2024-01-09T22:26:00+00:00,1971.367,1972.452,1971.138,1972.223,131.9
2024-01-09T22:27:00+00:00,1972.223,1973.061,1972.171,1973.009,110.7
2024-01-09T22:28:00+00:00,1973.009,1973.699,1972.757,1973.447,147.0
2024-01-09T22:29:00+00:00,1973.447,1974.014,1973.313,1973.879,100.8
2024-01-09T22:30:00+00:00,1973.879,1973.954,1973.583,1973.659,149.2
2024-01-09T22:31:00+00:00,1973.659,1973.835,1973.143,1973.319,81.0
2024-01-09T22:32:00+00:00,1973.319,1974.258,1973.075,1974.013,126.6
2024-01-09T22:33:00+00:00,1974.013,1974.309,1973.321,1973.616,101.2
2024-01-09T22:34:00+00:00,1973.616,1974.005,1973.258,1973.647,113.7
2024-01-09T22:35:00+00:00,1973.647,1974.133,1973.591,1974.077,122.9
2024-01-09T22:36:00+00:00,1974.077,1974.193,1973.274,1973.390,116.1
2024-01-09T22:37:00+00:00,1973.390,1973.771,1972.788,1973.169,117.9
2024-01-09T22:38:00+00:00,1973.169,1973.351,1972.658,1972.840,74.3
2024-01-09T22:39:00+00:00,1972.840,1973.111,1972.550,1972.821,95.5
2024-01-09T22:40:00+00:00,1972.821,1973.364,1972.402,1972.945,137.0
2024-01-09T22:41:00+00:00,1972.945,1973.281,1972.804,1973.140,145.8
2024-01-09T22:42:00+00:00,1973.140,1973.202,1972.797,1972.858,168.8
2024-01-09T22:43:00+00:00,1972.858,1973.178,1972.541,1972.860,153.7
2024-01-09T22:44:00+00:00,1972.860,1973.169,1972.743,1973.052,67.9
2024-01-09T22:45:00+00:00,1973.052,1973.465,1972.005,1972.418,163.4
2024-01-09T22:46:00+00:00,1972.418,1972.784,1972.161,1972.527,153.5
2024-01-09T22:47:00+00:00,1972.527,1973.283,1972.277,1973.033,134.1
2024-01-09T22:48:00+00:00,1973.033,1973.174,1972.347,1972.488,172.6
2024-01-09T22:49:00+00:00,1972.488,1972.554,1971.945,1972.011,101.4
2024-01-09T22:50:00+00:00,1972.011,1972.083,1971.915,1971.987,128.4
2024-01-09T22:51:00+00:00,1971.987,1972.470,1971.811,1972.294,150.6
2024-01-09T22:52:00+00:00,1972.294,1972.959,1971.976,1972.641,100.8
2024-01-09T22:53:00+00:00,1972.641,1972.920,1972.503,1972.782,95.4
2024-01-09T22:54:00+00:00,1972.782,1973.565,1972.661,1973.444,121.6
2024-01-09T22:55:00+00:00,1973.444,1973.547,1972.622,1972.726,142.6
2024-01-09T22:56:00+00:00,1972.726,1972.908,1972.477,1972.660,162.7
2024-01-09T22:57:00+00:00,1972.660,1972.788,1972.425,1972.552,117.1
2024-01-09T22:58:00+00:00,1972.552,1972.859,1972.167,1972.474,136.7
2024-01-09T22:59:00+00:00,1972.474,1972.608,1972.313,1972.447,113.4
2024-01-09T23:00:00+00:00,1972.447,1973.139,1972.323,1973.015,139.1
2024-01-09T23:01:00+00:00,1973.015,1973.144,1972.343,1972.472,140.2
2024-01-09T23:02:00+00:00,1972.472,1973.024,1972.345,1972.897,136.9
2024-01-09T23:03:00+00:00,1972.897,1973.310,1972.589,1973.002,179.9
2024-01-09T23:04:00+00:00,1973.002,1973.315,1972.753,1973.066,137.4
2024-01-09T23:05:00+00:00,1973.066,1973.271,1972.815,1973.021,142.7
2024-01-09T23:06:00+00:00,1973.021,1973.225,1972.864,1973.068,129.1
2024-01-09T23:07:00+00:00,1973.068,1973.185,1972.515,1972.633,94.1
2024-01-09T23:08:00+00:00,1972.633,1972.858,1972.553,1972.778,114.0
2024-01-09T23:09:00+00:00,1972.778,1972.842,1972.293,1972.357,100.1
2024-01-09T23:10:00+00:00,1972.357,1972.577,1972.083,1972.302,147.7
2024-01-09T23:11:00+00:00,1972.302,1972.579,1971.575,1971.851,159.9
2024-01-09T23:12:00+00:00,1971.851,1972.337,1971.734,1972.220,117.7
2024-01-09T23:13:00+00:00,1972.220,1972.926,1972.096,1972.801,75.4
2024-01-09T23:14:00+00:00,1972.801,1972.942,1972.681,1972.822,90.6
2024-01-09T23:15:00+00:00,1972.822,1973.348,1971.865,1972.392,123.3
2024-01-09T23:16:00+00:00,1972.392,1972.834,1972.199,1972.642,76.8
2024-01-09T23:17:00+00:00,1972.642,1973.015,1972.192,1972.565,100.5
2024-01-09T23:18:00+00:00,1972.565,1972.657,1971.861,1971.953,112.3
2024-01-09T23:19:00+00:00,1971.953,1972.250,1971.645,1971.942,110.9
2024-01-09T23:20:00+00:00,1971.942,1972.207,1971.480,1971.746,124.7
2024-01-09T23:21:00+00:00,1971.746,1972.085,1971.686,1972.025,57.6
2024-01-09T23:22:00+00:00,1972.025,1972.206,1971.174,1971.355,145.5
2024-01-09T23:23:00+00:00,1971.355,1971.699,1971.290,1971.634,67.7
2024-01-09T23:24:00+00:00,1971.634,1971.783,1971.304,1971.453,159.9
2024-01-09T23:25:00+00:00,1971.453,1971.635,1971.133,1971.315,97.3
2024-01-09T23:26:00+00:00,1971.315,1971.900,1971.053,1971.639,67.9
2024-01-09T23:27:00+00:00,1971.639,1972.299,1971.371,1972.031,76.9
2024-01-09T23:28:00+00:00,1972.031,1972.258,1971.251,1971.479,186.9
2024-01-09T23:29:00+00:00,1971.479,1972.673,1971.134,1972.328,100.3
2024-01-09T23:30:00+00:00,1972.328,1972.512,1972.176,1972.361,106.6
2024-01-09T23:31:00+00:00,1972.361,1972.507,1971.649,1971.795,100.1
2024-01-09T23:32:00+00:00,1971.795,1971.880,1971.089,1971.174,78.3
2024-01-09T23:33:00+00:00,1971.174,1971.590,1970.140,1970.555,147.6
2024-01-09T23:34:00+00:00,1970.555,1971.097,1970.476,1971.018,108.5
2024-01-09T23:35:00+00:00,1971.018,1971.392,1970.588,1970.962,141.7
2024-01-09T23:36:00+00:00,1970.962,1971.153,1970.838,1971.029,66.7
2024-01-09T23:37:00+00:00,1971.029,1971.471,1970.522,1970.964,162.5
2024-01-09T23:38:00+00:00,1970.964,1971.369,1970.828,1971.233,124.3
2024-01-09T23:39:00+00:00,1971.233,1971.493,1971.133,1971.394,150.7
2024-01-09T23:40:00+00:00,1971.394,1972.010,1970.529,1971.146,50.7
2024-01-09T23:41:00+00:00,1971.146,1971.524,1970.427,1970.805,139.5
2024-01-09T23:42:00+00:00,1970.805,1971.190,1970.755,1971.139,135.8
2024-01-09T23:43:00+00:00,1971.139,1971.234,1971.041,1971.135,106.2
2024-01-09T23:44:00+00:00,1971.135,1971.476,1970.632,1970.973,112.6
2024-01-09T23:45:00+00:00,1970.973,1971.312,1970.589,1970.928,148.8
2024-01-09T23:46:00+00:00,1970.928,1971.040,1970.656,1970.768,91.3
2024-01-09T23:47:00+00:00,1970.768,1970.910,1970.640,1970.781,120.0
2024-01-09T23:48:00+00:00,1970.781,1970.946,1970.642,1970.807,47.6
2024-01-09T23:49:00+00:00,1970.807,1970.878,1970.421,1970.492,105.6
2024-01-09T23:50:00+00:00,1970.492,1970.600,1970.031,1970.139,166.5
2024-01-09T23:51:00+00:00,1970.139,1970.342,1969.824,1970.027,105.9
2024-01-09T23:52:00+00:00,1970.027,1970.196,1969.429,1969.598,92.0
2024-01-09T23:53:00+00:00,1969.598,1970.145,1969.327,1969.875,136.8
2024-01-09T23:54:00+00:00,1969.875,1970.262,1969.804,1970.192,69.8
2024-01-09T23:55:00+00:00,1970.192,1970.397,1969.928,1970.134,74.7
2024-01-09T23:56:00+00:00,1970.134,1970.452,1969.375,1969.693,132.9
2024-01-09T23:57:00+00:00,1969.693,1970.330,1969.480,1970.117,122.0
2024-01-09T23:58:00+00:00,1970.117,1970.486,1969.860,1970.229,119.5
2024-01-09T23:59:00+00:00,1970.229,1970.357,1969.992,1970.120,110.8
2024-01-10T00:00:00+00:00,1970.120,1971.133,1969.883,1970.896,76.8
2024-01-10T00:01:00+00:00,1970.896,1971.199,1970.112,1970.416,108.1
2024-01-10T00:02:00+00:00,1970.416,1970.538,1970.314,1970.436,128.4
2024-01-10T00:03:00+00:00,1970.436,1970.509,1969.828,1969.901,103.2
2024-01-10T00:04:00+00:00,1969.901,1970.434,1969.699,1970.232,84.1
2024-01-10T00:05:00+00:00,1970.232,1970.421,1969.672,1969.862,155.1
2024-01-10T00:06:00+00:00,1969.862,1970.172,1969.775,1970.085,152.4
2024-01-10T00:07:00+00:00,1970.085,1970.261,1969.064,1969.239,91.4
2024-01-10T00:08:00+00:00,1969.239,1969.427,1968.670,1968.858,128.4
2024-01-10T00:09:00+00:00,1968.858,1968.994,1968.779,1968.915,138.2
2024-01-10T00:10:00+00:00,1968.915,1969.333,1968.725,1969.143,147.4
2024-01-10T00:11:00+00:00,1969.143,1969.620,1968.309,1968.786,81.8
2024-01-10T00:12:00+00:00,1968.786,1969.100,1968.338,1968.653,121.5
2024-01-10T00:13:00+00:00,1968.653,1969.291,1968.426,1969.063,172.1
2024-01-10T00:14:00+00:00,1969.063,1969.647,1968.919,1969.503,103.4
2024-01-10T00:15:00+00:00,1969.503,1970.507,1968.767,1969.772,97.6
2024-01-10T00:16:00+00:00,1969.772,1970.119,1969.712,1970.059,192.2
2024-01-10T00:17:00+00:00,1970.059,1970.427,1969.419,1969.787,113.7
2024-01-10T00:18:00+00:00,1969.787,1970.413,1969.319,1969.945,69.4
2024-01-10T00:19:00+00:00,1969.945,1970.316,1969.587,1969.958,100.2
2024-01-10T00:20:00+00:00,1969.958,1970.305,1969.420,1969.767,142.6
2024-01-10T00:21:00+00:00,1969.767,1970.206,1969.571,1970.010,127.2
2024-01-10T00:22:00+00:00,1970.010,1970.388,1969.930,1970.308,141.2
2024-01-10T00:23:00+00:00,1970.308,1970.914,1969.940,1970.547,135.1
2024-01-10T00:24:00+00:00,1970.547,1970.770,1970.314,1970.538,75.4
2024-01-10T00:25:00+00:00,1970.538,1970.983,1969.447,1969.891,124.1
2024-01-10T00:26:00+00:00,1969.891,1970.084,1969.305,1969.497,116.1
2024-01-10T00:27:00+00:00,1969.497,1969.729,1969.248,1969.480,149.3
2024-01-10T00:28:00+00:00,1969.480,1970.218,1968.127,1968.864,88.9
2024-01-10T00:29:00+00:00,1968.864,1969.608,1968.649,1969.393,70.5
2024-01-10T00:30:00+00:00,1969.393,1969.458,1968.874,1968.939,128.3
2024-01-10T00:31:00+00:00,1968.939,1968.996,1968.695,1968.751,124.8
2024-01-10T00:32:00+00:00,1968.751,1968.816,1968.260,1968.324,186.7
2024-01-10T00:33:00+00:00,1968.324,1968.617,1967.767,1968.060,139.6
2024-01-10T00:34:00+00:00,1968.060,1968.786,1967.753,1968.480,101.9
2024-01-10T00:35:00+00:00,1968.480,1968.583,1968.309,1968.412,113.8
2024-01-10T00:36:00+00:00,1968.412,1968.826,1968.095,1968.510,136.4
2024-01-10T00:37:00+00:00,1968.510,1968.606,1968.368,1968.464,172.8
2024-01-10T00:38:00+00:00,1968.464,1969.007,1967.463,1968.006,142.0
2024-01-10T00:39:00+00:00,1968.006,1968.234,1967.766,1967.994,174.2
2024-01-10T00:40:00+00:00,1967.994,1968.646,1967.720,1968.371,181.5
2024-01-10T00:41:00+00:00,1968.371,1968.449,1967.633,1967.711,110.9
2024-01-10T00:42:00+00:00,1967.711,1967.779,1967.355,1967.424,136.1
2024-01-10T00:43:00+00:00,1967.424,1967.643,1967.343,1967.563,80.9
2024-01-10T00:44:00+00:00,1967.563,1967.916,1967.363,1967.717,182.7
2024-01-10T00:45:00+00:00,1967.717,1968.054,1967.659,1967.996,86.1
2024-01-10T00:46:00+00:00,1967.996,1969.109,1967.780,1968.893,126.2
2024-01-10T00:47:00+00:00,1968.893,1969.286,1968.716,1969.109,159.4
2024-01-10T00:48:00+00:00,1969.109,1969.329,1968.497,1968.717,125.5
2024-01-10T00:49:00+00:00,1968.717,1968.914,1968.053,1968.250,161.0
2024-01-10T00:50:00+00:00,1968.250,1968.390,1968.175,1968.315,103.6
2024-01-10T00:51:00+00:00,1968.315,1968.370,1968.235,1968.290,88.1
2024-01-10T00:52:00+00:00,1968.290,1968.890,1967.924,1968.524,158.2
2024-01-10T00:53:00+00:00,1968.524,1969.132,1967.758,1968.366,74.1
2024-01-10T00:54:00+00:00,1968.366,1968.693,1968.101,1968.428,173.9
2024-01-10T00:55:00+00:00,1968.428,1969.437,1967.857,1968.865,146.5
2024-01-10T00:56:00+00:00,1968.865,1969.494,1968.666,1969.295,158.9
2024-01-10T00:57:00+00:00,1969.295,1969.353,1969.044,1969.103,79.6
2024-01-10T00:58:00+00:00,1969.103,1969.252,1968.936,1969.086,118.6
2024-01-10T00:59:00+00:00,1969.086,1969.363,1968.386,1968.662,147.1
2024-01-10T01:00:00+00:00,1968.662,1968.906,1968.352,1968.596,149.7
2024-01-10T01:01:00+00:00,1968.596,1968.651,1968.159,1968.214,64.7
2024-01-10T01:02:00+00:00,1968.214,1968.371,1967.664,1967.821,94.3
2024-01-10T01:03:00+00:00,1967.821,1968.059,1967.678,1967.917,58.7
2024-01-10T01:04:00+00:00,1967.917,1968.343,1967.286,1967.713,120.8
2024-01-10T01:05:00+00:00,1967.713,1967.937,1967.491,1967.716,72.3
2024-01-10T01:06:00+00:00,1967.716,1968.479,1966.365,1967.128,114.9
2024-01-10T01:07:00+00:00,1967.128,1967.209,1966.706,1966.787,62.3
2024-01-10T01:08:00+00:00,1966.787,1967.713,1966.312,1967.238,98.0
2024-01-10T01:09:00+00:00,1967.238,1967.581,1966.967,1967.311,145.6
2024-01-10T01:10:00+00:00,1967.311,1967.397,1966.898,1966.984,159.4
2024-01-10T01:11:00+00:00,1966.984,1967.255,1966.856,1967.127,74.7
2024-01-10T01:12:00+00:00,1967.127,1967.476,1966.189,1966.538,135.7
2024-01-10T01:13:00+00:00,1966.538,1966.904,1966.154,1966.520,124.4
2024-01-10T01:14:00+00:00,1966.520,1966.596,1966.156,1966.232,117.5
2024-01-10T01:15:00+00:00,1966.232,1966.906,1965.515,1966.189,137.3
2024-01-10T01:16:00+00:00,1966.189,1966.364,1966.077,1966.251,100.1
2024-01-10T01:17:00+00:00,1966.251,1966.767,1965.352,1965.867,106.3
2024-01-10T01:18:00+00:00,1965.867,1966.379,1964.793,1965.304,92.3
2024-01-10T01:19:00+00:00,1965.304,1965.700,1964.164,1964.560,157.3
2024-01-10T01:20:00+00:00,1964.560,1965.120,1963.628,1964.188,140.1
2024-01-10T01:21:00+00:00,1964.188,1964.247,1963.212,1963.271,90.1
2024-01-10T01:22:00+00:00,1963.271,1963.386,1962.514,1962.629,154.9
2024-01-10T01:23:00+00:00,1962.629,1963.159,1962.217,1962.747,100.2
2024-01-10T01:24:00+00:00,1962.747,1963.083,1962.114,1962.449,117.4
2024-01-10T01:25:00+00:00,1962.449,1962.724,1961.796,1962.071,61.0
2024-01-10T01:26:00+00:00,1962.071,1962.345,1961.469,1961.743,63.0
2024-01-10T01:27:00+00:00,1961.743,1961.850,1961.667,1961.774,144.4
2024-01-10T01:28:00+00:00,1961.774,1962.051,1961.064,1961.341,167.0
2024-01-10T01:29:00+00:00,1961.341,1962.560,1960.886,1962.106,119.1
2024-01-10T01:30:00+00:00,1962.106,1962.186,1961.919,1962.000,90.6
2024-01-10T01:31:00+00:00,1962.000,1962.904,1961.360,1962.264,165.1
2024-01-10T01:32:00+00:00,1962.264,1962.459,1961.703,1961.898,142.2
2024-01-10T01:33:00+00:00,1961.898,1962.149,1961.659,1961.910,157.1
2024-01-10T01:34:00+00:00,1961.910,1962.366,1961.604,1962.060,115.0
2024-01-10T01:35:00+00:00,1962.060,1962.637,1961.895,1962.473,86.5
2024-01-10T01:36:00+00:00,1962.473,1962.872,1962.039,1962.438,158.0
2024-01-10T01:37:00+00:00,1962.438,1963.130,1961.969,1962.661,125.1
2024-01-10T01:38:00+00:00,1962.661,1963.066,1962.521,1962.927,132.8
2024-01-10T01:39:00+00:00,1962.927,1962.992,1962.622,1962.688,117.4
2024-01-10T01:40:00+00:00,1962.688,1963.118,1962.396,1962.826,86.2
2024-01-10T01:41:00+00:00,1962.826,1963.083,1962.650,1962.908,135.6
2024-01-10T01:42:00+00:00,1962.908,1963.286,1962.321,1962.699,142.4
2024-01-10T01:43:00+00:00,1962.699,1962.994,1962.464,1962.759,109.8
2024-01-10T01:44:00+00:00,1962.759,1963.125,1962.235,1962.601,69.2
2024-01-10T01:45:00+00:00,1962.601,1963.358,1962.420,1963.177,118.3
2024-01-10T01:46:00+00:00,1963.177,1963.379,1962.976,1963.178,96.9
2024-01-10T01:47:00+00:00,1963.178,1963.530,1962.889,1963.242,64.5
2024-01-10T01:48:00+00:00,1963.242,1963.356,1963.167,1963.281,139.7
2024-01-10T01:49:00+00:00,1963.281,1963.670,1963.054,1963.443,143.8
2024-01-10T01:50:00+00:00,1963.443,1963.798,1962.686,1963.041,200.9
2024-01-10T01:51:00+00:00,1963.041,1963.406,1962.444,1962.809,140.6
2024-01-10T01:52:00+00:00,1962.809,1963.404,1962.506,1963.101,166.4
2024-01-10T01:53:00+00:00,1963.101,1963.247,1962.436,1962.582,133.9
2024-01-10T01:54:00+00:00,1962.582,1963.264,1962.308,1962.990,120.9
2024-01-10T01:55:00+00:00,1962.990,1963.080,1962.738,1962.828,115.6
2024-01-10T01:56:00+00:00,1962.828,1963.321,1962.250,1962.743,119.0
2024-01-10T01:57:00+00:00,1962.743,1962.889,1962.589,1962.735,13.2
2024-01-10T01:58:00+00:00,1962.735,1962.949,1962.246,1962.460,93.9
2024-01-10T01:59:00+00:00,1962.460,1963.274,1962.176,1962.990,114.4
2024-01-10T02:00:00+00:00,1962.990,1964.047,1962.114,1963.171,90.9
2024-01-10T02:01:00+00:00,1963.171,1963.505,1962.971,1963.305,164.7
2024-01-10T02:02:00+00:00,1963.305,1963.745,1963.224,1963.664,138.6
2024-01-10T02:03:00+00:00,1963.664,1964.111,1962.905,1963.352,145.4
2024-01-10T02:04:00+00:00,1963.352,1964.024,1963.226,1963.897,104.2
2024-01-10T02:05:00+00:00,1963.897,1964.488,1962.645,1963.236,83.9
2024-01-10T02:06:00+00:00,1963.236,1963.334,1962.765,1962.864,156.7
2024-01-10T02:07:00+00:00,1962.864,1962.918,1962.796,1962.850,120.6
2024-01-10T02:08:00+00:00,1962.850,1963.177,1962.791,1963.118,124.9
2024-01-10T02:09:00+00:00,1963.118,1963.446,1962.731,1963.060,160.5
2024-01-10T02:10:00+00:00,1963.060,1963.441,1962.403,1962.784,106.9
2024-01-10T02:11:00+00:00,1962.784,1963.041,1962.507,1962.764,75.7
2024-01-10T02:12:00+00:00,1962.764,1962.858,1962.191,1962.286,131.6
2024-01-10T02:13:00+00:00,1962.286,1962.620,1961.534,1961.868,125.3
2024-01-10T02:14:00+00:00,1961.868,1962.324,1961.330,1961.786,93.6
2024-01-10T02:15:00+00:00,1961.786,1962.591,1961.470,1962.275,151.6
2024-01-10T02:16:00+00:00,1962.275,1962.698,1961.282,1961.705,168.4
2024-01-10T02:17:00+00:00,1961.705,1961.925,1961.228,1961.449,139.0
2024-01-10T02:18:00+00:00,1961.449,1961.638,1960.792,1960.981,156.8
2024-01-10T02:19:00+00:00,1960.981,1961.173,1960.849,1961.041,115.3
2024-01-10T02:20:00+00:00,1961.041,1961.617,1960.785,1961.362,168.1
2024-01-10T02:21:00+00:00,1961.362,1961.493,1961.189,1961.320,70.8
2024-01-10T02:22:00+00:00,1961.320,1961.430,1961.023,1961.133,157.6
2024-01-10T02:23:00+00:00,1961.133,1961.214,1960.451,1960.533,99.3
2024-01-10T02:24:00+00:00,1960.533,1960.584,1960.027,1960.079,97.2
2024-01-10T02:25:00+00:00,1960.079,1961.078,1959.352,1960.351,142.2
2024-01-10T02:26:00+00:00,1960.351,1960.891,1959.109,1959.649,135.7
2024-01-10T02:27:00+00:00,1959.649,1959.731,1959.413,1959.496,90.9
2024-01-10T02:28:00+00:00,1959.496,1959.731,1958.859,1959.093,118.4
2024-01-10T02:29:00+00:00,1959.093,1959.248,1958.609,1958.764,94.1
2024-01-10T02:30:00+00:00,1958.764,1959.148,1958.428,1958.812,57.3
2024-01-10T02:31:00+00:00,1958.812,1958.867,1957.801,1957.855,122.9
2024-01-10T02:32:00+00:00,1957.855,1958.395,1957.619,1958.159,85.7
2024-01-10T02:33:00+00:00,1958.159,1958.400,1957.360,1957.600,101.2
2024-01-10T02:34:00+00:00,1957.600,1957.983,1957.531,1957.913,111.7
2024-01-10T02:35:00+00:00,1957.913,1958.132,1957.004,1957.224,143.8
2024-01-10T02:36:00+00:00,1957.224,1957.444,1956.754,1956.974,70.5
2024-01-10T02:37:00+00:00,1956.974,1958.045,1956.225,1957.295,153.6
2024-01-10T02:38:00+00:00,1957.295,1957.732,1956.936,1957.373,104.1
2024-01-10T02:39:00+00:00,1957.373,1957.470,1957.010,1957.107,59.2
2024-01-10T02:40:00+00:00,1957.107,1957.355,1956.518,1956.767,124.4
2024-01-10T02:41:00+00:00,1956.767,1957.256,1956.502,1956.991,85.5
2024-01-10T02:42:00+00:00,1956.991,1957.158,1956.315,1956.481,121.0
2024-01-10T02:43:00+00:00,1956.481,1956.735,1956.218,1956.472,150.7
2024-01-10T02:44:00+00:00,1956.472,1956.946,1956.136,1956.609,109.4
2024-01-10T02:45:00+00:00,1956.609,1956.880,1956.544,1956.815,91.7
2024-01-10T02:46:00+00:00,1956.815,1957.280,1956.284,1956.749,114.6
2024-01-10T02:47:00+00:00,1956.749,1956.998,1956.525,1956.773,88.3
2024-01-10T02:48:00+00:00,1956.773,1957.007,1956.035,1956.269,57.6
2024-01-10T02:49:00+00:00,1956.269,1956.975,1955.294,1956.000,124.3
2024-01-10T02:50:00+00:00,1956.000,1956.221,1955.474,1955.695,173.2
2024-01-10T02:51:00+00:00,1955.695,1955.773,1955.167,1955.246,117.6
2024-01-10T02:52:00+00:00,1955.246,1955.477,1954.718,1954.949,69.5
2024-01-10T02:53:00+00:00,1954.949,1955.325,1954.238,1954.614,162.6
2024-01-10T02:54:00+00:00,1954.614,1954.840,1954.248,1954.474,133.9
2024-01-10T02:55:00+00:00,1954.474,1954.559,1954.388,1954.472,156.6
2024-01-10T02:56:00+00:00,1954.472,1954.738,1954.366,1954.631,113.0
2024-01-10T02:57:00+00:00,1954.631,1955.117,1954.432,1954.918,98.4
2024-01-10T02:58:00+00:00,1954.918,1955.093,1954.605,1954.780,158.0
2024-01-10T02:59:00+00:00,1954.780,1954.935,1954.708,1954.863,104.1
2024-01-10T03:00:00+00:00,1954.863,1955.478,1954.703,1955.317,182.7
2024-01-10T03:01:00+00:00,1955.317,1955.698,1955.213,1955.594,103.5
2024-01-10T03:02:00+00:00,1955.594,1955.689,1955.355,1955.451,143.8
2024-01-10T03:03:00+00:00,1955.451,1956.022,1955.007,1955.578,74.2
2024-01-10T03:04:00+00:00,1955.578,1955.984,1955.138,1955.544,89.0
2024-01-10T03:05:00+00:00,1955.544,1955.757,1955.075,1955.288,90.8
2024-01-10T03:06:00+00:00,1955.288,1955.624,1954.375,1954.710,110.4
2024-01-10T03:07:00+00:00,1954.710,1955.331,1954.383,1955.004,50.2
2024-01-10T03:08:00+00:00,1955.004,1955.275,1954.479,1954.750,103.2
2024-01-10T03:09:00+00:00,1954.750,1955.163,1954.430,1954.843,161.9
2024-01-10T03:10:00+00:00,1954.843,1955.262,1954.529,1954.948,111.6
2024-01-10T03:11:00+00:00,1954.948,1955.419,1954.880,1955.351,105.3
2024-01-10T03:12:00+00:00,1955.351,1955.415,1955.015,1955.079,92.7
2024-01-10T03:13:00+00:00,1955.079,1955.162,1954.530,1954.612,141.4
2024-01-10T03:14:00+00:00,1954.612,1954.873,1954.201,1954.462,167.7
2024-01-10T03:15:00+00:00,1954.462,1954.576,1953.854,1953.969,91.0
2024-01-10T03:16:00+00:00,1953.969,1954.063,1953.599,1953.694,48.6
2024-01-10T03:17:00+00:00,1953.694,1954.117,1953.433,1953.857,136.3
2024-01-10T03:18:00+00:00,1953.857,1954.539,1953.352,1954.034,109.0
2024-01-10T03:19:00+00:00,1954.034,1954.781,1953.622,1954.368,134.8
2024-01-10T03:20:00+00:00,1954.368,1954.457,1953.601,1953.691,111.2
2024-01-10T03:21:00+00:00,1953.691,1953.756,1953.006,1953.071,142.7
2024-01-10T03:22:00+00:00,1953.071,1953.167,1952.833,1952.929,164.2
2024-01-10T03:23:00+00:00,1952.929,1953.215,1952.374,1952.661,121.2
2024-01-10T03:24:00+00:00,1952.661,1953.201,1952.462,1953.002,122.2
2024-01-10T03:25:00+00:00,1953.002,1953.361,1952.417,1952.776,146.6
2024-01-10T03:26:00+00:00,1952.776,1952.909,1951.981,1952.114,47.6
2024-01-10T03:27:00+00:00,1952.114,1952.788,1951.911,1952.585,101.0
2024-01-10T03:28:00+00:00,1952.585,1952.711,1951.952,1952.078,67.3
2024-01-10T03:29:00+00:00,1952.078,1952.399,1951.899,1952.221,66.8
2024-01-10T03:30:00+00:00,1952.221,1952.567,1951.812,1952.158,81.8
2024-01-10T03:31:00+00:00,1952.158,1952.663,1951.473,1951.978,125.5
2024-01-10T03:32:00+00:00,1951.978,1952.075,1951.629,1951.727,143.4
2024-01-10T03:33:00+00:00,1951.727,1951.801,1951.243,1951.317,70.9
2024-01-10T03:34:00+00:00,1951.317,1951.753,1950.268,1950.704,145.4
2024-01-10T03:35:00+00:00,1950.704,1950.989,1950.471,1950.755,156.5
2024-01-10T03:36:00+00:00,1950.755,1950.864,1950.605,1950.714,132.2
2024-01-10T03:37:00+00:00,1950.714,1951.136,1950.397,1950.819,111.7
2024-01-10T03:38:00+00:00,1950.819,1950.878,1950.648,1950.707,97.4
2024-01-10T03:39:00+00:00,1950.707,1950.828,1950.479,1950.600,125.6
2024-01-10T03:40:00+00:00,1950.600,1951.003,1950.345,1950.747,136.7
2024-01-10T03:41:00+00:00,1950.747,1951.286,1950.487,1951.026,161.9
2024-01-10T03:42:00+00:00,1951.026,1951.391,1950.820,1951.185,190.0
2024-01-10T03:43:00+00:00,1951.185,1951.883,1950.822,1951.520,141.9
2024-01-10T03:44:00+00:00,1951.520,1951.857,1951.138,1951.475,133.1
2024-01-10T03:45:00+00:00,1951.475,1951.626,1951.138,1951.288,55.7
2024-01-10T03:46:00+00:00,1951.288,1952.112,1950.945,1951.769,86.9
2024-01-10T03:47:00+00:00,1951.769,1952.062,1951.577,1951.870,96.1
2024-01-10T03:48:00+00:00,1951.870,1951.983,1951.691,1951.804,124.7
2024-01-10T03:49:00+00:00,1951.804,1952.169,1951.560,1951.925,108.9
2024-01-10T03:50:00+00:00,1951.925,1952.517,1950.700,1951.292,108.4
2024-01-10T03:51:00+00:00,1951.292,1951.530,1950.642,1950.880,137.6
2024-01-10T03:52:00+00:00,1950.880,1951.519,1949.959,1950.598,49.2
2024-01-10T03:53:00+00:00,1950.598,1951.042,1950.538,1950.982,129.3
2024-01-10T03:54:00+00:00,1950.982,1951.136,1950.874,1951.028,129.6
2024-01-10T03:55:00+00:00,1951.028,1951.178,1950.354,1950.505,175.6
2024-01-10T03:56:00+00:00,1950.505,1950.863,1949.174,1949.533,52.8
2024-01-10T03:57:00+00:00,1949.533,1949.803,1948.896,1949.167,107.7
2024-01-10T03:58:00+00:00,1949.167,1949.593,1948.470,1948.896,116.3
2024-01-10T03:59:00+00:00,1948.896,1949.107,1948.555,1948.766,73.0
2024-01-10T04:00:00+00:00,1948.766,1948.921,1948.597,1948.752,154.3
2024-01-10T04:01:00+00:00,1948.752,1949.295,1948.321,1948.864,156.0
2024-01-10T04:02:00+00:00,1948.864,1949.332,1947.337,1947.804,116.8
2024-01-10T04:03:00+00:00,1947.804,1947.962,1947.208,1947.367,148.8
2024-01-10T04:04:00+00:00,1947.367,1947.727,1946.394,1946.753,140.7
2024-01-10T04:05:00+00:00,1946.753,1947.169,1946.073,1946.489,126.5
2024-01-10T04:06:00+00:00,1946.489,1946.872,1945.842,1946.225,138.0
2024-01-10T04:07:00+00:00,1946.225,1946.602,1945.173,1945.550,80.5
2024-01-10T04:08:00+00:00,1945.550,1946.555,1945.073,1946.077,113.3
2024-01-10T04:09:00+00:00,1946.077,1946.303,1945.646,1945.871,157.4
2024-01-10T04:10:00+00:00,1945.871,1946.473,1944.914,1945.516,113.7
2024-01-10T04:11:00+00:00,1945.516,1946.485,1944.873,1945.842,118.4
2024-01-10T04:12:00+00:00,1945.842,1946.389,1944.977,1945.524,113.5
2024-01-10T04:13:00+00:00,1945.524,1946.064,1944.465,1945.004,99.3
2024-01-10T04:14:00+00:00,1945.004,1945.368,1944.566,1944.930,140.4
2024-01-10T04:15:00+00:00,1944.930,1945.053,1944.802,1944.925,107.9
2024-01-10T04:16:00+00:00,1944.925,1945.156,1944.420,1944.651,77.6
2024-01-10T04:17:00+00:00,1944.651,1945.275,1944.377,1945.001,78.1
2024-01-10T04:18:00+00:00,1945.001,1945.153,1944.366,1944.518,188.2
2024-01-10T04:19:00+00:00,1944.518,1944.647,1944.242,1944.371,112.4
2024-01-10T04:20:00+00:00,1944.371,1944.479,1944.277,1944.385,152.6
2024-01-10T04:21:00+00:00,1944.385,1944.844,1944.196,1944.655,167.4
2024-01-10T04:22:00+00:00,1944.655,1944.844,1944.311,1944.499,209.7
2024-01-10T04:23:00+00:00,1944.499,1944.941,1943.304,1943.746,49.0
2024-01-10T04:24:00+00:00,1943.746,1944.114,1943.427,1943.796,151.9
2024-01-10T04:25:00+00:00,1943.796,1943.881,1942.899,1942.983,108.2
2024-01-10T04:26:00+00:00,1942.983,1943.314,1942.198,1942.528,107.9
2024-01-10T04:27:00+00:00,1942.528,1942.793,1942.346,1942.611,124.5
2024-01-10T04:28:00+00:00,1942.611,1942.679,1942.309,1942.377,117.0
2024-01-10T04:29:00+00:00,1942.377,1942.537,1941.902,1942.062,114.4
2024-01-10T04:30:00+00:00,1942.062,1942.376,1941.331,1941.645,133.3
2024-01-10T04:31:00+00:00,1941.645,1942.415,1941.265,1942.035,107.4
2024-01-10T04:32:00+00:00,1942.035,1942.428,1941.724,1942.117,141.4
2024-01-10T04:33:00+00:00,1942.117,1942.176,1941.566,1941.624,147.0
2024-01-10T04:34:00+00:00,1941.624,1941.739,1941.518,1941.632,84.3
2024-01-10T04:35:00+00:00,1941.632,1941.698,1941.547,1941.613,120.9
2024-01-10T04:36:00+00:00,1941.613,1942.412,1941.266,1942.064,96.1
2024-01-10T04:37:00+00:00,1942.064,1942.197,1941.936,1942.069,123.0
2024-01-10T04:38:00+00:00,1942.069,1942.845,1941.789,1942.566,121.2
2024-01-10T04:39:00+00:00,1942.566,1942.657,1942.167,1942.258,130.9
2024-01-10T04:40:00+00:00,1942.258,1942.584,1941.679,1942.005,120.6
2024-01-10T04:41:00+00:00,1942.005,1942.569,1940.950,1941.513,32.6
2024-01-10T04:42:00+00:00,1941.513,1941.594,1941.261,1941.341,149.8
2024-01-10T04:43:00+00:00,1941.341,1942.071,1940.925,1941.655,166.9
2024-01-10T04:44:00+00:00,1941.655,1941.768,1941.577,1941.690,150.6
2024-01-10T04:45:00+00:00,1941.690,1942.056,1941.237,1941.604,106.3
2024-01-10T04:46:00+00:00,1941.604,1941.963,1941.400,1941.760,86.7
2024-01-10T04:47:00+00:00,1941.760,1942.231,1941.632,1942.103,74.7
2024-01-10T04:48:00+00:00,1942.103,1942.493,1941.801,1942.190,136.0
2024-01-10T04:49:00+00:00,1942.190,1942.442,1941.753,1942.004,153.7
2024-01-10T04:50:00+00:00,1942.004,1942.059,1941.953,1942.007,107.9
2024-01-10T04:51:00+00:00,1942.007,1942.528,1941.046,1941.567,109.6
2024-01-10T04:52:00+00:00,1941.567,1942.122,1941.326,1941.880,99.4
2024-01-10T04:53:00+00:00,1941.880,1942.448,1941.773,1942.340,89.7
2024-01-10T04:54:00+00:00,1942.340,1943.005,1941.943,1942.608,108.3
2024-01-10T04:55:00+00:00,1942.608,1942.674,1942.036,1942.102,46.8
2024-01-10T04:56:00+00:00,1942.102,1942.534,1941.612,1942.045,128.2
2024-01-10T04:57:00+00:00,1942.045,1942.273,1941.483,1941.711,105.1
2024-01-10T04:58:00+00:00,1941.711,1942.220,1941.571,1942.080,181.4
2024-01-10T04:59:00+00:00,1942.080,1942.178,1941.783,1941.881,91.7
2024-01-10T05:00:00+00:00,1941.881,1942.017,1941.220,1941.356,130.6
2024-01-10T05:01:00+00:00,1941.356,1941.547,1940.748,1940.939,107.6
2024-01-10T05:02:00+00:00,1940.939,1941.007,1940.601,1940.670,131.9
2024-01-10T05:03:00+00:00,1940.670,1941.210,1940.309,1940.850,131.5
2024-01-10T05:04:00+00:00,1940.850,1941.072,1940.297,1940.519,131.1
2024-01-10T05:05:00+00:00,1940.519,1940.612,1939.932,1940.025,108.4
2024-01-10T05:06:00+00:00,1940.025,1940.120,1939.821,1939.916,151.3
2024-01-10T05:07:00+00:00,1939.916,1940.689,1939.644,1940.417,150.4
2024-01-10T05:08:00+00:00,1940.417,1940.727,1939.658,1939.968,159.0
2024-01-10T05:09:00+00:00,1939.968,1940.652,1938.735,1939.419,102.9
2024-01-10T05:10:00+00:00,1939.419,1939.911,1938.016,1938.509,121.9
2024-01-10T05:11:00+00:00,1938.509,1938.702,1937.960,1938.154,152.2
2024-01-10T05:12:00+00:00,1938.154,1938.316,1938.010,1938.172,154.6
2024-01-10T05:13:00+00:00,1938.172,1938.435,1937.507,1937.770,103.1
2024-01-10T05:14:00+00:00,1937.770,1937.993,1937.213,1937.435,113.1
2024-01-10T05:15:00+00:00,1937.435,1937.601,1936.829,1936.994,60.3
2024-01-10T05:16:00+00:00,1936.994,1937.069,1936.906,1936.981,138.3
2024-01-10T05:17:00+00:00,1936.981,1937.131,1936.678,1936.827,91.9
2024-01-10T05:18:00+00:00,1936.827,1936.916,1936.677,1936.766,83.4
2024-01-10T05:19:00+00:00,1936.766,1936.987,1936.680,1936.901,121.5
2024-01-10T05:20:00+00:00,1936.901,1937.452,1936.111,1936.663,120.0
2024-01-10T05:21:00+00:00,1936.663,1936.926,1936.061,1936.324,137.8
2024-01-10T05:22:00+00:00,1936.324,1936.572,1935.934,1936.181,98.2
2024-01-10T05:23:00+00:00,1936.181,1936.511,1936.110,1936.440,151.7
2024-01-10T05:24:00+00:00,1936.440,1936.786,1936.020,1936.366,146.1
2024-01-10T05:25:00+00:00,1936.366,1936.624,1936.152,1936.410,110.7
2024-01-10T05:26:00+00:00,1936.410,1936.667,1935.743,1936.001,107.4
2024-01-10T05:27:00+00:00,1936.001,1936.217,1935.886,1936.101,112.2
2024-01-10T05:28:00+00:00,1936.101,1936.277,1935.989,1936.165,84.5
2024-01-10T05:29:00+00:00,1936.165,1936.510,1935.607,1935.953,142.7
2024-01-10T05:30:00+00:00,1935.953,1936.312,1935.756,1936.115,138.6
2024-01-10T05:31:00+00:00,1936.115,1936.430,1935.821,1936.136,91.9
2024-01-10T05:32:00+00:00,1936.136,1936.435,1935.782,1936.081,99.5
2024-01-10T05:33:00+00:00,1936.081,1937.049,1935.527,1936.496,92.5
2024-01-10T05:34:00+00:00,1936.496,1936.847,1936.251,1936.603,96.4
2024-01-10T05:35:00+00:00,1936.603,1937.083,1935.348,1935.828,131.0
2024-01-10T05:36:00+00:00,1935.828,1936.429,1935.551,1936.152,98.0
2024-01-10T05:37:00+00:00,1936.152,1936.660,1936.055,1936.563,138.4
2024-01-10T05:38:00+00:00,1936.563,1937.011,1935.986,1936.434,104.5
2024-01-10T05:39:00+00:00,1936.434,1936.563,1935.492,1935.621,125.7
2024-01-10T05:40:00+00:00,1935.621,1935.887,1935.392,1935.658,113.0
2024-01-10T05:41:00+00:00,1935.658,1935.766,1935.092,1935.200,122.6
2024-01-10T05:42:00+00:00,1935.200,1935.686,1934.740,1935.225,60.0
2024-01-10T05:43:00+00:00,1935.225,1935.505,1935.067,1935.347,85.3
2024-01-10T05:44:00+00:00,1935.347,1935.399,1935.262,1935.313,89.9
2024-01-10T05:45:00+00:00,1935.313,1936.035,1934.786,1935.508,140.2
2024-01-10T05:46:00+00:00,1935.508,1936.038,1935.192,1935.722,116.1
2024-01-10T05:47:00+00:00,1935.722,1936.258,1935.470,1936.006,125.3
2024-01-10T05:48:00+00:00,1936.006,1936.573,1935.630,1936.196,111.4
2024-01-10T05:49:00+00:00,1936.196,1936.363,1935.872,1936.039,117.6
2024-01-10T05:50:00+00:00,1936.039,1936.289,1935.781,1936.032,97.1
2024-01-10T05:51:00+00:00,1936.032,1936.428,1935.887,1936.283,112.1
2024-01-10T05:52:00+00:00,1936.283,1936.490,1935.585,1935.792,118.7
2024-01-10T05:53:00+00:00,1935.792,1936.608,1935.251,1936.067,141.3
2024-01-10T05:54:00+00:00,1936.067,1936.413,1935.735,1936.082,145.6
2024-01-10T05:55:00+00:00,1936.082,1936.327,1935.923,1936.168,90.8
2024-01-10T05:56:00+00:00,1936.168,1936.444,1935.454,1935.731,162.0
2024-01-10T05:57:00+00:00,1935.731,1935.905,1935.632,1935.807,106.5
2024-01-10T05:58:00+00:00,1935.807,1936.102,1934.865,1935.160,117.1
2024-01-10T05:59:00+00:00,1935.160,1935.769,1934.930,1935.539,151.4
2024-01-10T06:00:00+00:00,1935.539,1935.734,1935.046,1935.242,161.0
2024-01-10T06:01:00+00:00,1935.242,1935.517,1934.673,1934.949,119.8
2024-01-10T06:02:00+00:00,1934.949,1935.048,1934.475,1934.575,139.2
2024-01-10T06:03:00+00:00,1934.575,1934.691,1934.163,1934.279,103.1
2024-01-10T06:04:00+00:00,1934.279,1934.382,1933.864,1933.966,144.6
2024-01-10T06:05:00+00:00,1933.966,1934.325,1933.389,1933.748,108.7
2024-01-10T06:06:00+00:00,1933.748,1934.064,1933.147,1933.463,161.9
2024-01-10T06:07:00+00:00,1933.463,1933.659,1932.997,1933.193,85.4
2024-01-10T06:08:00+00:00,1933.193,1933.336,1932.865,1933.008,141.1
2024-01-10T06:09:00+00:00,1933.008,1933.185,1932.352,1932.529,99.5
2024-01-10T06:10:00+00:00,1932.529,1932.884,1932.167,1932.522,80.2
2024-01-10T06:11:00+00:00,1932.522,1933.564,1932.419,1933.461,75.2
2024-01-10T06:12:00+00:00,1933.461,1934.086,1933.085,1933.710,64.0
2024-01-10T06:13:00+00:00,1933.710,1934.607,1933.350,1934.248,95.0
2024-01-10T06:14:00+00:00,1934.248,1934.415,1933.663,1933.830,180.3
2024-01-10T06:15:00+00:00,1933.830,1934.212,1933.617,1933.999,84.8
2024-01-10T06:16:00+00:00,1933.999,1934.145,1933.198,1933.344,150.1
2024-01-10T06:17:00+00:00,1933.344,1933.405,1933.292,1933.354,161.1
2024-01-10T06:18:00+00:00,1933.354,1933.675,1932.704,1933.026,144.7
2024-01-10T06:19:00+00:00,1933.026,1933.106,1932.693,1932.773,123.2
2024-01-10T06:20:00+00:00,1932.773,1933.230,1932.482,1932.939,113.1
2024-01-10T06:21:00+00:00,1932.939,1932.996,1932.878,1932.935,120.6
2024-01-10T06:22:00+00:00,1932.935,1933.085,1932.838,1932.987,105.2
2024-01-10T06:23:00+00:00,1932.987,1933.519,1932.778,1933.310,110.5
2024-01-10T06:24:00+00:00,1933.310,1933.644,1932.640,1932.973,133.2
2024-01-10T06:25:00+00:00,1932.973,1933.056,1932.843,1932.926,133.4
2024-01-10T06:26:00+00:00,1932.926,1933.144,1932.617,1932.835,173.5
2024-01-10T06:27:00+00:00,1932.835,1933.040,1932.719,1932.924,169.0
2024-01-10T06:28:00+00:00,1932.924,1933.598,1932.464,1933.138,159.4
2024-01-10T06:29:00+00:00,1933.138,1933.440,1932.878,1933.181,85.9
2024-01-10T06:30:00+00:00,1933.181,1933.391,1932.649,1932.859,136.3
2024-01-10T06:31:00+00:00,1932.859,1933.084,1932.218,1932.442,148.2
2024-01-10T06:32:00+00:00,1932.442,1932.521,1932.114,1932.193,93.4
2024-01-10T06:33:00+00:00,1932.193,1932.264,1931.509,1931.579,116.4
2024-01-10T06:34:00+00:00,1931.579,1931.869,1930.769,1931.059,144.2
2024-01-10T06:35:00+00:00,1931.059,1931.514,1930.883,1931.338,86.1
2024-01-10T06:36:00+00:00,1931.338,1931.428,1931.191,1931.281,114.8
2024-01-10T06:37:00+00:00,1931.281,1931.576,1930.759,1931.054,98.3
2024-01-10T06:38:00+00:00,1931.054,1931.224,1930.831,1931.001,169.1
2024-01-10T06:39:00+00:00,1931.001,1931.163,1930.722,1930.883,106.3
2024-01-10T06:40:00+00:00,1930.883,1931.172,1930.507,1930.797,105.7
2024-01-10T06:41:00+00:00,1930.797,1931.357,1929.699,1930.259,159.5
2024-01-10T06:42:00+00:00,1930.259,1930.415,1929.718,1929.874,116.3
2024-01-10T06:43:00+00:00,1929.874,1930.102,1929.429,1929.657,103.6
2024-01-10T06:44:00+00:00,1929.657,1929.927,1929.516,1929.786,148.6
2024-01-10T06:45:00+00:00,1929.786,1930.160,1929.720,1930.094,152.2
2024-01-10T06:46:00+00:00,1930.094,1930.680,1929.662,1930.248,116.4
2024-01-10T06:47:00+00:00,1930.248,1930.350,1929.596,1929.698,127.0
2024-01-10T06:48:00+00:00,1929.698,1929.799,1929.454,1929.555,112.0
2024-01-10T06:49:00+00:00,1929.555,1930.025,1928.636,1929.107,97.2
2024-01-10T06:50:00+00:00,1929.107,1929.545,1928.284,1928.722,95.2
2024-01-10T06:51:00+00:00,1928.722,1929.133,1928.280,1928.692,137.6
2024-01-10T06:52:00+00:00,1928.692,1929.047,1928.070,1928.426,87.0
2024-01-10T06:53:00+00:00,1928.426,1928.688,1928.119,1928.382,105.8
2024-01-10T06:54:00+00:00,1928.382,1929.439,1927.858,1928.916,124.6
2024-01-10T06:55:00+00:00,1928.916,1929.232,1927.841,1928.158,117.1
2024-01-10T06:56:00+00:00,1928.158,1928.664,1927.867,1928.373,90.4
2024-01-10T06:57:00+00:00,1928.373,1928.474,1928.280,1928.381,97.8
2024-01-10T06:58:00+00:00,1928.381,1928.688,1928.299,1928.606,108.1
2024-01-10T06:59:00+00:00,1928.606,1929.327,1928.515,1929.237,168.0
2024-01-10T07:00:00+00:00,1929.237,1929.541,1928.868,1929.172,97.8
2024-01-10T07:01:00+00:00,1929.172,1929.524,1928.858,1929.210,56.1
2024-01-10T07:02:00+00:00,1929.210,1929.500,1929.093,1929.383,151.9
2024-01-10T07:03:00+00:00,1929.383,1929.502,1929.314,1929.433,82.3
2024-01-10T07:04:00+00:00,1929.433,1930.660,1929.202,1930.429,110.4
2024-01-10T07:05:00+00:00,1930.429,1930.553,1930.046,1930.171,126.4
2024-01-10T07:06:00+00:00,1930.171,1930.479,1929.395,1929.703,112.2
2024-01-10T07:07:00+00:00,1929.703,1930.465,1929.137,1929.899,104.6
2024-01-10T07:08:00+00:00,1929.899,1930.045,1929.642,1929.788,100.3
2024-01-10T07:09:00+00:00,1929.788,1930.034,1929.639,1929.885,91.1
2024-01-10T07:10:00+00:00,1929.885,1930.113,1928.977,1929.205,110.5
2024-01-10T07:11:00+00:00,1929.205,1929.826,1928.943,1929.564,116.8
2024-01-10T07:12:00+00:00,1929.564,1929.703,1928.928,1929.067,98.5
2024-01-10T07:13:00+00:00,1929.067,1929.950,1928.602,1929.485,146.8
2024-01-10T07:14:00+00:00,1929.485,1929.676,1928.761,1928.951,78.4
2024-01-10T07:15:00+00:00,1928.951,1929.110,1928.547,1928.706,130.8
2024-01-10T07:16:00+00:00,1928.706,1928.923,1928.280,1928.497,171.2
2024-01-10T07:17:00+00:00,1928.497,1928.879,1928.165,1928.547,114.7
2024-01-10T07:18:00+00:00,1928.547,1928.686,1928.367,1928.506,153.6
2024-01-10T07:19:00+00:00,1928.506,1929.434,1927.968,1928.897,135.3
2024-01-10T07:20:00+00:00,1928.897,1928.980,1927.897,1927.980,139.5
2024-01-10T07:21:00+00:00,1927.980,1928.178,1927.501,1927.699,146.6
2024-01-10T07:22:00+00:00,1927.699,1928.070,1927.373,1927.743,102.8
2024-01-10T07:23:00+00:00,1927.743,1927.796,1926.631,1926.683,84.0
2024-01-10T07:24:00+00:00,1926.683,1927.025,1926.319,1926.661,92.6
2024-01-10T07:25:00+00:00,1926.661,1927.389,1925.753,1926.481,85.0
2024-01-10T07:26:00+00:00,1926.481,1926.663,1925.889,1926.072,150.9
2024-01-10T07:27:00+00:00,1926.072,1926.561,1925.853,1926.343,110.4
2024-01-10T07:28:00+00:00,1926.343,1926.622,1926.103,1926.383,114.5
2024-01-10T07:29:00+00:00,1926.383,1926.789,1925.698,1926.104,90.7
2024-01-10T07:30:00+00:00,1926.104,1926.906,1925.958,1926.760,97.8
2024-01-10T07:31:00+00:00,1926.760,1926.922,1926.559,1926.721,155.7
2024-01-10T07:32:00+00:00,1926.721,1926.927,1926.502,1926.708,139.7
2024-01-10T07:33:00+00:00,1926.708,1927.035,1926.489,1926.816,97.2
2024-01-10T07:34:00+00:00,1926.816,1927.314,1926.365,1926.862,93.0
2024-01-10T07:35:00+00:00,1926.862,1927.466,1926.603,1927.207,152.6
2024-01-10T07:36:00+00:00,1927.207,1927.404,1926.856,1927.053,111.8
2024-01-10T07:37:00+00:00,1927.053,1927.413,1926.528,1926.888,113.4
2024-01-10T07:38:00+00:00,1926.888,1927.573,1926.664,1927.348,130.7
2024-01-10T07:39:00+00:00,1927.348,1928.137,1927.115,1927.904,100.7
2024-01-10T07:40:00+00:00,1927.904,1928.349,1927.251,1927.697,111.0
2024-01-10T07:41:00+00:00,1927.697,1928.282,1926.891,1927.476,105.8
2024-01-10T07:42:00+00:00,1927.476,1927.756,1926.465,1926.745,147.6
2024-01-10T07:43:00+00:00,1926.745,1926.863,1926.616,1926.734,140.9
2024-01-10T07:44:00+00:00,1926.734,1926.793,1926.481,1926.540,123.9
2024-01-10T07:45:00+00:00,1926.540,1927.500,1926.149,1927.109,124.8
2024-01-10T07:46:00+00:00,1927.109,1927.374,1926.384,1926.650,118.1
2024-01-10T07:47:00+00:00,1926.650,1927.111,1926.589,1927.050,125.2
2024-01-10T07:48:00+00:00,1927.050,1927.503,1926.821,1927.273,100.4
2024-01-10T07:49:00+00:00,1927.273,1928.323,1927.009,1928.060,147.3
2024-01-10T07:50:00+00:00,1928.060,1928.540,1927.811,1928.291,159.7
2024-01-10T07:51:00+00:00,1928.291,1928.571,1927.553,1927.833,59.4
2024-01-10T07:52:00+00:00,1927.833,1927.981,1927.701,1927.849,149.7
2024-01-10T07:53:00+00:00,1927.849,1928.502,1927.569,1928.222,111.9
2024-01-10T07:54:00+00:00,1928.222,1928.443,1927.946,1928.167,95.7
2024-01-10T07:55:00+00:00,1928.167,1928.493,1927.615,1927.941,159.8
2024-01-10T07:56:00+00:00,1927.941,1928.657,1927.480,1928.196,122.3
2024-01-10T07:57:00+00:00,1928.196,1928.408,1927.613,1927.825,125.9
2024-01-10T07:58:00+00:00,1927.825,1928.520,1927.478,1928.174,93.4
2024-01-10T07:59:00+00:00,1928.174,1928.686,1927.991,1928.503,137.4
2024-01-10T08:00:00+00:00,1928.503,1929.227,1928.091,1928.815,104.2
2024-01-10T08:01:00+00:00,1928.815,1929.051,1928.663,1928.900,107.6
2024-01-10T08:02:00+00:00,1928.900,1929.125,1928.705,1928.930,71.6
2024-01-10T08:03:00+00:00,1928.930,1929.538,1928.102,1928.711,133.2
2024-01-10T08:04:00+00:00,1928.711,1929.211,1928.019,1928.519,91.6
2024-01-10T08:05:00+00:00,1928.519,1928.911,1928.307,1928.699,133.0
2024-01-10T08:06:00+00:00,1928.699,1929.098,1928.501,1928.899,166.1
2024-01-10T08:07:00+00:00,1928.899,1929.070,1928.345,1928.516,112.1
2024-01-10T08:08:00+00:00,1928.516,1928.786,1927.662,1927.932,111.5
2024-01-10T08:09:00+00:00,1927.932,1928.534,1927.576,1928.178,124.8
2024-01-10T08:10:00+00:00,1928.178,1928.282,1927.848,1927.952,117.6
2024-01-10T08:11:00+00:00,1927.952,1928.704,1927.697,1928.449,166.6
2024-01-10T08:12:00+00:00,1928.449,1928.944,1928.211,1928.706,146.7
2024-01-10T08:13:00+00:00,1928.706,1929.124,1928.623,1929.041,133.6
2024-01-10T08:14:00+00:00,1929.041,1929.401,1928.571,1928.930,117.0
2024-01-10T08:15:00+00:00,1928.930,1929.336,1928.789,1929.195,54.0
2024-01-10T08:16:00+00:00,1929.195,1929.511,1928.604,1928.920,126.1
2024-01-10T08:17:00+00:00,1928.920,1929.544,1928.683,1929.308,107.6
2024-01-10T08:18:00+00:00,1929.308,1929.549,1928.723,1928.965,134.5
2024-01-10T08:19:00+00:00,1928.965,1929.186,1928.793,1929.014,128.7
2024-01-10T08:20:00+00:00,1929.014,1929.161,1928.421,1928.567,75.9
2024-01-10T08:21:00+00:00,1928.567,1928.951,1927.670,1928.054,87.6
2024-01-10T08:22:00+00:00,1928.054,1928.975,1927.667,1928.588,156.3
2024-01-10T08:23:00+00:00,1928.588,1928.786,1928.192,1928.390,86.5
2024-01-10T08:24:00+00:00,1928.390,1928.499,1928.093,1928.203,72.9
2024-01-10T08:25:00+00:00,1928.203,1928.468,1928.007,1928.272,58.9
2024-01-10T08:26:00+00:00,1928.272,1928.390,1927.318,1927.437,116.0
2024-01-10T08:27:00+00:00,1927.437,1927.816,1927.108,1927.487,136.7
2024-01-10T08:28:00+00:00,1927.487,1927.756,1927.257,1927.526,167.4
2024-01-10T08:29:00+00:00,1927.526,1927.842,1927.299,1927.616,174.7
2024-01-10T08:30:00+00:00,1927.616,1927.720,1927.340,1927.444,68.8
2024-01-10T08:31:00+00:00,1927.444,1927.597,1927.214,1927.367,193.9
2024-01-10T08:32:00+00:00,1927.367,1927.654,1927.268,1927.554,82.6
2024-01-10T08:33:00+00:00,1927.554,1928.058,1926.758,1927.262,79.3
2024-01-10T08:34:00+00:00,1927.262,1927.418,1927.138,1927.295,92.8
2024-01-10T08:35:00+00:00,1927.295,1927.545,1926.971,1927.221,138.3
2024-01-10T08:36:00+00:00,1927.221,1927.622,1927.032,1927.433,106.2
2024-01-10T08:37:00+00:00,1927.433,1927.601,1926.843,1927.011,184.6
2024-01-10T08:38:00+00:00,1927.011,1927.272,1926.740,1927.002,136.4
2024-01-10T08:39:00+00:00,1927.002,1927.644,1926.868,1927.511,93.2
2024-01-10T08:40:00+00:00,1927.511,1928.136,1927.235,1927.860,100.2
2024-01-10T08:41:00+00:00,1927.860,1928.295,1927.802,1928.238,118.7
2024-01-10T08:42:00+00:00,1928.238,1929.040,1928.057,1928.859,128.7
2024-01-10T08:43:00+00:00,1928.859,1928.954,1928.655,1928.749,151.2
2024-01-10T08:44:00+00:00,1928.749,1929.135,1928.513,1928.899,132.6
2024-01-10T08:45:00+00:00,1928.899,1929.020,1928.737,1928.858,114.2
2024-01-10T08:46:00+00:00,1928.858,1929.307,1927.659,1928.108,108.3
2024-01-10T08:47:00+00:00,1928.108,1928.529,1926.925,1927.346,180.1
2024-01-10T08:48:00+00:00,1927.346,1927.740,1927.182,1927.576,129.1
2024-01-10T08:49:00+00:00,1927.576,1927.682,1926.695,1926.801,149.1
2024-01-10T08:50:00+00:00,1926.801,1927.233,1926.427,1926.860,147.8
2024-01-10T08:51:00+00:00,1926.860,1927.053,1926.482,1926.675,125.8
2024-01-10T08:52:00+00:00,1926.675,1927.229,1926.012,1926.566,115.4
2024-01-10T08:53:00+00:00,1926.566,1927.465,1926.410,1927.309,83.1
2024-01-10T08:54:00+00:00,1927.309,1927.371,1927.239,1927.302,161.5
2024-01-10T08:55:00+00:00,1927.302,1928.414,1926.633,1927.745,100.2
2024-01-10T08:56:00+00:00,1927.745,1928.372,1926.963,1927.589,93.3
2024-01-10T08:57:00+00:00,1927.589,1928.150,1927.151,1927.712,89.9
2024-01-10T08:58:00+00:00,1927.712,1927.946,1927.351,1927.586,134.9
2024-01-10T08:59:00+00:00,1927.586,1927.788,1927.523,1927.724,139.5
2024-01-10T09:00:00+00:00,1927.724,1927.868,1927.305,1927.449,133.2
2024-01-10T09:01:00+00:00,1927.449,1928.211,1927.385,1928.148,121.7
2024-01-10T09:02:00+00:00,1928.148,1928.658,1928.079,1928.590,157.6
2024-01-10T09:03:00+00:00,1928.590,1928.999,1928.262,1928.672,125.4
2024-01-10T09:04:00+00:00,1928.672,1928.933,1928.089,1928.351,132.1
2024-01-10T09:05:00+00:00,1928.351,1929.505,1927.849,1929.003,110.5
2024-01-10T09:06:00+00:00,1929.003,1930.179,1928.676,1929.852,94.7
2024-01-10T09:07:00+00:00,1929.852,1930.601,1929.426,1930.175,147.2
2024-01-10T09:08:00+00:00,1930.175,1930.503,1929.969,1930.297,84.1
2024-01-10T09:09:00+00:00,1930.297,1930.705,1930.022,1930.429,118.4
2024-01-10T09:10:00+00:00,1930.429,1930.831,1930.373,1930.775,129.6
2024-01-10T09:11:00+00:00,1930.775,1931.161,1930.278,1930.664,115.3
2024-01-10T09:12:00+00:00,1930.664,1931.067,1930.426,1930.829,62.1
2024-01-10T09:13:00+00:00,1930.829,1931.197,1929.921,1930.289,113.3
2024-01-10T09:14:00+00:00,1930.289,1930.646,1929.662,1930.020,114.4
2024-01-10T09:15:00+00:00,1930.020,1930.182,1929.333,1929.495,93.6
2024-01-10T09:16:00+00:00,1929.495,1929.772,1929.148,1929.425,121.5
2024-01-10T09:17:00+00:00,1929.425,1929.778,1929.231,1929.584,114.0
2024-01-10T09:18:00+00:00,1929.584,1929.840,1929.268,1929.524,98.4
2024-01-10T09:19:00+00:00,1929.524,1930.137,1929.173,1929.786,114.2
2024-01-10T09:20:00+00:00,1929.786,1929.912,1929.321,1929.448,67.4
2024-01-10T09:21:00+00:00,1929.448,1929.794,1928.911,1929.258,114.9
2024-01-10T09:22:00+00:00,1929.258,1929.437,1928.946,1929.125,123.0
2024-01-10T09:23:00+00:00,1929.125,1929.337,1929.059,1929.272,128.4
2024-01-10T09:24:00+00:00,1929.272,1929.486,1928.662,1928.877,157.9
2024-01-10T09:25:00+00:00,1928.877,1929.649,1928.494,1929.265,132.5
2024-01-10T09:26:00+00:00,1929.265,1929.504,1928.462,1928.701,113.5
2024-01-10T09:27:00+00:00,1928.701,1928.938,1928.304,1928.541,112.9
2024-01-10T09:28:00+00:00,1928.541,1928.831,1928.243,1928.534,121.3
2024-01-10T09:29:00+00:00,1928.534,1928.800,1928.358,1928.625,118.7
2024-01-10T09:30:00+00:00,1928.625,1929.253,1927.990,1928.618,149.3
2024-01-10T09:31:00+00:00,1928.618,1929.126,1928.224,1928.732,138.6
2024-01-10T09:32:00+00:00,1928.732,1929.638,1928.019,1928.924,114.7
2024-01-10T09:33:00+00:00,1928.924,1929.114,1928.869,1929.059,122.9
2024-01-10T09:34:00+00:00,1929.059,1929.454,1928.606,1929.002,130.8
2024-01-10T09:35:00+00:00,1929.002,1929.111,1928.795,1928.904,182.5
2024-01-10T09:36:00+00:00,1928.904,1929.086,1928.422,1928.604,129.2
2024-01-10T09:37:00+00:00,1928.604,1928.778,1928.483,1928.658,160.7
2024-01-10T09:38:00+00:00,1928.658,1929.201,1928.502,1929.046,120.9
2024-01-10T09:39:00+00:00,1929.046,1929.156,1928.916,1929.026,150.1
2024-01-10T09:40:00+00:00,1929.026,1929.336,1928.279,1928.588,106.1
2024-01-10T09:41:00+00:00,1928.588,1928.823,1928.020,1928.254,155.8
2024-01-10T09:42:00+00:00,1928.254,1928.448,1927.283,1927.477,80.8
2024-01-10T09:43:00+00:00,1927.477,1927.672,1927.201,1927.396,90.3
2024-01-10T09:44:00+00:00,1927.396,1927.464,1926.815,1926.883,32.1
2024-01-10T09:45:00+00:00,1926.883,1927.032,1925.996,1926.145,152.9
2024-01-10T09:46:00+00:00,1926.145,1926.906,1926.022,1926.783,95.9
2024-01-10T09:47:00+00:00,1926.783,1926.945,1926.525,1926.688,148.0
2024-01-10T09:48:00+00:00,1926.688,1926.856,1926.190,1926.359,118.7
2024-01-10T09:49:00+00:00,1926.359,1926.917,1926.205,1926.763,113.8
2024-01-10T09:50:00+00:00,1926.763,1927.144,1926.089,1926.470,127.6
2024-01-10T09:51:00+00:00,1926.470,1927.049,1926.146,1926.724,128.1
2024-01-10T09:52:00+00:00,1926.724,1927.004,1926.287,1926.566,85.3
2024-01-10T09:53:00+00:00,1926.566,1926.696,1926.190,1926.319,122.7
2024-01-10T09:54:00+00:00,1926.319,1926.395,1925.455,1925.531,111.1
2024-01-10T09:55:00+00:00,1925.531,1925.589,1925.113,1925.171,135.9
2024-01-10T09:56:00+00:00,1925.171,1925.559,1924.429,1924.817,110.1
2024-01-10T09:57:00+00:00,1924.817,1925.033,1924.700,1924.916,166.3
2024-01-10T09:58:00+00:00,1924.916,1925.271,1924.616,1924.970,142.6
2024-01-10T09:59:00+00:00,1924.970,1925.188,1924.535,1924.752,123.0
2024-01-10T10:00:00+00:00,1924.752,1925.481,1924.453,1925.182,141.1
2024-01-10T10:01:00+00:00,1925.182,1925.616,1924.906,1925.340,141.1
2024-01-10T10:02:00+00:00,1925.340,1926.269,1925.200,1926.129,97.0
2024-01-10T10:03:00+00:00,1926.129,1926.498,1925.717,1926.086,127.7
2024-01-10T10:04:00+00:00,1926.086,1926.817,1925.872,1926.604,158.5
2024-01-10T10:05:00+00:00,1926.604,1926.698,1925.969,1926.063,111.1
2024-01-10T10:06:00+00:00,1926.063,1926.419,1925.544,1925.900,101.9
2024-01-10T10:07:00+00:00,1925.900,1926.541,1925.394,1926.035,144.8
2024-01-10T10:08:00+00:00,1926.035,1926.268,1925.667,1925.900,60.2
2024-01-10T10:09:00+00:00,1925.900,1926.312,1925.632,1926.045,153.2
2024-01-10T10:10:00+00:00,1926.045,1926.727,1925.456,1926.138,142.7
2024-01-10T10:11:00+00:00,1926.138,1926.409,1925.072,1925.342,144.0
2024-01-10T10:12:00+00:00,1925.342,1925.602,1924.955,1925.214,196.0
2024-01-10T10:13:00+00:00,1925.214,1925.811,1924.366,1924.962,117.6
2024-01-10T10:14:00+00:00,1924.962,1925.036,1924.388,1924.463,146.7
2024-01-10T10:15:00+00:00,1924.463,1924.903,1923.835,1924.275,93.8
2024-01-10T10:16:00+00:00,1924.275,1924.555,1923.940,1924.220,113.4
2024-01-10T10:17:00+00:00,1924.220,1924.276,1923.985,1924.041,139.7
2024-01-10T10:18:00+00:00,1924.041,1925.047,1923.651,1924.657,175.6
2024-01-10T10:19:00+00:00,1924.657,1925.128,1924.193,1924.664,118.8
2024-01-10T10:20:00+00:00,1924.664,1924.963,1924.237,1924.536,104.4
2024-01-10T10:21:00+00:00,1924.536,1924.598,1924.469,1924.531,147.5
2024-01-10T10:22:00+00:00,1924.531,1924.868,1923.893,1924.230,121.2
2024-01-10T10:23:00+00:00,1924.230,1924.864,1923.872,1924.506,82.9
2024-01-10T10:24:00+00:00,1924.506,1925.309,1924.277,1925.080,131.7
2024-01-10T10:25:00+00:00,1925.080,1925.759,1924.802,1925.481,73.0
2024-01-10T10:26:00+00:00,1925.481,1925.891,1925.147,1925.557,116.2
2024-01-10T10:27:00+00:00,1925.557,1925.624,1925.484,1925.551,169.3
2024-01-10T10:28:00+00:00,1925.551,1925.836,1925.097,1925.382,86.9
2024-01-10T10:29:00+00:00,1925.382,1925.492,1925.110,1925.220,130.4
2024-01-10T10:30:00+00:00,1925.220,1925.699,1924.733,1925.213,72.8
2024-01-10T10:31:00+00:00,1925.213,1925.704,1924.983,1925.475,79.3
2024-01-10T10:32:00+00:00,1925.475,1926.483,1924.817,1925.825,189.4
2024-01-10T10:33:00+00:00,1925.825,1926.521,1925.361,1926.057,135.4
2024-01-10T10:34:00+00:00,1926.057,1926.233,1925.893,1926.069,108.9
2024-01-10T10:35:00+00:00,1926.069,1926.145,1925.941,1926.017,92.9
2024-01-10T10:36:00+00:00,1926.017,1926.207,1925.655,1925.845,135.7
2024-01-10T10:37:00+00:00,1925.845,1926.018,1925.233,1925.406,167.0
2024-01-10T10:38:00+00:00,1925.406,1926.146,1924.943,1925.683,79.5
2024-01-10T10:39:00+00:00,1925.683,1926.275,1924.756,1925.348,61.8
2024-01-10T10:40:00+00:00,1925.348,1925.660,1924.932,1925.245,87.3
2024-01-10T10:41:00+00:00,1925.245,1925.342,1924.934,1925.031,145.0
2024-01-10T10:42:00+00:00,1925.031,1925.746,1924.541,1925.257,164.6
2024-01-10T10:43:00+00:00,1925.257,1925.557,1924.872,1925.172,119.1
2024-01-10T10:44:00+00:00,1925.172,1925.570,1924.666,1925.063,166.7
2024-01-10T10:45:00+00:00,1925.063,1925.264,1924.692,1924.893,136.2
2024-01-10T10:46:00+00:00,1924.893,1925.683,1924.722,1925.511,93.0
2024-01-10T10:47:00+00:00,1925.511,1926.025,1925.185,1925.699,131.4
2024-01-10T10:48:00+00:00,1925.699,1926.129,1925.528,1925.959,117.9
2024-01-10T10:49:00+00:00,1925.959,1926.189,1925.174,1925.404,85.9
2024-01-10T10:50:00+00:00,1925.404,1925.867,1924.980,1925.442,52.5
2024-01-10T10:51:00+00:00,1925.442,1925.725,1924.733,1925.016,117.3
2024-01-10T10:52:00+00:00,1925.016,1925.704,1924.771,1925.460,96.4
2024-01-10T10:53:00+00:00,1925.460,1926.066,1925.317,1925.923,135.9
2024-01-10T10:54:00+00:00,1925.923,1926.488,1925.687,1926.253,126.7
2024-01-10T10:55:00+00:00,1926.253,1926.484,1925.830,1926.061,124.0
2024-01-10T10:56:00+00:00,1926.061,1926.622,1925.692,1926.253,96.8
2024-01-10T10:57:00+00:00,1926.253,1926.598,1926.161,1926.507,140.0
2024-01-10T10:58:00+00:00,1926.507,1926.758,1926.186,1926.437,143.5
2024-01-10T10:59:00+00:00,1926.437,1927.452,1925.675,1926.690,146.1
2024-01-10T11:00:00+00:00,1926.690,1926.907,1926.247,1926.465,167.2
2024-01-10T11:01:00+00:00,1926.465,1926.758,1926.116,1926.409,127.7
2024-01-10T11:02:00+00:00,1926.409,1926.676,1926.217,1926.484,77.7
2024-01-10T11:03:00+00:00,1926.484,1926.888,1926.210,1926.615,141.1
2024-01-10T11:04:00+00:00,1926.615,1927.230,1926.264,1926.880,95.1
2024-01-10T11:05:00+00:00,1926.880,1927.457,1926.778,1927.355,90.1
2024-01-10T11:06:00+00:00,1927.355,1927.473,1927.178,1927.296,129.9
2024-01-10T11:07:00+00:00,1927.296,1927.914,1927.198,1927.816,104.6
2024-01-10T11:08:00+00:00,1927.816,1928.763,1927.684,1928.631,95.2
2024-01-10T11:09:00+00:00,1928.631,1929.159,1928.476,1929.004,96.3
2024-01-10T11:10:00+00:00,1929.004,1929.352,1928.331,1928.679,88.0
2024-01-10T11:11:00+00:00,1928.679,1928.930,1928.514,1928.765,114.3
2024-01-10T11:12:00+00:00,1928.765,1928.853,1928.439,1928.527,138.2
2024-01-10T11:13:00+00:00,1928.527,1929.088,1928.387,1928.948,85.0
2024-01-10T11:14:00+00:00,1928.948,1929.001,1928.426,1928.478,45.2
2024-01-10T11:15:00+00:00,1928.478,1929.055,1928.421,1928.998,123.8
2024-01-10T11:16:00+00:00,1928.998,1929.209,1928.349,1928.560,97.6
2024-01-10T11:17:00+00:00,1928.560,1929.004,1928.407,1928.851,138.7
2024-01-10T11:18:00+00:00,1928.851,1929.617,1928.319,1929.085,113.0
2024-01-10T11:19:00+00:00,1929.085,1929.762,1928.907,1929.583,124.0
2024-01-10T11:20:00+00:00,1929.583,1929.950,1929.227,1929.594,185.7
2024-01-10T11:21:00+00:00,1929.594,1929.814,1929.384,1929.604,106.7
2024-01-10T11:22:00+00:00,1929.604,1930.492,1929.264,1930.152,155.6
2024-01-10T11:23:00+00:00,1930.152,1930.771,1929.926,1930.545,161.9
2024-01-10T11:24:00+00:00,1930.545,1930.829,1930.459,1930.743,144.4
2024-01-10T11:25:00+00:00,1930.743,1931.430,1929.803,1930.490,144.6
2024-01-10T11:26:00+00:00,1930.490,1930.826,1930.265,1930.602,111.9
2024-01-10T11:27:00+00:00,1930.602,1930.863,1930.067,1930.328,125.8
2024-01-10T11:28:00+00:00,1930.328,1930.691,1930.068,1930.431,117.2
2024-01-10T11:29:00+00:00,1930.431,1930.936,1930.209,1930.715,99.1
2024-01-10T11:30:00+00:00,1930.715,1930.934,1929.962,1930.182,112.4
2024-01-10T11:31:00+00:00,1930.182,1930.786,1929.455,1930.059,99.7
2024-01-10T11:32:00+00:00,1930.059,1930.527,1929.820,1930.287,140.8
2024-01-10T11:33:00+00:00,1930.287,1930.576,1929.622,1929.911,125.7
2024-01-10T11:34:00+00:00,1929.911,1930.257,1929.486,1929.832,170.2
2024-01-10T11:35:00+00:00,1929.832,1930.244,1929.285,1929.696,48.0
2024-01-10T11:36:00+00:00,1929.696,1930.202,1928.833,1929.338,173.7
2024-01-10T11:37:00+00:00,1929.338,1929.713,1929.038,1929.412,138.5
2024-01-10T11:38:00+00:00,1929.412,1929.497,1929.266,1929.351,85.5
2024-01-10T11:39:00+00:00,1929.351,1929.432,1928.869,1928.950,142.2
2024-01-10T11:40:00+00:00,1928.950,1929.426,1928.596,1929.072,145.5
2024-01-10T11:41:00+00:00,1929.072,1929.411,1928.833,1929.173,111.7
2024-01-10T11:42:00+00:00,1929.173,1929.488,1928.830,1929.146,161.3
2024-01-10T11:43:00+00:00,1929.146,1929.473,1928.468,1928.796,149.4
2024-01-10T11:44:00+00:00,1928.796,1929.055,1928.730,1928.989,90.5
2024-01-10T11:45:00+00:00,1928.989,1929.512,1928.892,1929.415,126.9
2024-01-10T11:46:00+00:00,1929.415,1929.797,1929.237,1929.619,132.0
2024-01-10T11:47:00+00:00,1929.619,1929.968,1929.389,1929.738,131.7
2024-01-10T11:48:00+00:00,1929.738,1929.962,1929.133,1929.357,111.9
2024-01-10T11:49:00+00:00,1929.357,1930.050,1929.144,1929.837,154.3
2024-01-10T11:50:00+00:00,1929.837,1930.557,1929.566,1930.286,187.9
2024-01-10T11:51:00+00:00,1930.286,1930.488,1930.156,1930.358,156.9
2024-01-10T11:52:00+00:00,1930.358,1930.872,1930.056,1930.571,116.1
2024-01-10T11:53:00+00:00,1930.571,1931.279,1930.433,1931.141,63.1
2024-01-10T11:54:00+00:00,1931.141,1931.688,1931.047,1931.593,93.4
2024-01-10T11:55:00+00:00,1931.593,1931.714,1931.445,1931.566,154.7
2024-01-10T11:56:00+00:00,1931.566,1931.819,1931.501,1931.754,119.6
2024-01-10T11:57:00+00:00,1931.754,1931.965,1931.307,1931.518,106.4
2024-01-10T11:58:00+00:00,1931.518,1931.855,1931.174,1931.511,107.9
2024-01-10T11:59:00+00:00,1931.511,1932.102,1931.347,1931.939,120.4
2024-01-10T12:00:00+00:00,1931.939,1932.240,1931.832,1932.134,84.3
2024-01-10T12:01:00+00:00,1932.134,1933.133,1931.520,1932.520,135.7
2024-01-10T12:02:00+00:00,1932.520,1933.502,1931.853,1932.835,83.6
2024-01-10T12:03:00+00:00,1932.835,1933.233,1932.699,1933.097,112.1
2024-01-10T12:04:00+00:00,1933.097,1933.164,1932.524,1932.590,132.0
2024-01-10T12:05:00+00:00,1932.590,1932.695,1932.007,1932.112,105.8
2024-01-10T12:06:00+00:00,1932.112,1932.323,1931.625,1931.836,169.5
2024-01-10T12:07:00+00:00,1931.836,1932.370,1931.528,1932.061,143.1
2024-01-10T12:08:00+00:00,1932.061,1932.313,1931.863,1932.114,159.9
2024-01-10T12:09:00+00:00,1932.114,1932.202,1931.960,1932.047,79.3
2024-01-10T12:10:00+00:00,1932.047,1932.297,1931.220,1931.470,147.0
2024-01-10T12:11:00+00:00,1931.470,1931.793,1931.354,1931.678,159.6
2024-01-10T12:12:00+00:00,1931.678,1932.075,1930.736,1931.133,122.5
2024-01-10T12:13:00+00:00,1931.133,1931.882,1930.736,1931.485,96.2
2024-01-10T12:14:00+00:00,1931.485,1931.639,1931.102,1931.256,118.3
2024-01-10T12:15:00+00:00,1931.256,1931.338,1931.054,1931.135,98.8
2024-01-10T12:16:00+00:00,1931.135,1931.401,1930.993,1931.259,171.2
2024-01-10T12:17:00+00:00,1931.259,1931.455,1930.783,1930.979,122.7
2024-01-10T12:18:00+00:00,1930.979,1931.898,1930.692,1931.611,106.0
2024-01-10T12:19:00+00:00,1931.611,1932.511,1931.396,1932.296,109.1
2024-01-10T12:20:00+00:00,1932.296,1932.585,1931.946,1932.235,156.8
2024-01-10T12:21:00+00:00,1932.235,1932.932,1932.147,1932.844,98.0
2024-01-10T12:22:00+00:00,1932.844,1933.061,1932.228,1932.445,104.0
2024-01-10T12:23:00+00:00,1932.445,1933.373,1931.791,1932.718,107.8
2024-01-10T12:24:00+00:00,1932.718,1933.173,1932.561,1933.016,33.7
2024-01-10T12:25:00+00:00,1933.016,1933.283,1932.934,1933.201,119.8
2024-01-10T12:26:00+00:00,1933.201,1933.357,1933.002,1933.158,124.3
2024-01-10T12:27:00+00:00,1933.158,1934.262,1932.314,1933.418,120.1
2024-01-10T12:28:00+00:00,1933.418,1933.923,1933.317,1933.822,156.8
2024-01-10T12:29:00+00:00,1933.822,1934.352,1933.050,1933.581,149.0
2024-01-10T12:30:00+00:00,1933.581,1934.316,1932.780,1933.515,163.4
2024-01-10T12:31:00+00:00,1933.515,1934.497,1933.165,1934.147,117.1
2024-01-10T12:32:00+00:00,1934.147,1934.704,1933.833,1934.390,122.3
2024-01-10T12:33:00+00:00,1934.390,1934.747,1933.665,1934.022,115.4
2024-01-10T12:34:00+00:00,1934.022,1934.380,1933.896,1934.254,116.6
2024-01-10T12:35:00+00:00,1934.254,1934.471,1933.641,1933.859,101.8
2024-01-10T12:36:00+00:00,1933.859,1934.014,1933.157,1933.312,119.0
2024-01-10T12:37:00+00:00,1933.312,1933.983,1933.057,1933.727,84.3
2024-01-10T12:38:00+00:00,1933.727,1933.794,1933.674,1933.741,122.7
2024-01-10T12:39:00+00:00,1933.741,1933.811,1933.388,1933.457,149.5
2024-01-10T12:40:00+00:00,1933.457,1934.384,1933.043,1933.970,142.8
2024-01-10T12:41:00+00:00,1933.970,1934.088,1933.058,1933.176,104.2
2024-01-10T12:42:00+00:00,1933.176,1933.611,1931.799,1932.233,147.5
2024-01-10T12:43:00+00:00,1932.233,1932.452,1932.093,1932.312,134.8
2024-01-10T12:44:00+00:00,1932.312,1932.705,1931.918,1932.311,175.0
2024-01-10T12:45:00+00:00,1932.311,1932.865,1932.122,1932.676,127.9
2024-01-10T12:46:00+00:00,1932.676,1933.326,1932.445,1933.095,99.3
2024-01-10T12:47:00+00:00,1933.095,1933.738,1932.863,1933.505,137.6
2024-01-10T12:48:00+00:00,1933.505,1933.559,1933.380,1933.434,62.5
2024-01-10T12:49:00+00:00,1933.434,1933.664,1933.273,1933.503,111.6
2024-01-10T12:50:00+00:00,1933.503,1933.629,1933.353,1933.479,122.6
2024-01-10T12:51:00+00:00,1933.479,1933.795,1933.275,1933.591,116.4
2024-01-10T12:52:00+00:00,1933.591,1933.808,1933.417,1933.634,133.3
2024-01-10T12:53:00+00:00,1933.634,1933.891,1933.331,1933.588,71.7
2024-01-10T12:54:00+00:00,1933.588,1933.741,1933.069,1933.222,92.3
2024-01-10T12:55:00+00:00,1933.222,1933.946,1933.133,1933.856,108.9
2024-01-10T12:56:00+00:00,1933.856,1934.056,1933.674,1933.874,101.0
2024-01-10T12:57:00+00:00,1933.874,1934.387,1933.461,1933.974,124.3
2024-01-10T12:58:00+00:00,1933.974,1934.285,1933.703,1934.014,150.9
2024-01-10T12:59:00+00:00,1934.014,1934.538,1933.692,1934.215,100.5
2024-01-10T13:00:00+00:00,1934.215,1934.556,1933.511,1933.852,72.7
2024-01-10T13:01:00+00:00,1933.852,1934.295,1932.830,1933.273,106.2
2024-01-10T13:02:00+00:00,1933.273,1933.592,1933.093,1933.412,115.7
2024-01-10T13:03:00+00:00,1933.412,1934.518,1932.927,1934.032,91.1
2024-01-10T13:04:00+00:00,1934.032,1934.422,1933.761,1934.151,140.8
2024-01-10T13:05:00+00:00,1934.151,1934.946,1933.877,1934.672,142.5
2024-01-10T13:06:00+00:00,1934.672,1934.985,1934.372,1934.686,95.9
2024-01-10T13:07:00+00:00,1934.686,1934.801,1934.231,1934.347,112.9
2024-01-10T13:08:00+00:00,1934.347,1935.138,1934.055,1934.846,154.5
2024-01-10T13:09:00+00:00,1934.846,1935.213,1934.283,1934.650,70.0
2024-01-10T13:10:00+00:00,1934.650,1935.111,1934.245,1934.706,126.4
2024-01-10T13:11:00+00:00,1934.706,1934.944,1934.556,1934.794,63.1
2024-01-10T13:12:00+00:00,1934.794,1934.956,1934.517,1934.680,66.3
2024-01-10T13:13:00+00:00,1934.680,1935.044,1934.625,1934.989,104.1
2024-01-10T13:14:00+00:00,1934.989,1935.341,1934.776,1935.128,119.3
2024-01-10T13:15:00+00:00,1935.128,1935.375,1934.682,1934.929,100.1
2024-01-10T13:16:00+00:00,1934.929,1935.415,1934.636,1935.122,159.4
2024-01-10T13:17:00+00:00,1935.122,1936.049,1934.815,1935.742,124.5
2024-01-10T13:18:00+00:00,1935.742,1935.841,1935.639,1935.737,135.9
2024-01-10T13:19:00+00:00,1935.737,1937.053,1935.522,1936.838,95.7
2024-01-10T13:20:00+00:00,1936.838,1937.878,1936.397,1937.437,150.2
2024-01-10T13:21:00+00:00,1937.437,1937.760,1936.739,1937.062,105.3
2024-01-10T13:22:00+00:00,1937.062,1937.444,1936.645,1937.026,138.6
2024-01-10T13:23:00+00:00,1937.026,1937.440,1936.639,1937.053,90.0
2024-01-10T13:24:00+00:00,1937.053,1937.274,1936.259,1936.480,113.2
2024-01-10T13:25:00+00:00,1936.480,1937.519,1935.844,1936.882,83.2
2024-01-10T13:26:00+00:00,1936.882,1937.511,1936.348,1936.977,82.9
2024-01-10T13:27:00+00:00,1936.977,1937.141,1936.217,1936.381,162.1
2024-01-10T13:28:00+00:00,1936.381,1937.382,1935.997,1936.998,101.7
2024-01-10T13:29:00+00:00,1936.998,1937.259,1936.163,1936.424,91.6
2024-01-10T13:30:00+00:00,1936.424,1936.967,1936.092,1936.635,191.7
2024-01-10T13:31:00+00:00,1936.635,1936.890,1936.317,1936.572,126.7
2024-01-10T13:32:00+00:00,1936.572,1937.206,1936.043,1936.676,141.2
2024-01-10T13:33:00+00:00,1936.676,1937.404,1936.551,1937.278,145.8
2024-01-10T13:34:00+00:00,1937.278,1937.587,1937.206,1937.515,99.0
2024-01-10T13:35:00+00:00,1937.515,1937.568,1937.382,1937.435,108.8
2024-01-10T13:36:00+00:00,1937.435,1937.658,1937.150,1937.373,145.8
2024-01-10T13:37:00+00:00,1937.373,1937.453,1937.269,1937.348,113.7
2024-01-10T13:38:00+00:00,1937.348,1938.047,1937.166,1937.865,162.5
2024-01-10T13:39:00+00:00,1937.865,1938.298,1937.192,1937.625,138.3
2024-01-10T13:40:00+00:00,1937.625,1937.789,1937.345,1937.509,154.2
2024-01-10T13:41:00+00:00,1937.509,1937.616,1937.130,1937.236,129.4
2024-01-10T13:42:00+00:00,1937.236,1937.357,1937.098,1937.219,120.6
2024-01-10T13:43:00+00:00,1937.219,1937.628,1936.974,1937.383,164.0
2024-01-10T13:44:00+00:00,1937.383,1938.160,1936.547,1937.325,110.2
2024-01-10T13:45:00+00:00,1937.325,1938.076,1937.243,1937.995,77.1
2024-01-10T13:46:00+00:00,1937.995,1938.129,1937.762,1937.896,152.2
2024-01-10T13:47:00+00:00,1937.896,1938.104,1937.044,1937.251,116.2
2024-01-10T13:48:00+00:00,1937.251,1937.683,1937.103,1937.534,145.8
2024-01-10T13:49:00+00:00,1937.534,1937.642,1937.424,1937.532,156.0
2024-01-10T13:50:00+00:00,1937.532,1938.332,1937.387,1938.187,124.7
2024-01-10T13:51:00+00:00,1938.187,1938.764,1937.366,1937.943,132.0
2024-01-10T13:52:00+00:00,1937.943,1938.656,1937.497,1938.211,138.3
2024-01-10T13:53:00+00:00,1938.211,1939.193,1938.120,1939.103,114.1
2024-01-10T13:54:00+00:00,1939.103,1939.786,1939.008,1939.691,145.4
2024-01-10T13:55:00+00:00,1939.691,1940.755,1939.349,1940.413,95.5
2024-01-10T13:56:00+00:00,1940.413,1940.781,1940.333,1940.701,121.3
2024-01-10T13:57:00+00:00,1940.701,1940.784,1940.610,1940.693,130.7
2024-01-10T13:58:00+00:00,1940.693,1940.810,1940.457,1940.575,127.1
2024-01-10T13:59:00+00:00,1940.575,1940.736,1940.086,1940.247,55.0
2024-01-10T14:00:00+00:00,1940.247,1940.597,1940.168,1940.519,84.9
2024-01-10T14:01:00+00:00,1940.519,1941.375,1940.177,1941.033,181.5
2024-01-10T14:02:00+00:00,1941.033,1941.384,1940.475,1940.826,118.2
2024-01-10T14:03:00+00:00,1940.826,1941.536,1940.721,1941.432,150.7
2024-01-10T14:04:00+00:00,1941.432,1941.944,1940.854,1941.366,131.8
2024-01-10T14:05:00+00:00,1941.366,1941.728,1941.215,1941.577,169.8
2024-01-10T14:06:00+00:00,1941.577,1941.980,1940.963,1941.366,127.8
2024-01-10T14:07:00+00:00,1941.366,1941.440,1941.096,1941.170,120.1
2024-01-10T14:08:00+00:00,1941.170,1941.492,1940.608,1940.930,116.5
2024-01-10T14:09:00+00:00,1940.930,1941.708,1940.816,1941.594,151.5
2024-01-10T14:10:00+00:00,1941.594,1941.806,1941.325,1941.537,104.3
2024-01-10T14:11:00+00:00,1941.537,1941.700,1941.114,1941.276,124.2
2024-01-10T14:12:00+00:00,1941.276,1941.706,1940.513,1940.943,94.5
2024-01-10T14:13:00+00:00,1940.943,1941.213,1940.084,1940.354,75.1
2024-01-10T14:14:00+00:00,1940.354,1940.979,1940.018,1940.642,102.5
2024-01-10T14:15:00+00:00,1940.642,1940.702,1940.583,1940.642,132.7
2024-01-10T14:16:00+00:00,1940.642,1941.160,1940.432,1940.950,109.9
2024-01-10T14:17:00+00:00,1940.950,1941.568,1940.807,1941.425,99.1
2024-01-10T14:18:00+00:00,1941.425,1942.329,1941.083,1941.987,134.3
2024-01-10T14:19:00+00:00,1941.987,1942.543,1941.907,1942.463,130.4
2024-01-10T14:20:00+00:00,1942.463,1942.762,1942.247,1942.546,126.8
2024-01-10T14:21:00+00:00,1942.546,1942.814,1942.320,1942.588,63.8
2024-01-10T14:22:00+00:00,1942.588,1942.840,1942.465,1942.716,178.6
2024-01-10T14:23:00+00:00,1942.716,1943.068,1942.504,1942.856,139.6
2024-01-10T14:24:00+00:00,1942.856,1943.199,1942.420,1942.762,111.8
2024-01-10T14:25:00+00:00,1942.762,1943.321,1942.416,1942.975,151.3
2024-01-10T14:26:00+00:00,1942.975,1943.183,1942.886,1943.093,126.1
2024-01-10T14:27:00+00:00,1943.093,1943.631,1943.014,1943.551,154.6
2024-01-10T14:28:00+00:00,1943.551,1943.603,1943.262,1943.314,143.2
2024-01-10T14:29:00+00:00,1943.314,1943.696,1943.213,1943.595,104.8
2024-01-10T14:30:00+00:00,1943.595,1943.753,1942.853,1943.011,95.0
2024-01-10T14:31:00+00:00,1943.011,1943.453,1942.465,1942.908,97.2
2024-01-10T14:32:00+00:00,1942.908,1943.293,1942.854,1943.239,87.3
2024-01-10T14:33:00+00:00,1943.239,1943.550,1943.002,1943.313,84.8
2024-01-10T14:34:00+00:00,1943.313,1943.456,1942.805,1942.948,141.7
2024-01-10T14:35:00+00:00,1942.948,1943.104,1942.620,1942.776,133.7
2024-01-10T14:36:00+00:00,1942.776,1942.978,1942.614,1942.816,157.8
2024-01-10T14:37:00+00:00,1942.816,1942.948,1942.654,1942.785,88.5
2024-01-10T14:38:00+00:00,1942.785,1942.859,1942.498,1942.571,144.2
2024-01-10T14:39:00+00:00,1942.571,1942.963,1941.982,1942.374,147.6
2024-01-10T14:40:00+00:00,1942.374,1943.915,1941.687,1943.229,88.7
2024-01-10T14:41:00+00:00,1943.229,1943.476,1943.058,1943.305,92.0
2024-01-10T14:42:00+00:00,1943.305,1943.778,1942.983,1943.456,112.0
2024-01-10T14:43:00+00:00,1943.456,1943.825,1943.373,1943.743,92.5
2024-01-10T14:44:00+00:00,1943.743,1943.943,1943.365,1943.566,159.4
2024-01-10T14:45:00+00:00,1943.566,1944.110,1943.455,1943.999,73.7
2024-01-10T14:46:00+00:00,1943.999,1944.148,1943.717,1943.865,63.2
2024-01-10T14:47:00+00:00,1943.865,1944.013,1943.744,1943.891,80.8
2024-01-10T14:48:00+00:00,1943.891,1944.054,1943.616,1943.778,174.6
2024-01-10T14:49:00+00:00,1943.778,1944.281,1943.538,1944.041,122.6
2024-01-10T14:50:00+00:00,1944.041,1944.319,1943.355,1943.634,100.3
2024-01-10T14:51:00+00:00,1943.634,1943.864,1942.772,1943.002,109.8
2024-01-10T14:52:00+00:00,1943.002,1943.213,1942.824,1943.035,113.3
2024-01-10T14:53:00+00:00,1943.035,1943.577,1942.668,1943.209,110.5
2024-01-10T14:54:00+00:00,1943.209,1943.264,1943.066,1943.121,139.1
2024-01-10T14:55:00+00:00,1943.121,1943.192,1942.944,1943.015,99.9
2024-01-10T14:56:00+00:00,1943.015,1943.206,1942.830,1943.022,96.1
2024-01-10T14:57:00+00:00,1943.022,1943.428,1942.584,1942.991,99.3
2024-01-10T14:58:00+00:00,1942.991,1943.231,1942.809,1943.050,89.8
2024-01-10T14:59:00+00:00,1943.050,1943.326,1942.771,1943.047,129.4
2024-01-10T15:00:00+00:00,1943.047,1943.330,1942.887,1943.170,113.9
2024-01-10T15:01:00+00:00,1943.170,1943.356,1942.523,1942.709,80.4
2024-01-10T15:02:00+00:00,1942.709,1942.773,1942.446,1942.510,151.7
2024-01-10T15:03:00+00:00,1942.510,1942.748,1942.081,1942.319,126.1
2024-01-10T15:04:00+00:00,1942.319,1942.860,1941.104,1941.645,75.0
2024-01-10T15:05:00+00:00,1941.645,1942.317,1941.355,1942.027,148.6
2024-01-10T15:06:00+00:00,1942.027,1942.258,1941.793,1942.023,110.0
2024-01-10T15:07:00+00:00,1942.023,1942.595,1941.815,1942.386,95.9
2024-01-10T15:08:00+00:00,1942.386,1942.709,1942.225,1942.548,139.7
2024-01-10T15:09:00+00:00,1942.548,1942.664,1942.167,1942.283,91.0
2024-01-10T15:10:00+00:00,1942.283,1942.863,1941.701,1942.280,88.6
2024-01-10T15:11:00+00:00,1942.280,1942.720,1941.448,1941.887,113.3
2024-01-10T15:12:00+00:00,1941.887,1942.633,1941.727,1942.472,147.3
2024-01-10T15:13:00+00:00,1942.472,1942.676,1942.237,1942.440,179.4
2024-01-10T15:14:00+00:00,1942.440,1943.343,1941.938,1942.840,91.5
2024-01-10T15:15:00+00:00,1942.840,1943.223,1942.631,1943.014,113.4
2024-01-10T15:16:00+00:00,1943.014,1943.336,1942.831,1943.153,109.9
2024-01-10T15:17:00+00:00,1943.153,1943.785,1942.897,1943.529,142.3
2024-01-10T15:18:00+00:00,1943.529,1943.973,1943.428,1943.872,110.0
2024-01-10T15:19:00+00:00,1943.872,1944.487,1943.283,1943.898,127.6
2024-01-10T15:20:00+00:00,1943.898,1944.444,1942.900,1943.446,142.3
2024-01-10T15:21:00+00:00,1943.446,1943.583,1943.026,1943.163,121.4
2024-01-10T15:22:00+00:00,1943.163,1943.435,1942.326,1942.597,112.2
2024-01-10T15:23:00+00:00,1942.597,1942.859,1942.530,1942.791,82.7
2024-01-10T15:24:00+00:00,1942.791,1942.867,1942.568,1942.644,83.0
2024-01-10T15:25:00+00:00,1942.644,1942.826,1942.342,1942.524,57.3
2024-01-10T15:26:00+00:00,1942.524,1943.409,1942.258,1943.142,106.5
2024-01-10T15:27:00+00:00,1943.142,1943.804,1942.840,1943.501,165.2
2024-01-10T15:28:00+00:00,1943.501,1943.586,1943.323,1943.408,103.2
2024-01-10T15:29:00+00:00,1943.408,1943.603,1943.278,1943.473,121.0
2024-01-10T15:30:00+00:00,1943.473,1943.709,1942.988,1943.225,136.3
2024-01-10T15:31:00+00:00,1943.225,1943.564,1942.919,1943.258,98.3
2024-01-10T15:32:00+00:00,1943.258,1943.814,1943.169,1943.725,164.1
2024-01-10T15:33:00+00:00,1943.725,1943.836,1943.495,1943.606,126.3
2024-01-10T15:34:00+00:00,1943.606,1944.416,1943.201,1944.011,106.8
2024-01-10T15:35:00+00:00,1944.011,1944.246,1943.558,1943.794,156.7
2024-01-10T15:36:00+00:00,1943.794,1944.197,1943.663,1944.066,157.1
2024-01-10T15:37:00+00:00,1944.066,1944.182,1943.975,1944.091,138.4
2024-01-10T15:38:00+00:00,1944.091,1944.698,1943.326,1943.933,126.4
2024-01-10T15:39:00+00:00,1943.933,1944.370,1943.776,1944.214,136.1
2024-01-10T15:40:00+00:00,1944.214,1944.610,1943.907,1944.303,123.4
2024-01-10T15:41:00+00:00,1944.303,1944.914,1944.240,1944.852,143.6
2024-01-10T15:42:00+00:00,1944.852,1944.976,1944.575,1944.700,132.4
2024-01-10T15:43:00+00:00,1944.700,1945.206,1944.276,1944.782,121.4
2024-01-10T15:44:00+00:00,1944.782,1945.335,1944.645,1945.198,151.8
2024-01-10T15:45:00+00:00,1945.198,1945.336,1944.785,1944.922,148.5
2024-01-10T15:46:00+00:00,1944.922,1945.069,1944.534,1944.681,136.5
2024-01-10T15:47:00+00:00,1944.681,1944.940,1944.525,1944.783,136.0
2024-01-10T15:48:00+00:00,1944.783,1944.935,1944.587,1944.739,105.0
2024-01-10T15:49:00+00:00,1944.739,1945.173,1944.186,1944.619,117.0
2024-01-10T15:50:00+00:00,1944.619,1944.676,1944.022,1944.079,126.2
2024-01-10T15:51:00+00:00,1944.079,1944.147,1943.673,1943.740,128.6
2024-01-10T15:52:00+00:00,1943.740,1944.014,1943.384,1943.658,116.8
2024-01-10T15:53:00+00:00,1943.658,1944.110,1943.384,1943.836,177.2
2024-01-10T15:54:00+00:00,1943.836,1943.970,1943.069,1943.204,132.7
2024-01-10T15:55:00+00:00,1943.204,1943.332,1942.893,1943.021,181.9
2024-01-10T15:56:00+00:00,1943.021,1943.483,1942.635,1943.097,151.0
2024-01-10T15:57:00+00:00,1943.097,1943.706,1942.372,1942.981,154.3
2024-01-10T15:58:00+00:00,1942.981,1944.024,1942.497,1943.540,114.3
2024-01-10T15:59:00+00:00,1943.540,1943.640,1943.237,1943.337,121.9
2024-01-10T16:00:00+00:00,1943.337,1943.957,1943.141,1943.762,176.0
2024-01-10T16:01:00+00:00,1943.762,1943.864,1943.107,1943.209,199.3
2024-01-10T16:02:00+00:00,1943.209,1943.419,1943.004,1943.214,106.3
2024-01-10T16:03:00+00:00,1943.214,1944.658,1942.948,1944.392,109.7
2024-01-10T16:04:00+00:00,1944.392,1944.494,1943.679,1943.781,141.3
2024-01-10T16:05:00+00:00,1943.781,1943.949,1942.947,1943.115,136.6
2024-01-10T16:06:00+00:00,1943.115,1943.212,1942.243,1942.340,73.9
2024-01-10T16:07:00+00:00,1942.340,1942.488,1941.766,1941.915,153.7
2024-01-10T16:08:00+00:00,1941.915,1942.560,1941.703,1942.348,134.8
2024-01-10T16:09:00+00:00,1942.348,1942.756,1941.367,1941.775,136.2
2024-01-10T16:10:00+00:00,1941.775,1942.076,1941.378,1941.679,65.8
2024-01-10T16:11:00+00:00,1941.679,1942.270,1941.046,1941.637,60.3
2024-01-10T16:12:00+00:00,1941.637,1941.965,1940.994,1941.322,64.3
2024-01-10T16:13:00+00:00,1941.322,1941.389,1941.080,1941.147,153.6
2024-01-10T16:14:00+00:00,1941.147,1941.662,1940.646,1941.161,119.2
2024-01-10T16:15:00+00:00,1941.161,1941.320,1941.004,1941.162,130.4
2024-01-10T16:16:00+00:00,1941.162,1941.447,1940.409,1940.694,113.2
2024-01-10T16:17:00+00:00,1940.694,1941.198,1940.347,1940.851,98.8
2024-01-10T16:18:00+00:00,1940.851,1940.986,1940.505,1940.639,107.5
2024-01-10T16:19:00+00:00,1940.639,1941.032,1940.495,1940.888,92.8
2024-01-10T16:20:00+00:00,1940.888,1941.245,1940.470,1940.827,123.2
2024-01-10T16:21:00+00:00,1940.827,1941.437,1940.538,1941.148,67.5
2024-01-10T16:22:00+00:00,1941.148,1941.485,1941.026,1941.364,119.2
2024-01-10T16:23:00+00:00,1941.364,1941.706,1941.222,1941.564,147.5
2024-01-10T16:24:00+00:00,1941.564,1942.159,1940.853,1941.449,105.8
2024-01-10T16:25:00+00:00,1941.449,1941.598,1941.234,1941.383,131.7
2024-01-10T16:26:00+00:00,1941.383,1941.754,1940.968,1941.339,101.6
2024-01-10T16:27:00+00:00,1941.339,1941.514,1941.202,1941.377,183.0
2024-01-10T16:28:00+00:00,1941.377,1941.675,1940.796,1941.093,108.9
2024-01-10T16:29:00+00:00,1941.093,1941.452,1941.040,1941.399,114.8
2024-01-10T16:30:00+00:00,1941.399,1941.964,1940.378,1940.942,113.8
2024-01-10T16:31:00+00:00,1940.942,1941.421,1940.422,1940.900,131.1
2024-01-10T16:32:00+00:00,1940.900,1941.377,1940.610,1941.086,93.9
2024-01-10T16:33:00+00:00,1941.086,1941.225,1940.560,1940.699,164.1
2024-01-10T16:34:00+00:00,1940.699,1941.272,1940.504,1941.077,83.7
2024-01-10T16:35:00+00:00,1941.077,1941.757,1940.761,1941.441,87.3
2024-01-10T16:36:00+00:00,1941.441,1942.271,1941.198,1942.029,141.9
2024-01-10T16:37:00+00:00,1942.029,1942.159,1941.869,1941.998,101.8
2024-01-10T16:38:00+00:00,1941.998,1942.480,1941.795,1942.276,143.6
2024-01-10T16:39:00+00:00,1942.276,1942.532,1941.962,1942.219,184.0
2024-01-10T16:40:00+00:00,1942.219,1942.943,1942.121,1942.845,86.4
2024-01-10T16:41:00+00:00,1942.845,1943.489,1942.762,1943.406,121.7
2024-01-10T16:42:00+00:00,1943.406,1943.876,1943.269,1943.738,123.3
2024-01-10T16:43:00+00:00,1943.738,1944.982,1943.227,1944.471,139.2
2024-01-10T16:44:00+00:00,1944.471,1944.539,1944.106,1944.174,115.0
2024-01-10T16:45:00+00:00,1944.174,1944.947,1943.535,1944.307,140.7
2024-01-10T16:46:00+00:00,1944.307,1945.298,1944.155,1945.146,146.5
2024-01-10T16:47:00+00:00,1945.146,1945.527,1945.023,1945.404,105.0
2024-01-10T16:48:00+00:00,1945.404,1945.780,1945.286,1945.662,162.5
2024-01-10T16:49:00+00:00,1945.662,1946.216,1945.438,1945.992,32.9
2024-01-10T16:50:00+00:00,1945.992,1946.721,1945.820,1946.550,125.1
2024-01-10T16:51:00+00:00,1946.550,1947.214,1945.714,1946.378,160.0
2024-01-10T16:52:00+00:00,1946.378,1946.593,1946.237,1946.451,136.9
2024-01-10T16:53:00+00:00,1946.451,1947.142,1946.274,1946.964,148.2
2024-01-10T16:54:00+00:00,1946.964,1947.233,1946.826,1947.094,82.7
2024-01-10T16:55:00+00:00,1947.094,1947.239,1947.031,1947.176,117.8
2024-01-10T16:56:00+00:00,1947.176,1947.303,1947.006,1947.132,102.9
2024-01-10T16:57:00+00:00,1947.132,1947.504,1946.731,1947.103,189.1
2024-01-10T16:58:00+00:00,1947.103,1947.453,1946.485,1946.835,104.1
2024-01-10T16:59:00+00:00,1946.835,1947.149,1946.414,1946.728,47.1
2024-01-10T17:00:00+00:00,1946.728,1947.637,1946.424,1947.333,108.8
2024-01-10T17:01:00+00:00,1947.333,1947.890,1947.009,1947.566,71.5
2024-01-10T17:02:00+00:00,1947.566,1947.913,1947.373,1947.720,99.7
2024-01-10T17:03:00+00:00,1947.720,1948.565,1946.911,1947.756,116.1
2024-01-10T17:04:00+00:00,1947.756,1948.251,1947.664,1948.159,125.4
2024-01-10T17:05:00+00:00,1948.159,1948.963,1947.594,1948.398,81.5
2024-01-10T17:06:00+00:00,1948.398,1948.508,1947.885,1947.995,101.4
2024-01-10T17:07:00+00:00,1947.995,1948.265,1947.104,1947.374,114.4
2024-01-10T17:08:00+00:00,1947.374,1948.305,1946.824,1947.755,71.0
2024-01-10T17:09:00+00:00,1947.755,1948.071,1947.030,1947.346,162.2
2024-01-10T17:10:00+00:00,1947.346,1947.659,1947.206,1947.519,140.6
2024-01-10T17:11:00+00:00,1947.519,1948.149,1947.154,1947.784,142.3
2024-01-10T17:12:00+00:00,1947.784,1948.313,1947.633,1948.162,92.8
2024-01-10T17:13:00+00:00,1948.162,1948.357,1947.831,1948.026,135.8
2024-01-10T17:14:00+00:00,1948.026,1948.386,1947.970,1948.330,110.9
2024-01-10T17:15:00+00:00,1948.330,1948.485,1947.591,1947.746,90.2
2024-01-10T17:16:00+00:00,1947.746,1947.882,1947.452,1947.588,124.9
2024-01-10T17:17:00+00:00,1947.588,1949.110,1947.321,1948.844,104.0
2024-01-10T17:18:00+00:00,1948.844,1948.957,1948.365,1948.479,111.5
2024-01-10T17:19:00+00:00,1948.479,1949.396,1947.945,1948.862,147.2
2024-01-10T17:20:00+00:00,1948.862,1949.298,1948.682,1949.118,99.6
2024-01-10T17:21:00+00:00,1949.118,1949.398,1948.939,1949.219,115.3
2024-01-10T17:22:00+00:00,1949.219,1949.273,1949.141,1949.196,87.7
2024-01-10T17:23:00+00:00,1949.196,1949.515,1949.003,1949.322,121.5
2024-01-10T17:24:00+00:00,1949.322,1949.372,1948.906,1948.956,116.7
2024-01-10T17:25:00+00:00,1948.956,1949.251,1948.802,1949.097,144.8
2024-01-10T17:26:00+00:00,1949.097,1949.758,1948.842,1949.503,126.9
2024-01-10T17:27:00+00:00,1949.503,1950.017,1949.443,1949.956,115.1
2024-01-10T17:28:00+00:00,1949.956,1950.011,1949.432,1949.487,156.1
2024-01-10T17:29:00+00:00,1949.487,1949.730,1948.942,1949.185,82.3
2024-01-10T17:30:00+00:00,1949.185,1949.818,1948.683,1949.316,121.3
2024-01-10T17:31:00+00:00,1949.316,1949.436,1948.819,1948.940,115.7
2024-01-10T17:32:00+00:00,1948.940,1949.421,1948.761,1949.242,68.3
2024-01-10T17:33:00+00:00,1949.242,1949.438,1948.909,1949.104,150.5
2024-01-10T17:34:00+00:00,1949.104,1949.282,1949.048,1949.225,140.3
2024-01-10T17:35:00+00:00,1949.225,1949.389,1949.020,1949.184,126.7
2024-01-10T17:36:00+00:00,1949.184,1949.760,1949.011,1949.588,134.7
2024-01-10T17:37:00+00:00,1949.588,1949.821,1949.159,1949.392,125.2
2024-01-10T17:38:00+00:00,1949.392,1949.651,1948.693,1948.952,84.4
2024-01-10T17:39:00+00:00,1948.952,1949.230,1948.492,1948.769,188.8
2024-01-10T17:40:00+00:00,1948.769,1949.070,1948.701,1949.002,80.0
2024-01-10T17:41:00+00:00,1949.002,1949.160,1948.049,1948.207,101.5
2024-01-10T17:42:00+00:00,1948.207,1948.738,1948.061,1948.592,80.9
2024-01-10T17:43:00+00:00,1948.592,1949.022,1947.964,1948.395,78.5
2024-01-10T17:44:00+00:00,1948.395,1948.840,1948.215,1948.660,140.4
2024-01-10T17:45:00+00:00,1948.660,1948.770,1948.380,1948.489,103.9
2024-01-10T17:46:00+00:00,1948.489,1948.700,1948.106,1948.317,164.3
2024-01-10T17:47:00+00:00,1948.317,1948.854,1947.781,1948.318,169.9
2024-01-10T17:48:00+00:00,1948.318,1949.095,1947.993,1948.770,116.7
2024-01-10T17:49:00+00:00,1948.770,1948.940,1948.565,1948.735,123.7
2024-01-10T17:50:00+00:00,1948.735,1948.963,1948.685,1948.912,95.3
2024-01-10T17:51:00+00:00,1948.912,1949.374,1948.137,1948.599,169.6
2024-01-10T17:52:00+00:00,1948.599,1948.804,1947.975,1948.180,118.5
2024-01-10T17:53:00+00:00,1948.180,1948.477,1948.100,1948.397,127.1
2024-01-10T17:54:00+00:00,1948.397,1948.864,1948.068,1948.535,80.8
2024-01-10T17:55:00+00:00,1948.535,1949.081,1948.378,1948.924,135.9
2024-01-10T17:56:00+00:00,1948.924,1949.029,1948.304,1948.409,112.0
2024-01-10T17:57:00+00:00,1948.409,1948.858,1948.191,1948.640,140.2
2024-01-10T17:58:00+00:00,1948.640,1948.997,1947.841,1948.198,121.7
2024-01-10T17:59:00+00:00,1948.198,1948.583,1948.143,1948.528,99.6
2024-01-10T18:00:00+00:00,1948.528,1949.659,1948.317,1949.448,142.5
2024-01-10T18:01:00+00:00,1949.448,1949.556,1949.194,1949.301,152.6
2024-01-10T18:02:00+00:00,1949.301,1949.938,1948.826,1949.462,155.5
2024-01-10T18:03:00+00:00,1949.462,1949.898,1948.669,1949.105,153.9
2024-01-10T18:04:00+00:00,1949.105,1949.430,1948.993,1949.318,110.9
2024-01-10T18:05:00+00:00,1949.318,1949.812,1948.643,1949.137,115.4
2024-01-10T18:06:00+00:00,1949.137,1949.408,1948.387,1948.658,117.1
2024-01-10T18:07:00+00:00,1948.658,1948.934,1948.509,1948.785,119.0
2024-01-10T18:08:00+00:00,1948.785,1948.966,1947.948,1948.130,99.1
2024-01-10T18:09:00+00:00,1948.130,1948.255,1947.880,1948.005,157.3
2024-01-10T18:10:00+00:00,1948.005,1948.087,1947.171,1947.253,135.9
2024-01-10T18:11:00+00:00,1947.253,1947.880,1946.972,1947.600,129.4
2024-01-10T18:12:00+00:00,1947.600,1948.013,1947.324,1947.736,101.0
2024-01-10T18:13:00+00:00,1947.736,1947.917,1947.495,1947.676,153.2
2024-01-10T18:14:00+00:00,1947.676,1948.205,1947.520,1948.050,115.5
2024-01-10T18:15:00+00:00,1948.050,1948.403,1947.771,1948.125,116.9
2024-01-10T18:16:00+00:00,1948.125,1948.659,1947.887,1948.420,99.2
2024-01-10T18:17:00+00:00,1948.420,1948.503,1948.118,1948.201,77.8
2024-01-10T18:18:00+00:00,1948.201,1948.382,1948.121,1948.301,79.6
2024-01-10T18:19:00+00:00,1948.301,1948.520,1948.002,1948.221,112.4
2024-01-10T18:20:00+00:00,1948.221,1948.601,1947.526,1947.906,90.7
2024-01-10T18:21:00+00:00,1947.906,1948.258,1947.808,1948.160,161.9
2024-01-10T18:22:00+00:00,1948.160,1948.212,1948.076,1948.128,121.5
2024-01-10T18:23:00+00:00,1948.128,1948.773,1946.846,1947.491,114.1
2024-01-10T18:24:00+00:00,1947.491,1947.809,1947.049,1947.367,115.4
2024-01-10T18:25:00+00:00,1947.367,1948.145,1947.125,1947.902,132.9
2024-01-10T18:26:00+00:00,1947.902,1948.526,1947.624,1948.248,107.4
2024-01-10T18:27:00+00:00,1948.248,1948.395,1947.510,1947.657,136.6
2024-01-10T18:28:00+00:00,1947.657,1947.807,1947.377,1947.527,171.9
2024-01-10T18:29:00+00:00,1947.527,1947.709,1946.808,1946.990,102.9
2024-01-10T18:30:00+00:00,1946.990,1947.203,1946.214,1946.427,95.6
2024-01-10T18:31:00+00:00,1946.427,1947.323,1945.937,1946.834,81.0
2024-01-10T18:32:00+00:00,1946.834,1947.322,1946.417,1946.905,59.5
2024-01-10T18:33:00+00:00,1946.905,1947.261,1946.331,1946.686,92.4
2024-01-10T18:34:00+00:00,1946.686,1946.847,1946.449,1946.610,100.1
2024-01-10T18:35:00+00:00,1946.610,1946.833,1946.282,1946.506,116.0
2024-01-10T18:36:00+00:00,1946.506,1946.926,1946.318,1946.739,134.1
2024-01-10T18:37:00+00:00,1946.739,1947.550,1946.340,1947.151,205.8
2024-01-10T18:38:00+00:00,1947.151,1947.279,1946.886,1947.014,114.6
2024-01-10T18:39:00+00:00,1947.014,1947.509,1946.658,1947.153,121.5
2024-01-10T18:40:00+00:00,1947.153,1947.546,1946.532,1946.924,67.8
2024-01-10T18:41:00+00:00,1946.924,1947.257,1946.790,1947.124,99.1
2024-01-10T18:42:00+00:00,1947.124,1947.248,1947.020,1947.144,120.7
2024-01-10T18:43:00+00:00,1947.144,1947.552,1946.799,1947.206,108.9
2024-01-10T18:44:00+00:00,1947.206,1948.449,1946.519,1947.761,174.0
2024-01-10T18:45:00+00:00,1947.761,1948.582,1947.326,1948.146,126.0
2024-01-10T18:46:00+00:00,1948.146,1948.503,1947.859,1948.215,159.5
2024-01-10T18:47:00+00:00,1948.215,1948.468,1947.557,1947.810,120.4
2024-01-10T18:48:00+00:00,1947.810,1947.994,1947.677,1947.861,84.6
2024-01-10T18:49:00+00:00,1947.861,1948.028,1947.558,1947.725,154.1
2024-01-10T18:50:00+00:00,1947.725,1948.111,1947.574,1947.959,111.6
2024-01-10T18:51:00+00:00,1947.959,1948.142,1947.574,1947.757,117.7
2024-01-10T18:52:00+00:00,1947.757,1948.073,1947.590,1947.907,181.0
2024-01-10T18:53:00+00:00,1947.907,1948.156,1947.303,1947.551,114.6
2024-01-10T18:54:00+00:00,1947.551,1947.688,1947.330,1947.466,165.3
2024-01-10T18:55:00+00:00,1947.466,1947.649,1947.160,1947.343,123.8
2024-01-10T18:56:00+00:00,1947.343,1947.759,1947.150,1947.567,168.9
2024-01-10T18:57:00+00:00,1947.567,1947.827,1947.039,1947.299,168.5
2024-01-10T18:58:00+00:00,1947.299,1947.776,1947.228,1947.705,110.9
2024-01-10T18:59:00+00:00,1947.705,1948.131,1947.335,1947.761,98.7
2024-01-10T19:00:00+00:00,1947.761,1948.288,1947.701,1948.228,108.6
2024-01-10T19:01:00+00:00,1948.228,1948.805,1947.492,1948.068,129.5
2024-01-10T19:02:00+00:00,1948.068,1948.247,1947.390,1947.569,92.7
2024-01-10T19:03:00+00:00,1947.569,1947.841,1947.343,1947.616,121.5
2024-01-10T19:04:00+00:00,1947.616,1947.791,1947.465,1947.640,167.5
2024-01-10T19:05:00+00:00,1947.640,1948.236,1947.204,1947.800,118.7
2024-01-10T19:06:00+00:00,1947.800,1948.080,1947.600,1947.880,137.2
2024-01-10T19:07:00+00:00,1947.880,1948.042,1947.402,1947.564,102.5
2024-01-10T19:08:00+00:00,1947.564,1947.906,1947.055,1947.397,123.8
2024-01-10T19:09:00+00:00,1947.397,1947.739,1947.282,1947.625,67.6
2024-01-10T19:10:00+00:00,1947.625,1948.182,1947.536,1948.093,100.1
2024-01-10T19:11:00+00:00,1948.093,1948.709,1947.756,1948.371,99.4
2024-01-10T19:12:00+00:00,1948.371,1948.935,1948.161,1948.724,153.2
2024-01-10T19:13:00+00:00,1948.724,1948.832,1948.481,1948.588,122.4
2024-01-10T19:14:00+00:00,1948.588,1948.894,1948.060,1948.366,152.2
2024-01-10T19:15:00+00:00,1948.366,1948.563,1948.154,1948.352,135.8
2024-01-10T19:16:00+00:00,1948.352,1949.310,1947.932,1948.890,150.1
2024-01-10T19:17:00+00:00,1948.890,1949.286,1948.757,1949.154,120.9
2024-01-10T19:18:00+00:00,1949.154,1949.499,1948.638,1948.983,85.3
2024-01-10T19:19:00+00:00,1948.983,1949.510,1948.618,1949.145,136.7
2024-01-10T19:20:00+00:00,1949.145,1949.299,1948.772,1948.927,56.1
2024-01-10T19:21:00+00:00,1948.927,1949.245,1948.230,1948.548,93.7
2024-01-10T19:22:00+00:00,1948.548,1948.652,1947.821,1947.925,75.0
2024-01-10T19:23:00+00:00,1947.925,1948.308,1947.654,1948.036,147.4
2024-01-10T19:24:00+00:00,1948.036,1948.416,1947.563,1947.943,96.4
2024-01-10T19:25:00+00:00,1947.943,1948.207,1947.424,1947.688,155.4
2024-01-10T19:26:00+00:00,1947.688,1947.828,1947.146,1947.285,102.0
2024-01-10T19:27:00+00:00,1947.285,1947.849,1946.875,1947.438,76.2
2024-01-10T19:28:00+00:00,1947.438,1947.953,1947.047,1947.562,78.1
2024-01-10T19:29:00+00:00,1947.562,1947.743,1947.235,1947.416,94.1
2024-01-10T19:30:00+00:00,1947.416,1947.765,1947.350,1947.699,78.1
2024-01-10T19:31:00+00:00,1947.699,1948.077,1947.207,1947.585,100.5
2024-01-10T19:32:00+00:00,1947.585,1947.825,1947.109,1947.349,124.3
2024-01-10T19:33:00+00:00,1947.349,1947.617,1946.855,1947.122,97.0
2024-01-10T19:34:00+00:00,1947.122,1947.283,1946.397,1946.558,24.6
2024-01-10T19:35:00+00:00,1946.558,1946.674,1946.084,1946.200,127.5
2024-01-10T19:36:00+00:00,1946.200,1946.350,1945.791,1945.942,135.1
2024-01-10T19:37:00+00:00,1945.942,1947.379,1945.687,1947.125,115.5
2024-01-10T19:38:00+00:00,1947.125,1947.309,1946.724,1946.908,119.8
2024-01-10T19:39:00+00:00,1946.908,1947.498,1946.455,1947.045,112.8
2024-01-10T19:40:00+00:00,1947.045,1947.187,1946.743,1946.886,182.3
2024-01-10T19:41:00+00:00,1946.886,1947.353,1946.254,1946.721,154.0
2024-01-10T19:42:00+00:00,1946.721,1947.001,1945.427,1945.707,90.1
2024-01-10T19:43:00+00:00,1945.707,1946.168,1945.330,1945.791,122.1
2024-01-10T19:44:00+00:00,1945.791,1946.355,1945.224,1945.789,130.2
2024-01-10T19:45:00+00:00,1945.789,1946.728,1945.512,1946.451,167.1
2024-01-10T19:46:00+00:00,1946.451,1947.068,1945.597,1946.215,94.7
2024-01-10T19:47:00+00:00,1946.215,1946.279,1945.946,1946.010,141.9
2024-01-10T19:48:00+00:00,1946.010,1946.369,1945.833,1946.191,97.2
2024-01-10T19:49:00+00:00,1946.191,1947.076,1945.847,1946.731,121.5
2024-01-10T19:50:00+00:00,1946.731,1946.788,1946.415,1946.472,112.9
2024-01-10T19:51:00+00:00,1946.472,1946.528,1946.137,1946.193,101.7
2024-01-10T19:52:00+00:00,1946.193,1946.557,1945.994,1946.357,134.2
2024-01-10T19:53:00+00:00,1946.357,1946.502,1946.270,1946.414,135.3
2024-01-10T19:54:00+00:00,1946.414,1947.075,1945.334,1945.995,98.8
2024-01-10T19:55:00+00:00,1945.995,1946.240,1945.943,1946.188,108.2
2024-01-10T19:56:00+00:00,1946.188,1947.049,1945.874,1946.735,111.3
2024-01-10T19:57:00+00:00,1946.735,1947.089,1946.518,1946.872,165.3
2024-01-10T19:58:00+00:00,1946.872,1947.251,1946.786,1947.166,112.0
2024-01-10T19:59:00+00:00,1947.166,1947.278,1946.619,1946.732,145.0
2024-01-10T20:00:00+00:00,1946.732,1946.942,1946.324,1946.535,123.5
2024-01-10T20:01:00+00:00,1946.535,1946.892,1945.974,1946.332,152.0
2024-01-10T20:02:00+00:00,1946.332,1947.340,1946.149,1947.157,87.3
2024-01-10T20:03:00+00:00,1947.157,1947.267,1946.655,1946.764,138.9
2024-01-10T20:04:00+00:00,1946.764,1947.851,1946.148,1947.235,175.1
2024-01-10T20:05:00+00:00,1947.235,1947.320,1947.154,1947.239,131.4
2024-01-10T20:06:00+00:00,1947.239,1947.353,1946.941,1947.054,151.2
2024-01-10T20:07:00+00:00,1947.054,1947.136,1946.349,1946.430,136.3
2024-01-10T20:08:00+00:00,1946.430,1946.514,1945.710,1945.794,165.5
2024-01-10T20:09:00+00:00,1945.794,1946.090,1945.570,1945.866,140.5
2024-01-10T20:10:00+00:00,1945.866,1946.022,1945.728,1945.883,95.3
2024-01-10T20:11:00+00:00,1945.883,1946.392,1945.254,1945.763,85.6
2024-01-10T20:12:00+00:00,1945.763,1946.109,1945.298,1945.644,103.7
2024-01-10T20:13:00+00:00,1945.644,1946.003,1944.979,1945.338,127.3
2024-01-10T20:14:00+00:00,1945.338,1945.516,1944.769,1944.947,173.9
2024-01-10T20:15:00+00:00,1944.947,1945.041,1943.955,1944.049,60.9
2024-01-10T20:16:00+00:00,1944.049,1944.191,1943.803,1943.946,126.0
2024-01-10T20:17:00+00:00,1943.946,1944.383,1943.858,1944.296,71.4
2024-01-10T20:18:00+00:00,1944.296,1945.034,1944.025,1944.763,117.0
2024-01-10T20:19:00+00:00,1944.763,1945.092,1944.491,1944.820,123.0
2024-01-10T20:20:00+00:00,1944.820,1945.730,1944.373,1945.284,69.8
2024-01-10T20:21:00+00:00,1945.284,1945.378,1944.991,1945.085,84.0
2024-01-10T20:22:00+00:00,1945.085,1945.355,1943.950,1944.220,131.5
2024-01-10T20:23:00+00:00,1944.220,1944.411,1943.538,1943.729,118.6
2024-01-10T20:24:00+00:00,1943.729,1944.093,1943.364,1943.727,113.2
2024-01-10T20:25:00+00:00,1943.727,1944.326,1943.237,1943.836,90.5
2024-01-10T20:26:00+00:00,1943.836,1944.645,1943.309,1944.118,139.6
2024-01-10T20:27:00+00:00,1944.118,1944.440,1943.721,1944.044,108.8
2024-01-10T20:28:00+00:00,1944.044,1944.202,1943.740,1943.898,112.2
2024-01-10T20:29:00+00:00,1943.898,1945.052,1943.519,1944.673,57.7
2024-01-10T20:30:00+00:00,1944.673,1944.725,1944.154,1944.206,149.3
2024-01-10T20:31:00+00:00,1944.206,1945.031,1943.466,1944.291,73.4
2024-01-10T20:32:00+00:00,1944.291,1944.901,1944.097,1944.707,196.7
2024-01-10T20:33:00+00:00,1944.707,1945.089,1944.543,1944.924,164.1
2024-01-10T20:34:00+00:00,1944.924,1945.101,1944.536,1944.712,89.4
2024-01-10T20:35:00+00:00,1944.712,1944.904,1944.554,1944.746,147.2
2024-01-10T20:36:00+00:00,1944.746,1945.400,1944.544,1945.198,156.9
2024-01-10T20:37:00+00:00,1945.198,1945.490,1944.773,1945.066,141.3
2024-01-10T20:38:00+00:00,1945.066,1945.739,1944.693,1945.366,114.9
2024-01-10T20:39:00+00:00,1945.366,1945.508,1945.018,1945.160,130.7
2024-01-10T20:40:00+00:00,1945.160,1945.252,1944.998,1945.089,127.5
2024-01-10T20:41:00+00:00,1945.089,1945.223,1944.810,1944.943,103.2
2024-01-10T20:42:00+00:00,1944.943,1945.064,1944.227,1944.348,176.7
2024-01-10T20:43:00+00:00,1944.348,1944.626,1943.750,1944.028,158.9
2024-01-10T20:44:00+00:00,1944.028,1944.143,1943.670,1943.784,51.3
2024-01-10T20:45:00+00:00,1943.784,1944.362,1943.350,1943.927,125.6
2024-01-10T20:46:00+00:00,1943.927,1944.113,1942.991,1943.177,97.6
2024-01-10T20:47:00+00:00,1943.177,1943.298,1943.046,1943.167,108.4
2024-01-10T20:48:00+00:00,1943.167,1943.410,1942.763,1943.006,137.2
2024-01-10T20:49:00+00:00,1943.006,1943.161,1942.870,1943.025,105.8
2024-01-10T20:50:00+00:00,1943.025,1943.266,1942.906,1943.147,128.9
2024-01-10T20:51:00+00:00,1943.147,1943.363,1942.829,1943.046,88.8
2024-01-10T20:52:00+00:00,1943.046,1943.421,1941.966,1942.341,133.8
2024-01-10T20:53:00+00:00,1942.341,1943.850,1941.879,1943.388,96.8
2024-01-10T20:54:00+00:00,1943.388,1944.296,1942.426,1943.334,113.8
2024-01-10T20:55:00+00:00,1943.334,1943.489,1942.742,1942.896,180.3
2024-01-10T20:56:00+00:00,1942.896,1943.225,1941.537,1941.866,157.2
2024-01-10T20:57:00+00:00,1941.866,1941.942,1941.352,1941.429,102.1
2024-01-10T20:58:00+00:00,1941.429,1942.044,1941.032,1941.647,129.3
2024-01-10T20:59:00+00:00,1941.647,1941.866,1941.456,1941.675,132.6
2024-01-10T21:00:00+00:00,1941.675,1942.155,1941.200,1941.680,110.2
2024-01-10T21:01:00+00:00,1941.680,1941.862,1941.133,1941.316,113.5
2024-01-10T21:02:00+00:00,1941.316,1941.638,1940.999,1941.321,116.7
2024-01-10T21:03:00+00:00,1941.321,1942.102,1941.062,1941.843,77.3
2024-01-10T21:04:00+00:00,1941.843,1942.188,1941.246,1941.591,105.0
2024-01-10T21:05:00+00:00,1941.591,1942.140,1941.399,1941.949,116.7
2024-01-10T21:06:00+00:00,1941.949,1942.690,1941.521,1942.262,122.3
2024-01-10T21:07:00+00:00,1942.262,1942.354,1941.972,1942.064,169.6
2024-01-10T21:08:00+00:00,1942.064,1942.564,1941.690,1942.190,148.9
2024-01-10T21:09:00+00:00,1942.190,1942.281,1941.902,1941.993,153.7
2024-01-10T21:10:00+00:00,1941.993,1942.275,1941.556,1941.838,125.3
2024-01-10T21:11:00+00:00,1941.838,1941.965,1941.361,1941.489,80.9
2024-01-10T21:12:00+00:00,1941.489,1941.949,1941.398,1941.858,149.1
2024-01-10T21:13:00+00:00,1941.858,1942.120,1941.176,1941.438,85.5
2024-01-10T21:14:00+00:00,1941.438,1941.544,1941.386,1941.492,102.2
2024-01-10T21:15:00+00:00,1941.492,1941.610,1941.433,1941.552,95.0
2024-01-10T21:16:00+00:00,1941.552,1941.916,1940.883,1941.247,161.2
2024-01-10T21:17:00+00:00,1941.247,1941.395,1941.106,1941.254,140.1
2024-01-10T21:18:00+00:00,1941.254,1941.585,1940.578,1940.908,130.7
2024-01-10T21:19:00+00:00,1940.908,1941.527,1940.783,1941.402,124.6
2024-01-10T21:20:00+00:00,1941.402,1942.392,1940.979,1941.969,211.9
2024-01-10T21:21:00+00:00,1941.969,1942.038,1941.486,1941.555,81.1
2024-01-10T21:22:00+00:00,1941.555,1941.662,1940.978,1941.086,193.4
2024-01-10T21:23:00+00:00,1941.086,1941.290,1940.521,1940.725,127.9
2024-01-10T21:24:00+00:00,1940.725,1940.837,1940.214,1940.325,144.6
2024-01-10T21:25:00+00:00,1940.325,1940.451,1939.420,1939.546,111.5
2024-01-10T21:26:00+00:00,1939.546,1939.624,1939.246,1939.324,66.0
2024-01-10T21:27:00+00:00,1939.324,1939.505,1938.953,1939.134,90.2
2024-01-10T21:28:00+00:00,1939.134,1940.069,1938.599,1939.534,144.0
2024-01-10T21:29:00+00:00,1939.534,1939.940,1938.794,1939.199,134.5
2024-01-10T21:30:00+00:00,1939.199,1939.396,1938.675,1938.872,102.6
2024-01-10T21:31:00+00:00,1938.872,1939.305,1938.591,1939.024,153.6
2024-01-10T21:32:00+00:00,1939.024,1939.105,1938.533,1938.614,120.1
2024-01-10T21:33:00+00:00,1938.614,1938.768,1938.005,1938.159,140.2
2024-01-10T21:34:00+00:00,1938.159,1938.343,1937.451,1937.634,86.8
2024-01-10T21:35:00+00:00,1937.634,1937.951,1936.846,1937.163,159.9
2024-01-10T21:36:00+00:00,1937.163,1937.308,1936.744,1936.889,149.7
2024-01-10T21:37:00+00:00,1936.889,1937.599,1936.488,1937.197,59.7
2024-01-10T21:38:00+00:00,1937.197,1937.896,1936.722,1937.421,101.0
2024-01-10T21:39:00+00:00,1937.421,1937.614,1937.047,1937.240,177.1
2024-01-10T21:40:00+00:00,1937.240,1937.575,1936.807,1937.142,114.6
2024-01-10T21:41:00+00:00,1937.142,1937.319,1936.904,1937.081,132.9
2024-01-10T21:42:00+00:00,1937.081,1937.687,1936.611,1937.217,135.2
2024-01-10T21:43:00+00:00,1937.217,1937.486,1937.017,1937.286,118.5
2024-01-10T21:44:00+00:00,1937.286,1937.756,1936.920,1937.390,154.0
2024-01-10T21:45:00+00:00,1937.390,1937.790,1936.538,1936.938,149.5
2024-01-10T21:46:00+00:00,1936.938,1937.060,1936.756,1936.877,143.3
2024-01-10T21:47:00+00:00,1936.877,1937.224,1936.387,1936.734,128.1
2024-01-10T21:48:00+00:00,1936.734,1936.895,1936.107,1936.267,173.9
2024-01-10T21:49:00+00:00,1936.267,1936.666,1936.105,1936.503,118.0
2024-01-10T21:50:00+00:00,1936.503,1936.556,1936.185,1936.238,76.5
2024-01-10T21:51:00+00:00,1936.238,1936.484,1936.184,1936.431,102.2
2024-01-10T21:52:00+00:00,1936.431,1937.120,1935.487,1936.176,106.7
2024-01-10T21:53:00+00:00,1936.176,1936.372,1935.779,1935.975,105.6
2024-01-10T21:54:00+00:00,1935.975,1936.609,1935.761,1936.394,132.6
2024-01-10T21:55:00+00:00,1936.394,1936.815,1936.060,1936.480,49.6
2024-01-10T21:56:00+00:00,1936.480,1937.194,1936.256,1936.970,126.5
2024-01-10T21:57:00+00:00,1936.970,1937.126,1936.870,1937.026,120.6
2024-01-10T21:58:00+00:00,1937.026,1937.618,1936.305,1936.896,137.1
2024-01-10T21:59:00+00:00,1936.896,1937.190,1936.579,1936.873,129.0
2024-01-10T22:00:00+00:00,1936.873,1937.070,1936.538,1936.735,125.6
2024-01-10T22:01:00+00:00,1936.735,1936.878,1936.401,1936.545,107.7
2024-01-10T22:02:00+00:00,1936.545,1936.703,1936.243,1936.402,149.5
2024-01-10T22:03:00+00:00,1936.402,1937.435,1936.323,1937.357,152.7
2024-01-10T22:04:00+00:00,1937.357,1938.192,1935.791,1936.627,105.8
2024-01-10T22:05:00+00:00,1936.627,1936.862,1936.300,1936.535,80.3
2024-01-10T22:06:00+00:00,1936.535,1936.710,1936.024,1936.199,124.6
2024-01-10T22:07:00+00:00,1936.199,1936.549,1935.695,1936.045,109.2
2024-01-10T22:08:00+00:00,1936.045,1936.800,1935.781,1936.536,122.0
2024-01-10T22:09:00+00:00,1936.536,1937.091,1936.284,1936.840,103.4
2024-01-10T22:10:00+00:00,1936.840,1938.165,1936.489,1937.814,104.2
2024-01-10T22:11:00+00:00,1937.814,1937.904,1937.739,1937.829,124.3
2024-01-10T22:12:00+00:00,1937.829,1938.076,1937.706,1937.953,53.5
2024-01-10T22:13:00+00:00,1937.953,1938.040,1937.498,1937.586,80.1
2024-01-10T22:14:00+00:00,1937.586,1938.001,1937.018,1937.434,127.1
2024-01-10T22:15:00+00:00,1937.434,1937.518,1937.086,1937.171,150.6
2024-01-10T22:16:00+00:00,1937.171,1937.525,1936.178,1936.532,100.1
2024-01-10T22:17:00+00:00,1936.532,1936.604,1936.271,1936.343,103.1
2024-01-10T22:18:00+00:00,1936.343,1936.414,1936.269,1936.340,85.0
2024-01-10T22:19:00+00:00,1936.340,1936.700,1935.728,1936.088,128.4
2024-01-10T22:20:00+00:00,1936.088,1936.348,1935.879,1936.139,93.7
2024-01-10T22:21:00+00:00,1936.139,1936.744,1935.313,1935.918,120.3
2024-01-10T22:22:00+00:00,1935.918,1936.052,1935.177,1935.312,152.3
2024-01-10T22:23:00+00:00,1935.312,1935.629,1935.105,1935.422,126.6
2024-01-10T22:24:00+00:00,1935.422,1935.789,1935.144,1935.511,157.9
2024-01-10T22:25:00+00:00,1935.511,1936.273,1935.395,1936.157,144.3
2024-01-10T22:26:00+00:00,1936.157,1936.572,1936.003,1936.419,128.0
2024-01-10T22:27:00+00:00,1936.419,1936.741,1935.625,1935.947,94.2
2024-01-10T22:28:00+00:00,1935.947,1936.205,1935.420,1935.677,136.8
2024-01-10T22:29:00+00:00,1935.677,1935.841,1935.143,1935.307,136.4
2024-01-10T22:30:00+00:00,1935.307,1935.439,1935.167,1935.300,137.8
2024-01-10T22:31:00+00:00,1935.300,1935.868,1935.135,1935.703,89.4
2024-01-10T22:32:00+00:00,1935.703,1935.966,1935.187,1935.450,112.9
2024-01-10T22:33:00+00:00,1935.450,1936.075,1934.730,1935.355,162.5
2024-01-10T22:34:00+00:00,1935.355,1935.509,1934.874,1935.028,61.3
2024-01-10T22:35:00+00:00,1935.028,1935.331,1934.012,1934.315,126.7
2024-01-10T22:36:00+00:00,1934.315,1935.058,1933.826,1934.569,126.7
2024-01-10T22:37:00+00:00,1934.569,1935.160,1934.448,1935.039,146.7
2024-01-10T22:38:00+00:00,1935.039,1935.378,1934.765,1935.104,149.7
2024-01-10T22:39:00+00:00,1935.104,1935.242,1934.714,1934.853,108.3
2024-01-10T22:40:00+00:00,1934.853,1934.940,1934.646,1934.733,159.6
2024-01-10T22:41:00+00:00,1934.733,1935.061,1933.788,1934.116,123.0
2024-01-10T22:42:00+00:00,1934.116,1934.507,1934.021,1934.411,114.4
2024-01-10T22:43:00+00:00,1934.411,1934.988,1933.968,1934.545,93.7
2024-01-10T22:44:00+00:00,1934.545,1934.663,1933.823,1933.941,142.9
2024-01-10T22:45:00+00:00,1933.941,1934.272,1933.118,1933.449,147.3
2024-01-10T22:46:00+00:00,1933.449,1933.933,1933.194,1933.678,81.3
2024-01-10T22:47:00+00:00,1933.678,1933.969,1933.563,1933.854,140.0
2024-01-10T22:48:00+00:00,1933.854,1934.621,1932.570,1933.337,153.5
2024-01-10T22:49:00+00:00,1933.337,1933.748,1933.218,1933.629,119.8
2024-01-10T22:50:00+00:00,1933.629,1933.970,1933.398,1933.739,114.3
2024-01-10T22:51:00+00:00,1933.739,1934.033,1933.224,1933.517,149.8
2024-01-10T22:52:00+00:00,1933.517,1934.393,1932.628,1933.503,130.3
2024-01-10T22:53:00+00:00,1933.503,1933.871,1932.893,1933.261,105.1
2024-01-10T22:54:00+00:00,1933.261,1933.420,1932.607,1932.766,103.6
2024-01-10T22:55:00+00:00,1932.766,1933.193,1932.463,1932.890,67.1
2024-01-10T22:56:00+00:00,1932.890,1933.274,1932.246,1932.629,142.1
2024-01-10T22:57:00+00:00,1932.629,1933.097,1932.042,1932.509,94.5
2024-01-10T22:58:00+00:00,1932.509,1932.569,1932.389,1932.449,64.9
2024-01-10T22:59:00+00:00,1932.449,1932.573,1932.232,1932.355,148.7
2024-01-10T23:00:00+00:00,1932.355,1932.767,1932.275,1932.687,81.0
2024-01-10T23:01:00+00:00,1932.687,1932.899,1932.297,1932.509,93.2
2024-01-10T23:02:00+00:00,1932.509,1933.180,1932.227,1932.897,86.3
2024-01-10T23:03:00+00:00,1932.897,1933.202,1932.822,1933.127,129.3
2024-01-10T23:04:00+00:00,1933.127,1933.184,1932.911,1932.968,102.5
2024-01-10T23:05:00+00:00,1932.968,1933.771,1932.755,1933.557,116.3
2024-01-10T23:06:00+00:00,1933.557,1933.921,1933.306,1933.669,104.2
2024-01-10T23:07:00+00:00,1933.669,1933.777,1933.568,1933.675,103.6
2024-01-10T23:08:00+00:00,1933.675,1933.774,1933.253,1933.352,111.0
2024-01-10T23:09:00+00:00,1933.352,1933.886,1932.624,1933.159,122.2
2024-01-10T23:10:00+00:00,1933.159,1933.400,1933.092,1933.333,171.3
2024-01-10T23:11:00+00:00,1933.333,1933.709,1933.194,1933.570,100.4
2024-01-10T23:12:00+00:00,1933.570,1933.830,1933.430,1933.690,71.6
2024-01-10T23:13:00+00:00,1933.690,1933.814,1933.551,1933.675,113.4
2024-01-10T23:14:00+00:00,1933.675,1933.930,1933.579,1933.833,180.5
2024-01-10T23:15:00+00:00,1933.833,1933.908,1933.452,1933.526,128.9
2024-01-10T23:16:00+00:00,1933.526,1933.701,1933.141,1933.316,172.3
2024-01-10T23:17:00+00:00,1933.316,1933.453,1932.631,1932.767,69.1
2024-01-10T23:18:00+00:00,1932.767,1933.343,1932.253,1932.828,85.1
2024-01-10T23:19:00+00:00,1932.828,1933.589,1932.394,1933.155,123.7
2024-01-10T23:20:00+00:00,1933.155,1933.449,1931.854,1932.148,127.3
2024-01-10T23:21:00+00:00,1932.148,1932.287,1931.577,1931.715,81.6
2024-01-10T23:22:00+00:00,1931.715,1931.787,1931.552,1931.624,123.6
2024-01-10T23:23:00+00:00,1931.624,1932.043,1931.413,1931.832,56.0
2024-01-10T23:24:00+00:00,1931.832,1932.186,1931.010,1931.365,108.9
2024-01-10T23:25:00+00:00,1931.365,1931.425,1931.096,1931.157,159.6
2024-01-10T23:26:00+00:00,1931.157,1931.467,1930.795,1931.106,110.8
2024-01-10T23:27:00+00:00,1931.106,1931.216,1930.638,1930.749,136.8
2024-01-10T23:28:00+00:00,1930.749,1930.968,1930.074,1930.293,173.4
2024-01-10T23:29:00+00:00,1930.293,1931.201,1929.838,1930.746,122.6
2024-01-10T23:30:00+00:00,1930.746,1931.280,1929.680,1930.214,118.4
2024-01-10T23:31:00+00:00,1930.214,1930.369,1930.075,1930.230,92.8
2024-01-10T23:32:00+00:00,1930.230,1930.770,1929.842,1930.383,78.9
2024-01-10T23:33:00+00:00,1930.383,1930.650,1930.240,1930.507,95.7
2024-01-10T23:34:00+00:00,1930.507,1931.010,1930.115,1930.617,111.5
2024-01-10T23:35:00+00:00,1930.617,1930.807,1930.319,1930.509,147.1
2024-01-10T23:36:00+00:00,1930.509,1931.019,1930.295,1930.806,100.1
2024-01-10T23:37:00+00:00,1930.806,1930.973,1930.754,1930.922,70.9
2024-01-10T23:38:00+00:00,1930.922,1931.476,1930.734,1931.289,160.9
2024-01-10T23:39:00+00:00,1931.289,1931.520,1930.971,1931.203,117.9
2024-01-10T23:40:00+00:00,1931.203,1931.471,1930.926,1931.195,121.7
2024-01-10T23:41:00+00:00,1931.195,1931.394,1931.136,1931.336,155.4
2024-01-10T23:42:00+00:00,1931.336,1931.947,1930.887,1931.498,169.6
2024-01-10T23:43:00+00:00,1931.498,1931.758,1931.321,1931.581,102.0
2024-01-10T23:44:00+00:00,1931.581,1932.280,1931.509,1932.208,135.2
2024-01-10T23:45:00+00:00,1932.208,1932.542,1932.010,1932.343,170.5
2024-01-10T23:46:00+00:00,1932.343,1933.247,1932.106,1933.010,153.9
2024-01-10T23:47:00+00:00,1933.010,1933.144,1932.262,1932.395,121.8
2024-01-10T23:48:00+00:00,1932.395,1932.582,1932.160,1932.347,132.0
2024-01-10T23:49:00+00:00,1932.347,1932.489,1932.263,1932.406,128.7
2024-01-10T23:50:00+00:00,1932.406,1932.928,1931.624,1932.146,121.9
2024-01-10T23:51:00+00:00,1932.146,1932.572,1932.069,1932.495,115.7
2024-01-10T23:52:00+00:00,1932.495,1932.855,1932.006,1932.365,182.0
2024-01-10T23:53:00+00:00,1932.365,1932.519,1932.283,1932.437,106.7
2024-01-10T23:54:00+00:00,1932.437,1932.944,1932.308,1932.815,106.3
2024-01-10T23:55:00+00:00,1932.815,1933.248,1932.132,1932.565,129.0
2024-01-10T23:56:00+00:00,1932.565,1932.769,1932.243,1932.447,158.3
2024-01-10T23:57:00+00:00,1932.447,1932.607,1932.315,1932.475,145.8
2024-01-10T23:58:00+00:00,1932.475,1933.000,1932.187,1932.712,154.3
2024-01-10T23:59:00+00:00,1932.712,1933.119,1932.603,1933.010,81.8
2024-01-11T00:00:00+00:00,1933.010,1933.454,1932.878,1933.322,114.0
2024-01-11T00:01:00+00:00,1933.322,1933.438,1933.040,1933.157,144.1
2024-01-11T00:02:00+00:00,1933.157,1933.335,1932.531,1932.709,154.5
2024-01-11T00:03:00+00:00,1932.709,1933.224,1932.480,1932.994,127.7
2024-01-11T00:04:00+00:00,1932.994,1933.072,1932.780,1932.858,94.1
2024-01-11T00:05:00+00:00,1932.858,1933.427,1932.780,1933.349,91.1
2024-01-11T00:06:00+00:00,1933.349,1933.981,1932.938,1933.570,128.4
2024-01-11T00:07:00+00:00,1933.570,1933.894,1933.070,1933.395,138.5
2024-01-11T00:08:00+00:00,1933.395,1933.603,1933.035,1933.243,138.0
2024-01-11T00:09:00+00:00,1933.243,1933.476,1932.508,1932.742,50.4
2024-01-11T00:10:00+00:00,1932.742,1933.132,1932.070,1932.460,113.0
2024-01-11T00:11:00+00:00,1932.460,1933.027,1932.090,1932.657,159.0
2024-01-11T00:12:00+00:00,1932.657,1932.822,1932.190,1932.355,149.6
2024-01-11T00:13:00+00:00,1932.355,1932.765,1931.631,1932.042,114.2
2024-01-11T00:14:00+00:00,1932.042,1932.321,1931.663,1931.941,154.2
2024-01-11T00:15:00+00:00,1931.941,1932.109,1931.683,1931.850,92.9
2024-01-11T00:16:00+00:00,1931.850,1931.923,1931.492,1931.564,99.0
2024-01-11T00:17:00+00:00,1931.564,1931.817,1931.508,1931.760,102.4
2024-01-11T00:18:00+00:00,1931.760,1932.242,1931.370,1931.852,58.8
2024-01-11T00:19:00+00:00,1931.852,1932.221,1931.534,1931.902,124.0
2024-01-11T00:20:00+00:00,1931.902,1932.535,1931.487,1932.120,98.2
2024-01-11T00:21:00+00:00,1932.120,1932.456,1932.050,1932.386,121.8
2024-01-11T00:22:00+00:00,1932.386,1932.674,1932.248,1932.536,133.6
2024-01-11T00:23:00+00:00,1932.536,1932.657,1932.181,1932.302,157.4
2024-01-11T00:24:00+00:00,1932.302,1932.694,1931.675,1932.067,110.0
2024-01-11T00:25:00+00:00,1932.067,1932.788,1931.574,1932.295,124.3
2024-01-11T00:26:00+00:00,1932.295,1932.490,1931.822,1932.017,129.3
2024-01-11T00:27:00+00:00,1932.017,1932.522,1931.837,1932.341,141.5
2024-01-11T00:28:00+00:00,1932.341,1932.601,1932.191,1932.451,93.6
2024-01-11T00:29:00+00:00,1932.451,1932.897,1931.883,1932.328,158.0
2024-01-11T00:30:00+00:00,1932.328,1932.740,1932.184,1932.596,117.2
2024-01-11T00:31:00+00:00,1932.596,1932.769,1932.469,1932.643,151.0
2024-01-11T00:32:00+00:00,1932.643,1932.873,1932.243,1932.473,73.2
2024-01-11T00:33:00+00:00,1932.473,1933.151,1932.243,1932.921,95.6
2024-01-11T00:34:00+00:00,1932.921,1933.473,1932.444,1932.997,140.1
2024-01-11T00:35:00+00:00,1932.997,1933.190,1932.626,1932.819,96.6
2024-01-11T00:36:00+00:00,1932.819,1932.877,1932.614,1932.672,121.0
2024-01-11T00:37:00+00:00,1932.672,1933.050,1932.485,1932.863,173.6
2024-01-11T00:38:00+00:00,1932.863,1933.204,1932.747,1933.088,128.2
2024-01-11T00:39:00+00:00,1933.088,1933.281,1932.546,1932.739,110.4
2024-01-11T00:40:00+00:00,1932.739,1933.239,1932.527,1933.027,75.0
2024-01-11T00:41:00+00:00,1933.027,1933.364,1932.288,1932.625,114.8
2024-01-11T00:42:00+00:00,1932.625,1932.950,1932.138,1932.463,97.6
2024-01-11T00:43:00+00:00,1932.463,1932.616,1932.109,1932.261,137.5
2024-01-11T00:44:00+00:00,1932.261,1932.765,1932.151,1932.654,139.2
2024-01-11T00:45:00+00:00,1932.654,1932.964,1932.305,1932.614,102.1
2024-01-11T00:46:00+00:00,1932.614,1933.391,1932.527,1933.303,169.0
2024-01-11T00:47:00+00:00,1933.303,1933.974,1932.842,1933.512,114.7
2024-01-11T00:48:00+00:00,1933.512,1933.896,1933.392,1933.775,88.6
2024-01-11T00:49:00+00:00,1933.775,1933.940,1933.160,1933.325,74.4
2024-01-11T00:50:00+00:00,1933.325,1933.651,1933.070,1933.396,131.3
2024-01-11T00:51:00+00:00,1933.396,1933.661,1932.615,1932.880,113.6
2024-01-11T00:52:00+00:00,1932.880,1933.269,1931.919,1932.308,122.9
2024-01-11T00:53:00+00:00,1932.308,1932.447,1931.566,1931.705,133.8
2024-01-11T00:54:00+00:00,1931.705,1932.085,1931.051,1931.431,163.1
2024-01-11T00:55:00+00:00,1931.431,1931.643,1931.262,1931.473,133.5
2024-01-11T00:56:00+00:00,1931.473,1931.834,1930.975,1931.335,105.5
2024-01-11T00:57:00+00:00,1931.335,1931.399,1930.379,1930.443,132.6
2024-01-11T00:58:00+00:00,1930.443,1930.984,1930.133,1930.674,161.5
2024-01-11T00:59:00+00:00,1930.674,1930.886,1930.131,1930.343,140.8
2024-01-11T01:00:00+00:00,1930.343,1930.674,1930.025,1930.356,106.8
2024-01-11T01:01:00+00:00,1930.356,1931.153,1930.178,1930.975,108.2
2024-01-11T01:02:00+00:00,1930.975,1931.862,1930.924,1931.811,74.1
2024-01-11T01:03:00+00:00,1931.811,1932.656,1931.377,1932.223,103.7
2024-01-11T01:04:00+00:00,1932.223,1932.540,1931.525,1931.842,122.9
2024-01-11T01:05:00+00:00,1931.842,1931.999,1931.311,1931.467,122.0
2024-01-11T01:06:00+00:00,1931.467,1932.177,1931.047,1931.756,103.2
2024-01-11T01:07:00+00:00,1931.756,1932.613,1931.351,1932.207,140.3
2024-01-11T01:08:00+00:00,1932.207,1932.361,1931.964,1932.118,108.5
2024-01-11T01:09:00+00:00,1932.118,1932.247,1931.699,1931.828,152.1
2024-01-11T01:10:00+00:00,1931.828,1931.890,1930.973,1931.036,109.5
2024-01-11T01:11:00+00:00,1931.036,1931.401,1930.262,1930.627,134.7
2024-01-11T01:12:00+00:00,1930.627,1930.978,1930.424,1930.775,63.5
2024-01-11T01:13:00+00:00,1930.775,1930.963,1930.030,1930.218,107.8
2024-01-11T01:14:00+00:00,1930.218,1930.916,1930.077,1930.776,124.9
2024-01-11T01:15:00+00:00,1930.776,1931.517,1930.311,1931.053,130.6
2024-01-11T01:16:00+00:00,1931.053,1931.640,1930.545,1931.131,109.5
2024-01-11T01:17:00+00:00,1931.131,1931.353,1930.265,1930.486,111.2
2024-01-11T01:18:00+00:00,1930.486,1931.019,1930.361,1930.894,156.2
2024-01-11T01:19:00+00:00,1930.894,1930.964,1930.807,1930.878,103.7
2024-01-11T01:20:00+00:00,1930.878,1931.048,1930.255,1930.425,131.8
2024-01-11T01:21:00+00:00,1930.425,1930.735,1930.256,1930.566,108.2
2024-01-11T01:22:00+00:00,1930.566,1930.855,1930.372,1930.660,179.1
2024-01-11T01:23:00+00:00,1930.660,1930.960,1930.024,1930.324,145.2
2024-01-11T01:24:00+00:00,1930.324,1930.407,1930.119,1930.202,119.6
2024-01-11T01:25:00+00:00,1930.202,1931.338,1929.526,1930.663,129.2
2024-01-11T01:26:00+00:00,1930.663,1930.938,1930.269,1930.545,135.6
2024-01-11T01:27:00+00:00,1930.545,1930.787,1930.196,1930.439,144.8
2024-01-11T01:28:00+00:00,1930.439,1930.691,1930.023,1930.275,56.2
2024-01-11T01:29:00+00:00,1930.275,1930.390,1929.691,1929.806,124.6
2024-01-11T01:30:00+00:00,1929.806,1930.206,1928.883,1929.284,110.3
2024-01-11T01:31:00+00:00,1929.284,1929.342,1929.233,1929.292,141.5
2024-01-11T01:32:00+00:00,1929.292,1929.518,1928.842,1929.068,97.2
2024-01-11T01:33:00+00:00,1929.068,1929.253,1928.352,1928.537,124.7
2024-01-11T01:34:00+00:00,1928.537,1929.317,1928.028,1928.809,124.5
2024-01-11T01:35:00+00:00,1928.809,1928.893,1928.471,1928.556,108.9
2024-01-11T01:36:00+00:00,1928.556,1928.764,1928.197,1928.405,150.9
2024-01-11T01:37:00+00:00,1928.405,1928.848,1927.353,1927.796,129.9
2024-01-11T01:38:00+00:00,1927.796,1928.684,1927.566,1928.454,95.0
2024-01-11T01:39:00+00:00,1928.454,1928.740,1927.744,1928.029,155.6
2024-01-11T01:40:00+00:00,1928.029,1928.502,1927.765,1928.238,131.3
2024-01-11T01:41:00+00:00,1928.238,1928.461,1928.058,1928.280,92.5
2024-01-11T01:42:00+00:00,1928.280,1929.108,1927.642,1928.470,110.6
2024-01-11T01:43:00+00:00,1928.470,1929.067,1928.261,1928.857,121.2
2024-01-11T01:44:00+00:00,1928.857,1929.480,1928.790,1929.413,139.7
2024-01-11T01:45:00+00:00,1929.413,1929.928,1928.679,1929.194,85.0
2024-01-11T01:46:00+00:00,1929.194,1929.472,1929.088,1929.366,127.0
2024-01-11T01:47:00+00:00,1929.366,1929.833,1928.988,1929.455,145.0
2024-01-11T01:48:00+00:00,1929.455,1929.933,1929.318,1929.796,90.3
2024-01-11T01:49:00+00:00,1929.796,1930.644,1929.363,1930.211,133.8
2024-01-11T01:50:00+00:00,1930.211,1930.570,1930.107,1930.465,79.5
2024-01-11T01:51:00+00:00,1930.465,1930.979,1930.250,1930.764,174.6
2024-01-11T01:52:00+00:00,1930.764,1931.038,1930.710,1930.984,103.4
2024-01-11T01:53:00+00:00,1930.984,1931.276,1930.700,1930.993,109.4
2024-01-11T01:54:00+00:00,1930.993,1931.641,1930.873,1931.521,174.6
2024-01-11T01:55:00+00:00,1931.521,1931.683,1931.303,1931.464,93.7
2024-01-11T01:56:00+00:00,1931.464,1931.619,1931.196,1931.351,80.9
2024-01-11T01:57:00+00:00,1931.351,1932.173,1931.148,1931.970,117.7
2024-01-11T01:58:00+00:00,1931.970,1932.029,1931.531,1931.590,90.7
2024-01-11T01:59:00+00:00,1931.590,1931.675,1931.159,1931.245,181.6
2024-01-11T02:00:00+00:00,1931.245,1931.428,1930.463,1930.647,105.3
2024-01-11T02:01:00+00:00,1930.647,1931.029,1929.278,1929.660,116.2
2024-01-11T02:02:00+00:00,1929.660,1929.902,1929.431,1929.673,172.8
2024-01-11T02:03:00+00:00,1929.673,1930.025,1929.480,1929.832,73.1
2024-01-11T02:04:00+00:00,1929.832,1930.094,1929.623,1929.885,150.9
2024-01-11T02:05:00+00:00,1929.885,1930.234,1929.169,1929.518,106.9
2024-01-11T02:06:00+00:00,1929.518,1929.693,1929.404,1929.579,139.3
2024-01-11T02:07:00+00:00,1929.579,1930.117,1929.407,1929.945,94.3
2024-01-11T02:08:00+00:00,1929.945,1930.862,1929.667,1930.584,176.6
2024-01-11T02:09:00+00:00,1930.584,1930.978,1930.492,1930.887,166.7
2024-01-11T02:10:00+00:00,1930.887,1931.038,1930.506,1930.657,109.5
2024-01-11T02:11:00+00:00,1930.657,1931.119,1930.409,1930.871,115.0
2024-01-11T02:12:00+00:00,1930.871,1930.976,1930.478,1930.583,153.7
2024-01-11T02:13:00+00:00,1930.583,1931.035,1930.488,1930.941,192.9
2024-01-11T02:14:00+00:00,1930.941,1931.100,1930.542,1930.702,107.2
2024-01-11T02:15:00+00:00,1930.702,1931.031,1929.623,1929.951,155.5
2024-01-11T02:16:00+00:00,1929.951,1930.699,1928.642,1929.390,117.5
2024-01-11T02:17:00+00:00,1929.390,1929.833,1929.028,1929.470,120.9
2024-01-11T02:18:00+00:00,1929.470,1929.665,1929.062,1929.256,93.6
2024-01-11T02:19:00+00:00,1929.256,1929.587,1929.101,1929.431,134.7
2024-01-11T02:20:00+00:00,1929.431,1929.584,1928.772,1928.924,181.0
2024-01-11T02:21:00+00:00,1928.924,1929.105,1928.858,1929.039,154.0
2024-01-11T02:22:00+00:00,1929.039,1929.553,1928.622,1929.136,87.1
2024-01-11T02:23:00+00:00,1929.136,1929.686,1928.837,1929.387,139.5
2024-01-11T02:24:00+00:00,1929.387,1930.643,1928.971,1930.227,96.0
2024-01-11T02:25:00+00:00,1930.227,1930.532,1930.058,1930.363,99.4
2024-01-11T02:26:00+00:00,1930.363,1930.756,1930.059,1930.452,149.1
2024-01-11T02:27:00+00:00,1930.452,1930.835,1930.370,1930.753,139.8
2024-01-11T02:28:00+00:00,1930.753,1931.658,1930.666,1931.571,66.4
2024-01-11T02:29:00+00:00,1931.571,1931.833,1931.418,1931.681,97.7
2024-01-11T02:30:00+00:00,1931.681,1932.285,1931.391,1931.995,138.3
2024-01-11T02:31:00+00:00,1931.995,1932.736,1931.799,1932.540,108.1
2024-01-11T02:32:00+00:00,1932.540,1933.388,1931.844,1932.692,41.2
2024-01-11T02:33:00+00:00,1932.692,1932.902,1932.597,1932.807,121.7
2024-01-11T02:34:00+00:00,1932.807,1932.912,1932.385,1932.490,151.7
2024-01-11T02:35:00+00:00,1932.490,1932.684,1932.085,1932.279,115.6
2024-01-11T02:36:00+00:00,1932.279,1932.358,1932.158,1932.236,164.8
2024-01-11T02:37:00+00:00,1932.236,1932.636,1932.013,1932.413,124.4
2024-01-11T02:38:00+00:00,1932.413,1932.688,1931.417,1931.693,120.2
2024-01-11T02:39:00+00:00,1931.693,1931.894,1931.526,1931.728,75.8
2024-01-11T02:40:00+00:00,1931.728,1932.737,1931.239,1932.248,166.7
2024-01-11T02:41:00+00:00,1932.248,1932.438,1931.446,1931.637,86.2
2024-01-11T02:42:00+00:00,1931.637,1931.809,1931.414,1931.586,102.6
2024-01-11T02:43:00+00:00,1931.586,1931.748,1931.173,1931.334,142.3
2024-01-11T02:44:00+00:00,1931.334,1932.169,1931.061,1931.896,120.4
2024-01-11T02:45:00+00:00,1931.896,1932.000,1931.751,1931.854,119.5
2024-01-11T02:46:00+00:00,1931.854,1931.947,1931.565,1931.657,145.5
2024-01-11T02:47:00+00:00,1931.657,1931.900,1931.346,1931.589,116.6
2024-01-11T02:48:00+00:00,1931.589,1931.702,1931.521,1931.633,113.0
2024-01-11T02:49:00+00:00,1931.633,1931.933,1931.578,1931.878,91.1
2024-01-11T02:50:00+00:00,1931.878,1932.307,1931.657,1932.087,143.2
2024-01-11T02:51:00+00:00,1932.087,1932.543,1931.914,1932.369,128.9
2024-01-11T02:52:00+00:00,1932.369,1932.466,1931.829,1931.926,124.3
2024-01-11T02:53:00+00:00,1931.926,1932.468,1931.607,1932.149,115.6
2024-01-11T02:54:00+00:00,1932.149,1932.242,1931.548,1931.641,122.9
2024-01-11T02:55:00+00:00,1931.641,1932.151,1931.182,1931.693,141.1
2024-01-11T02:56:00+00:00,1931.693,1931.881,1931.456,1931.644,107.5
2024-01-11T02:57:00+00:00,1931.644,1932.196,1931.366,1931.917,105.6
2024-01-11T02:58:00+00:00,1931.917,1932.071,1931.742,1931.896,140.7
2024-01-11T02:59:00+00:00,1931.896,1932.193,1931.674,1931.972,94.6
2024-01-11T03:00:00+00:00,1931.972,1932.820,1931.587,1932.435,67.4
2024-01-11T03:01:00+00:00,1932.435,1932.987,1930.867,1931.418,104.6
2024-01-11T03:02:00+00:00,1931.418,1931.915,1931.234,1931.730,145.2
2024-01-11T03:03:00+00:00,1931.730,1932.285,1931.570,1932.125,119.6
2024-01-11T03:04:00+00:00,1932.125,1932.665,1931.941,1932.482,98.3
2024-01-11T03:05:00+00:00,1932.482,1932.881,1931.844,1932.243,127.5
2024-01-11T03:06:00+00:00,1932.243,1932.664,1931.659,1932.081,104.1
2024-01-11T03:07:00+00:00,1932.081,1932.304,1931.982,1932.204,113.7
2024-01-11T03:08:00+00:00,1932.204,1932.488,1931.998,1932.282,85.3
2024-01-11T03:09:00+00:00,1932.282,1932.575,1931.731,1932.024,141.2
2024-01-11T03:10:00+00:00,1932.024,1932.246,1931.341,1931.564,163.2
2024-01-11T03:11:00+00:00,1931.564,1931.913,1931.483,1931.832,149.3
2024-01-11T03:12:00+00:00,1931.832,1932.713,1931.443,1932.325,79.5
2024-01-11T03:13:00+00:00,1932.325,1932.495,1931.738,1931.908,118.7
2024-01-11T03:14:00+00:00,1931.908,1932.017,1931.700,1931.809,164.2
2024-01-11T03:15:00+00:00,1931.809,1932.492,1931.511,1932.194,120.0
2024-01-11T03:16:00+00:00,1932.194,1932.946,1932.034,1932.786,127.7
2024-01-11T03:17:00+00:00,1932.786,1933.294,1932.289,1932.797,181.8
2024-01-11T03:18:00+00:00,1932.797,1933.078,1932.532,1932.813,187.4
2024-01-11T03:19:00+00:00,1932.813,1933.144,1932.435,1932.767,149.3
2024-01-11T03:20:00+00:00,1932.767,1933.149,1932.492,1932.874,149.0
2024-01-11T03:21:00+00:00,1932.874,1933.174,1932.596,1932.896,47.5
2024-01-11T03:22:00+00:00,1932.896,1933.038,1932.436,1932.578,90.0
2024-01-11T03:23:00+00:00,1932.578,1933.519,1931.981,1932.922,129.2
2024-01-11T03:24:00+00:00,1932.922,1933.092,1932.854,1933.024,146.0
2024-01-11T03:25:00+00:00,1933.024,1933.365,1932.714,1933.054,160.8
2024-01-11T03:26:00+00:00,1933.054,1933.653,1932.775,1933.374,140.3
2024-01-11T03:27:00+00:00,1933.374,1933.505,1933.173,1933.305,147.8
2024-01-11T03:28:00+00:00,1933.305,1933.405,1933.002,1933.102,164.0
2024-01-11T03:29:00+00:00,1933.102,1933.195,1932.751,1932.843,140.9
2024-01-11T03:30:00+00:00,1932.843,1933.139,1932.494,1932.789,90.7
2024-01-11T03:31:00+00:00,1932.789,1932.937,1932.161,1932.308,116.2
2024-01-11T03:32:00+00:00,1932.308,1932.723,1932.028,1932.442,151.7
2024-01-11T03:33:00+00:00,1932.442,1932.583,1932.206,1932.347,64.7
2024-01-11T03:34:00+00:00,1932.347,1932.456,1931.926,1932.036,127.0
2024-01-11T03:35:00+00:00,1932.036,1932.284,1931.313,1931.561,118.9
2024-01-11T03:36:00+00:00,1931.561,1932.101,1931.428,1931.968,149.2
2024-01-11T03:37:00+00:00,1931.968,1932.470,1931.116,1931.619,97.0
2024-01-11T03:38:00+00:00,1931.619,1932.036,1931.471,1931.887,64.6
2024-01-11T03:39:00+00:00,1931.887,1932.177,1931.667,1931.957,168.0
2024-01-11T03:40:00+00:00,1931.957,1932.425,1931.785,1932.253,73.7
2024-01-11T03:41:00+00:00,1932.253,1932.930,1931.722,1932.398,111.7
2024-01-11T03:42:00+00:00,1932.398,1932.678,1932.016,1932.296,90.5
2024-01-11T03:43:00+00:00,1932.296,1932.494,1932.072,1932.270,101.7
2024-01-11T03:44:00+00:00,1932.270,1932.620,1932.051,1932.401,119.8
2024-01-11T03:45:00+00:00,1932.401,1933.180,1932.278,1933.058,99.2
2024-01-11T03:46:00+00:00,1933.058,1933.363,1932.121,1932.427,140.7
2024-01-11T03:47:00+00:00,1932.427,1932.558,1932.255,1932.386,116.4
2024-01-11T03:48:00+00:00,1932.386,1932.765,1932.334,1932.713,127.3
2024-01-11T03:49:00+00:00,1932.713,1932.978,1932.444,1932.708,56.9
2024-01-11T03:50:00+00:00,1932.708,1933.267,1932.364,1932.922,132.3
2024-01-11T03:51:00+00:00,1932.922,1933.675,1932.402,1933.155,98.9
2024-01-11T03:52:00+00:00,1933.155,1933.509,1932.880,1933.233,100.7
2024-01-11T03:53:00+00:00,1933.233,1933.398,1932.893,1933.058,178.9
2024-01-11T03:54:00+00:00,1933.058,1933.735,1932.780,1933.457,91.9
2024-01-11T03:55:00+00:00,1933.457,1934.033,1933.121,1933.697,84.1
2024-01-11T03:56:00+00:00,1933.697,1933.821,1933.602,1933.726,139.7
2024-01-11T03:57:00+00:00,1933.726,1933.955,1932.940,1933.168,120.1
2024-01-11T03:58:00+00:00,1933.168,1933.719,1932.551,1933.101,59.0
2024-01-11T03:59:00+00:00,1933.101,1933.316,1932.726,1932.941,132.2
2024-01-11T04:00:00+00:00,1932.941,1933.678,1932.490,1933.226,126.5
2024-01-11T04:01:00+00:00,1933.226,1934.122,1932.797,1933.693,138.6
2024-01-11T04:02:00+00:00,1933.693,1933.874,1933.285,1933.466,123.5
2024-01-11T04:03:00+00:00,1933.466,1933.771,1932.641,1932.946,156.2
2024-01-11T04:04:00+00:00,1932.946,1933.290,1932.589,1932.933,130.5
2024-01-11T04:05:00+00:00,1932.933,1933.393,1932.789,1933.249,126.3
2024-01-11T04:06:00+00:00,1933.249,1933.514,1932.879,1933.144,103.4
2024-01-11T04:07:00+00:00,1933.144,1933.974,1932.702,1933.531,85.6
2024-01-11T04:08:00+00:00,1933.531,1933.710,1933.318,1933.497,173.2
2024-01-11T04:09:00+00:00,1933.497,1933.972,1933.421,1933.897,70.9
2024-01-11T04:10:00+00:00,1933.897,1934.401,1933.709,1934.212,126.2
2024-01-11T04:11:00+00:00,1934.212,1934.760,1933.817,1934.365,150.3
2024-01-11T04:12:00+00:00,1934.365,1934.893,1934.178,1934.706,138.2
2024-01-11T04:13:00+00:00,1934.706,1935.235,1934.314,1934.843,105.7
2024-01-11T04:14:00+00:00,1934.843,1935.276,1934.715,1935.149,121.2
2024-01-11T04:15:00+00:00,1935.149,1935.366,1935.073,1935.290,127.4
2024-01-11T04:16:00+00:00,1935.290,1935.532,1935.239,1935.481,87.7
2024-01-11T04:17:00+00:00,1935.481,1935.771,1935.120,1935.411,100.9
2024-01-11T04:18:00+00:00,1935.411,1935.719,1935.288,1935.596,94.3
2024-01-11T04:19:00+00:00,1935.596,1935.647,1934.630,1934.681,98.1
2024-01-11T04:20:00+00:00,1934.681,1934.952,1934.215,1934.486,97.7
2024-01-11T04:21:00+00:00,1934.486,1934.702,1934.404,1934.619,125.7
2024-01-11T04:22:00+00:00,1934.619,1935.846,1934.104,1935.331,149.1
2024-01-11T04:23:00+00:00,1935.331,1935.446,1935.185,1935.301,101.1
2024-01-11T04:24:00+00:00,1935.301,1935.398,1935.239,1935.336,93.3
2024-01-11T04:25:00+00:00,1935.336,1936.125,1935.107,1935.895,116.2
2024-01-11T04:26:00+00:00,1935.895,1935.982,1935.392,1935.478,131.0
2024-01-11T04:27:00+00:00,1935.478,1936.150,1935.182,1935.854,105.9
2024-01-11T04:28:00+00:00,1935.854,1936.505,1935.779,1936.430,166.4
2024-01-11T04:29:00+00:00,1936.430,1937.159,1936.284,1937.013,89.6
2024-01-11T04:30:00+00:00,1937.013,1937.612,1936.623,1937.222,132.2
2024-01-11T04:31:00+00:00,1937.222,1937.800,1937.022,1937.600,145.2
2024-01-11T04:32:00+00:00,1937.600,1938.198,1937.481,1938.079,78.5
2024-01-11T04:33:00+00:00,1938.079,1938.320,1937.815,1938.056,86.4
2024-01-11T04:34:00+00:00,1938.056,1938.275,1937.800,1938.019,65.8
2024-01-11T04:35:00+00:00,1938.019,1938.269,1937.285,1937.535,95.0
2024-01-11T04:36:00+00:00,1937.535,1937.905,1937.051,1937.421,153.7
2024-01-11T04:37:00+00:00,1937.421,1937.741,1937.234,1937.555,43.2
2024-01-11T04:38:00+00:00,1937.555,1937.908,1937.415,1937.767,79.2
2024-01-11T04:39:00+00:00,1937.767,1938.009,1937.601,1937.843,116.8
2024-01-11T04:40:00+00:00,1937.843,1938.395,1937.585,1938.137,121.9
2024-01-11T04:41:00+00:00,1938.137,1938.475,1937.733,1938.071,152.3
2024-01-11T04:42:00+00:00,1938.071,1938.196,1937.767,1937.893,165.8
2024-01-11T04:43:00+00:00,1937.893,1938.524,1937.533,1938.164,117.6
2024-01-11T04:44:00+00:00,1938.164,1938.601,1937.500,1937.937,96.7
2024-01-11T04:45:00+00:00,1937.937,1938.282,1937.801,1938.146,114.2
2024-01-11T04:46:00+00:00,1938.146,1938.549,1937.822,1938.225,97.7
2024-01-11T04:47:00+00:00,1938.225,1938.475,1937.937,1938.186,111.0
2024-01-11T04:48:00+00:00,1938.186,1938.315,1938.019,1938.148,163.8
2024-01-11T04:49:00+00:00,1938.148,1938.333,1937.563,1937.748,125.3
2024-01-11T04:50:00+00:00,1937.748,1937.856,1937.634,1937.743,61.7
2024-01-11T04:51:00+00:00,1937.743,1937.873,1937.637,1937.768,85.2
2024-01-11T04:52:00+00:00,1937.768,1938.156,1937.690,1938.078,110.2
2024-01-11T04:53:00+00:00,1938.078,1938.617,1937.804,1938.343,99.8
2024-01-11T04:54:00+00:00,1938.343,1938.902,1938.088,1938.647,180.1
2024-01-11T04:55:00+00:00,1938.647,1939.052,1938.106,1938.511,78.1
2024-01-11T04:56:00+00:00,1938.511,1938.586,1938.042,1938.117,113.3
2024-01-11T04:57:00+00:00,1938.117,1938.413,1937.615,1937.910,100.4
2024-01-11T04:58:00+00:00,1937.910,1938.240,1937.473,1937.803,138.8
2024-01-11T04:59:00+00:00,1937.803,1938.524,1937.549,1938.270,141.5
2024-01-11T05:00:00+00:00,1938.270,1938.851,1938.113,1938.694,165.9
2024-01-11T05:01:00+00:00,1938.694,1939.583,1938.194,1939.082,126.2
2024-01-11T05:02:00+00:00,1939.082,1939.724,1938.192,1938.834,112.0
2024-01-11T05:03:00+00:00,1938.834,1939.162,1938.694,1939.021,100.4
2024-01-11T05:04:00+00:00,1939.021,1939.503,1938.708,1939.190,115.6
2024-01-11T05:05:00+00:00,1939.190,1939.753,1939.107,1939.670,143.2
2024-01-11T05:06:00+00:00,1939.670,1940.050,1939.529,1939.909,123.4
2024-01-11T05:07:00+00:00,1939.909,1940.413,1939.624,1940.127,136.5
2024-01-11T05:08:00+00:00,1940.127,1940.354,1939.548,1939.775,102.9
2024-01-11T05:09:00+00:00,1939.775,1940.307,1938.818,1939.350,130.8
2024-01-11T05:10:00+00:00,1939.350,1939.748,1939.145,1939.542,185.6
2024-01-11T05:11:00+00:00,1939.542,1939.853,1939.306,1939.616,99.0
2024-01-11T05:12:00+00:00,1939.616,1940.197,1939.298,1939.879,178.6
2024-01-11T05:13:00+00:00,1939.879,1940.028,1939.429,1939.578,141.2
2024-01-11T05:14:00+00:00,1939.578,1939.943,1938.473,1938.838,92.1
2024-01-11T05:15:00+00:00,1938.838,1939.214,1938.545,1938.920,124.4
2024-01-11T05:16:00+00:00,1938.920,1939.429,1938.752,1939.261,137.8
2024-01-11T05:17:00+00:00,1939.261,1939.686,1938.136,1938.561,101.3
2024-01-11T05:18:00+00:00,1938.561,1938.615,1938.228,1938.282,170.5
2024-01-11T05:19:00+00:00,1938.282,1938.336,1938.013,1938.067,109.8
2024-01-11T05:20:00+00:00,1938.067,1938.424,1937.407,1937.764,137.7
2024-01-11T05:21:00+00:00,1937.764,1938.248,1937.531,1938.014,126.5
2024-01-11T05:22:00+00:00,1938.014,1938.328,1937.875,1938.188,115.3
2024-01-11T05:23:00+00:00,1938.188,1938.340,1938.069,1938.221,90.0
2024-01-11T05:24:00+00:00,1938.221,1938.458,1937.953,1938.190,103.6
2024-01-11T05:25:00+00:00,1938.190,1938.748,1938.082,1938.640,88.9
2024-01-11T05:26:00+00:00,1938.640,1939.009,1938.190,1938.558,138.2
2024-01-11T05:27:00+00:00,1938.558,1938.614,1937.997,1938.052,113.4
2024-01-11T05:28:00+00:00,1938.052,1938.202,1937.818,1937.968,128.7
2024-01-11T05:29:00+00:00,1937.968,1938.221,1937.549,1937.802,107.3
2024-01-11T05:30:00+00:00,1937.802,1938.499,1937.436,1938.133,131.3
2024-01-11T05:31:00+00:00,1938.133,1938.836,1937.754,1938.457,135.9
2024-01-11T05:32:00+00:00,1938.457,1938.548,1937.872,1937.963,140.7
2024-01-11T05:33:00+00:00,1937.963,1938.204,1936.858,1937.099,98.2
2024-01-11T05:34:00+00:00,1937.099,1937.155,1936.740,1936.796,139.0
2024-01-11T05:35:00+00:00,1936.796,1936.998,1936.233,1936.435,67.6
2024-01-11T05:36:00+00:00,1936.435,1936.978,1935.671,1936.214,75.6
2024-01-11T05:37:00+00:00,1936.214,1936.656,1935.947,1936.389,97.1
2024-01-11T05:38:00+00:00,1936.389,1936.764,1936.156,1936.532,151.7
2024-01-11T05:39:00+00:00,1936.532,1937.785,1935.876,1937.129,95.6
2024-01-11T05:40:00+00:00,1937.129,1937.291,1936.769,1936.931,166.3
2024-01-11T05:41:00+00:00,1936.931,1937.523,1936.878,1937.470,138.0
2024-01-11T05:42:00+00:00,1937.470,1937.590,1936.825,1936.945,111.6
2024-01-11T05:43:00+00:00,1936.945,1937.068,1936.794,1936.918,75.9
2024-01-11T05:44:00+00:00,1936.918,1937.472,1936.028,1936.582,68.8
2024-01-11T05:45:00+00:00,1936.582,1936.855,1936.352,1936.625,133.9
2024-01-11T05:46:00+00:00,1936.625,1937.098,1936.196,1936.669,106.2
2024-01-11T05:47:00+00:00,1936.669,1937.203,1935.645,1936.179,130.2
2024-01-11T05:48:00+00:00,1936.179,1936.554,1936.081,1936.455,108.5
2024-01-11T05:49:00+00:00,1936.455,1937.138,1936.187,1936.870,138.0
2024-01-11T05:50:00+00:00,1936.870,1937.321,1936.646,1937.097,111.8
2024-01-11T05:51:00+00:00,1937.097,1937.335,1937.026,1937.265,112.9
2024-01-11T05:52:00+00:00,1937.265,1938.068,1936.711,1937.515,60.0
2024-01-11T05:53:00+00:00,1937.515,1938.172,1937.358,1938.015,153.9
2024-01-11T05:54:00+00:00,1938.015,1938.108,1937.597,1937.690,150.4
2024-01-11T05:55:00+00:00,1937.690,1937.831,1937.554,1937.694,85.9
2024-01-11T05:56:00+00:00,1937.694,1938.136,1936.884,1937.326,124.7
2024-01-11T05:57:00+00:00,1937.326,1937.717,1936.936,1937.326,90.8
2024-01-11T05:58:00+00:00,1937.326,1937.388,1936.937,1936.999,116.6
2024-01-11T05:59:00+00:00,1936.999,1937.214,1936.612,1936.827,123.1
2024-01-11T06:00:00+00:00,1936.827,1937.641,1936.447,1937.261,78.1
2024-01-11T06:01:00+00:00,1937.261,1938.064,1936.859,1937.663,108.5
2024-01-11T06:02:00+00:00,1937.663,1938.213,1937.184,1937.734,59.7
2024-01-11T06:03:00+00:00,1937.734,1937.804,1936.739,1936.808,150.3
2024-01-11T06:04:00+00:00,1936.808,1937.130,1936.568,1936.889,125.6
2024-01-11T06:05:00+00:00,1936.889,1937.142,1935.990,1936.243,161.8
2024-01-11T06:06:00+00:00,1936.243,1936.486,1935.962,1936.205,88.8
2024-01-11T06:07:00+00:00,1936.205,1936.934,1935.996,1936.725,97.5
2024-01-11T06:08:00+00:00,1936.725,1937.191,1936.029,1936.495,139.9
2024-01-11T06:09:00+00:00,1936.495,1937.592,1936.093,1937.190,114.4
2024-01-11T06:10:00+00:00,1937.190,1937.562,1937.006,1937.379,73.8
2024-01-11T06:11:00+00:00,1937.379,1937.822,1937.081,1937.524,123.0
2024-01-11T06:12:00+00:00,1937.524,1937.645,1937.070,1937.191,62.9
2024-01-11T06:13:00+00:00,1937.191,1937.558,1936.840,1937.207,151.4
2024-01-11T06:14:00+00:00,1937.207,1937.366,1937.055,1937.214,104.7
2024-01-11T06:15:00+00:00,1937.214,1937.491,1937.017,1937.294,124.7
2024-01-11T06:16:00+00:00,1937.294,1937.391,1937.057,1937.153,140.6
2024-01-11T06:17:00+00:00,1937.153,1937.555,1936.784,1937.186,134.2
2024-01-11T06:18:00+00:00,1937.186,1937.352,1936.973,1937.139,136.7
2024-01-11T06:19:00+00:00,1937.139,1937.419,1936.623,1936.903,135.8
2024-01-11T06:20:00+00:00,1936.903,1937.117,1936.490,1936.704,116.4
2024-01-11T06:21:00+00:00,1936.704,1936.988,1936.161,1936.445,56.2
2024-01-11T06:22:00+00:00,1936.445,1936.669,1936.313,1936.537,87.6
2024-01-11T06:23:00+00:00,1936.537,1936.955,1936.368,1936.786,132.9
2024-01-11T06:24:00+00:00,1936.786,1936.903,1936.562,1936.679,135.5
2024-01-11T06:25:00+00:00,1936.679,1937.333,1936.383,1937.037,119.4
2024-01-11T06:26:00+00:00,1937.037,1937.721,1936.907,1937.592,79.8
2024-01-11T06:27:00+00:00,1937.592,1937.997,1936.613,1937.018,95.5
2024-01-11T06:28:00+00:00,1937.018,1937.146,1936.321,1936.448,121.0
2024-01-11T06:29:00+00:00,1936.448,1936.590,1936.340,1936.481,116.9
2024-01-11T06:30:00+00:00,1936.481,1936.606,1936.315,1936.440,121.2
2024-01-11T06:31:00+00:00,1936.440,1936.805,1935.749,1936.113,163.7
2024-01-11T06:32:00+00:00,1936.113,1936.759,1935.526,1936.172,91.4
2024-01-11T06:33:00+00:00,1936.172,1936.966,1935.723,1936.517,137.1
2024-01-11T06:34:00+00:00,1936.517,1936.805,1936.021,1936.309,123.4
2024-01-11T06:35:00+00:00,1936.309,1936.871,1936.109,1936.672,134.9
2024-01-11T06:36:00+00:00,1936.672,1937.098,1936.200,1936.627,130.6
2024-01-11T06:37:00+00:00,1936.627,1937.239,1936.224,1936.836,112.7
2024-01-11T06:38:00+00:00,1936.836,1937.794,1936.529,1937.487,122.4
2024-01-11T06:39:00+00:00,1937.487,1937.837,1936.708,1937.058,111.2
2024-01-11T06:40:00+00:00,1937.058,1937.223,1936.979,1937.144,148.2
2024-01-11T06:41:00+00:00,1937.144,1937.903,1936.646,1937.405,101.4
2024-01-11T06:42:00+00:00,1937.405,1937.670,1937.314,1937.579,143.5
2024-01-11T06:43:00+00:00,1937.579,1938.270,1937.128,1937.820,99.6
2024-01-11T06:44:00+00:00,1937.820,1938.464,1937.679,1938.324,129.0
2024-01-11T06:45:00+00:00,1938.324,1938.736,1938.192,1938.604,140.3
2024-01-11T06:46:00+00:00,1938.604,1938.825,1938.367,1938.588,97.7
2024-01-11T06:47:00+00:00,1938.588,1939.455,1938.165,1939.032,101.4
2024-01-11T06:48:00+00:00,1939.032,1939.180,1938.924,1939.073,96.6
2024-01-11T06:49:00+00:00,1939.073,1939.186,1938.883,1938.996,149.8
2024-01-11T06:50:00+00:00,1938.996,1939.662,1938.834,1939.500,118.2
2024-01-11T06:51:00+00:00,1939.500,1939.923,1939.031,1939.454,107.4
2024-01-11T06:52:00+00:00,1939.454,1940.270,1939.087,1939.903,204.4
2024-01-11T06:53:00+00:00,1939.903,1940.762,1939.426,1940.286,125.3
2024-01-11T06:54:00+00:00,1940.286,1940.440,1939.400,1939.554,167.0
2024-01-11T06:55:00+00:00,1939.554,1939.917,1939.061,1939.424,141.6
2024-01-11T06:56:00+00:00,1939.424,1939.983,1939.197,1939.756,137.4
2024-01-11T06:57:00+00:00,1939.756,1940.377,1939.411,1940.032,132.1
2024-01-11T06:58:00+00:00,1940.032,1940.464,1939.880,1940.312,124.3
2024-01-11T06:59:00+00:00,1940.312,1940.802,1939.597,1940.087,91.3
2024-01-11T07:00:00+00:00,1940.087,1940.486,1939.326,1939.725,140.5
2024-01-11T07:01:00+00:00,1939.725,1940.088,1939.316,1939.679,208.7
2024-01-11T07:02:00+00:00,1939.679,1940.170,1939.520,1940.011,131.4
2024-01-11T07:03:00+00:00,1940.011,1940.132,1939.886,1940.008,179.3
2024-01-11T07:04:00+00:00,1940.008,1940.977,1939.655,1940.624,128.7
2024-01-11T07:05:00+00:00,1940.624,1941.536,1940.369,1941.280,145.4
2024-01-11T07:06:00+00:00,1941.280,1941.475,1940.752,1940.946,125.2
2024-01-11T07:07:00+00:00,1940.946,1941.123,1940.765,1940.941,63.3
2024-01-11T07:08:00+00:00,1940.941,1941.016,1940.678,1940.753,129.3
2024-01-11T07:09:00+00:00,1940.753,1940.834,1940.384,1940.465,171.5
2024-01-11T07:10:00+00:00,1940.465,1941.104,1939.951,1940.590,114.8
2024-01-11T07:11:00+00:00,1940.590,1941.023,1940.226,1940.660,125.6
2024-01-11T07:12:00+00:00,1940.660,1941.332,1940.530,1941.203,154.8
2024-01-11T07:13:00+00:00,1941.203,1942.151,1940.773,1941.721,125.7
2024-01-11T07:14:00+00:00,1941.721,1942.996,1940.740,1942.015,84.3
2024-01-11T07:15:00+00:00,1942.015,1942.321,1941.846,1942.152,100.1
2024-01-11T07:16:00+00:00,1942.152,1942.597,1942.064,1942.509,143.7
2024-01-11T07:17:00+00:00,1942.509,1942.921,1942.233,1942.645,150.0
2024-01-11T07:18:00+00:00,1942.645,1943.679,1942.375,1943.409,128.6
2024-01-11T07:19:00+00:00,1943.409,1943.541,1942.778,1942.910,119.3
2024-01-11T07:20:00+00:00,1942.910,1943.413,1942.209,1942.713,133.5
2024-01-11T07:21:00+00:00,1942.713,1943.337,1942.486,1943.109,185.0
2024-01-11T07:22:00+00:00,1943.109,1943.244,1942.399,1942.533,119.4
2024-01-11T07:23:00+00:00,1942.533,1943.137,1942.478,1943.081,92.6
2024-01-11T07:24:00+00:00,1943.081,1943.292,1942.926,1943.137,98.7
2024-01-11T07:25:00+00:00,1943.137,1943.255,1942.834,1942.951,145.1
2024-01-11T07:26:00+00:00,1942.951,1943.118,1942.782,1942.949,105.5
2024-01-11T07:27:00+00:00,1942.949,1943.049,1942.812,1942.911,147.8
2024-01-11T07:28:00+00:00,1942.911,1943.613,1942.833,1943.534,133.5
2024-01-11T07:29:00+00:00,1943.534,1944.523,1943.277,1944.266,109.9
2024-01-11T07:30:00+00:00,1944.266,1944.872,1943.879,1944.485,58.7
2024-01-11T07:31:00+00:00,1944.485,1944.708,1944.086,1944.309,81.9
2024-01-11T07:32:00+00:00,1944.309,1944.897,1944.152,1944.741,122.9
2024-01-11T07:33:00+00:00,1944.741,1944.940,1944.643,1944.843,86.7
2024-01-11T07:34:00+00:00,1944.843,1946.107,1944.323,1945.587,119.4
2024-01-11T07:35:00+00:00,1945.587,1945.994,1945.491,1945.897,117.2
2024-01-11T07:36:00+00:00,1945.897,1946.193,1945.789,1946.085,110.5
2024-01-11T07:37:00+00:00,1946.085,1946.700,1945.908,1946.523,163.1
2024-01-11T07:38:00+00:00,1946.523,1947.159,1946.001,1946.637,71.9
2024-01-11T07:39:00+00:00,1946.637,1946.802,1946.381,1946.546,73.6
2024-01-11T07:40:00+00:00,1946.546,1946.894,1946.087,1946.435,130.2
2024-01-11T07:41:00+00:00,1946.435,1946.508,1946.205,1946.278,123.4
2024-01-11T07:42:00+00:00,1946.278,1946.402,1946.095,1946.218,101.8
2024-01-11T07:43:00+00:00,1946.218,1946.813,1945.777,1946.372,161.7
2024-01-11T07:44:00+00:00,1946.372,1946.976,1945.427,1946.030,117.0
2024-01-11T07:45:00+00:00,1946.030,1946.440,1945.234,1945.644,124.3
2024-01-11T07:46:00+00:00,1945.644,1946.009,1945.444,1945.808,97.0
2024-01-11T07:47:00+00:00,1945.808,1945.935,1945.690,1945.817,139.4
2024-01-11T07:48:00+00:00,1945.817,1946.707,1945.202,1946.092,103.1
2024-01-11T07:49:00+00:00,1946.092,1946.406,1945.947,1946.261,143.0
2024-01-11T07:50:00+00:00,1946.261,1946.685,1945.413,1945.837,85.6
2024-01-11T07:51:00+00:00,1945.837,1946.011,1945.678,1945.852,106.6
2024-01-11T07:52:00+00:00,1945.852,1946.097,1945.427,1945.672,143.5
2024-01-11T07:53:00+00:00,1945.672,1946.227,1945.316,1945.872,102.2
2024-01-11T07:54:00+00:00,1945.872,1946.084,1945.725,1945.938,104.3
2024-01-11T07:55:00+00:00,1945.938,1946.631,1945.237,1945.930,121.9
2024-01-11T07:56:00+00:00,1945.930,1946.563,1945.280,1945.914,98.5
2024-01-11T07:57:00+00:00,1945.914,1946.800,1945.654,1946.540,86.2
2024-01-11T07:58:00+00:00,1946.540,1946.986,1946.447,1946.893,97.3
2024-01-11T07:59:00+00:00,1946.893,1947.434,1946.700,1947.240,111.5
2024-01-11T08:00:00+00:00,1947.240,1947.435,1947.138,1947.333,107.8
2024-01-11T08:01:00+00:00,1947.333,1947.569,1947.278,1947.514,125.8
2024-01-11T08:02:00+00:00,1947.514,1947.933,1947.314,1947.733,80.6
2024-01-11T08:03:00+00:00,1947.733,1948.144,1947.379,1947.790,129.6
2024-01-11T08:04:00+00:00,1947.790,1948.178,1947.566,1947.953,87.2
2024-01-11T08:05:00+00:00,1947.953,1948.221,1947.353,1947.621,109.5
2024-01-11T08:06:00+00:00,1947.621,1947.698,1947.106,1947.183,74.7
2024-01-11T08:07:00+00:00,1947.183,1947.534,1947.131,1947.482,69.9
2024-01-11T08:08:00+00:00,1947.482,1947.589,1947.275,1947.381,131.6
2024-01-11T08:09:00+00:00,1947.381,1947.852,1947.251,1947.721,116.0
2024-01-11T08:10:00+00:00,1947.721,1947.908,1947.540,1947.727,100.4
2024-01-11T08:11:00+00:00,1947.727,1947.845,1947.638,1947.755,110.3
2024-01-11T08:12:00+00:00,1947.755,1948.130,1947.099,1947.473,135.0
2024-01-11T08:13:00+00:00,1947.473,1948.004,1946.720,1947.251,98.4
2024-01-11T08:14:00+00:00,1947.251,1947.386,1946.904,1947.040,136.1
2024-01-11T08:15:00+00:00,1947.040,1948.006,1946.654,1947.620,136.0
2024-01-11T08:16:00+00:00,1947.620,1947.937,1947.410,1947.727,97.7
2024-01-11T08:17:00+00:00,1947.727,1947.910,1947.391,1947.574,125.9
2024-01-11T08:18:00+00:00,1947.574,1948.029,1947.284,1947.738,127.7
2024-01-11T08:19:00+00:00,1947.738,1948.017,1947.061,1947.339,120.5
2024-01-11T08:20:00+00:00,1947.339,1947.499,1947.045,1947.205,201.3
2024-01-11T08:21:00+00:00,1947.205,1948.543,1946.990,1948.328,159.3
2024-01-11T08:22:00+00:00,1948.328,1948.648,1947.109,1947.429,121.1
2024-01-11T08:23:00+00:00,1947.429,1947.871,1947.152,1947.593,82.8
2024-01-11T08:24:00+00:00,1947.593,1947.911,1947.439,1947.757,135.2
2024-01-11T08:25:00+00:00,1947.757,1948.262,1947.683,1948.189,135.5
2024-01-11T08:26:00+00:00,1948.189,1948.439,1948.081,1948.331,105.5
2024-01-11T08:27:00+00:00,1948.331,1948.649,1948.171,1948.489,122.4
2024-01-11T08:28:00+00:00,1948.489,1948.884,1948.024,1948.418,89.6
2024-01-11T08:29:00+00:00,1948.418,1949.318,1948.118,1949.018,128.7
2024-01-11T08:30:00+00:00,1949.018,1949.282,1948.934,1949.198,140.3
2024-01-11T08:31:00+00:00,1949.198,1949.701,1949.093,1949.596,129.1
2024-01-11T08:32:00+00:00,1949.596,1950.424,1949.171,1950.000,93.3
2024-01-11T08:33:00+00:00,1950.000,1950.326,1949.561,1949.887,107.7
2024-01-11T08:34:00+00:00,1949.887,1950.029,1949.539,1949.682,134.4
2024-01-11T08:35:00+00:00,1949.682,1949.760,1949.288,1949.366,159.6
2024-01-11T08:36:00+00:00,1949.366,1949.850,1949.027,1949.511,103.1
2024-01-11T08:37:00+00:00,1949.511,1950.084,1949.403,1949.975,102.3
2024-01-11T08:38:00+00:00,1949.975,1950.537,1949.757,1950.319,88.3
2024-01-11T08:39:00+00:00,1950.319,1950.658,1950.260,1950.598,101.7
2024-01-11T08:40:00+00:00,1950.598,1951.149,1950.284,1950.834,151.9
2024-01-11T08:41:00+00:00,1950.834,1951.108,1950.669,1950.943,134.4
2024-01-11T08:42:00+00:00,1950.943,1951.391,1950.072,1950.520,101.4
2024-01-11T08:43:00+00:00,1950.520,1950.763,1950.163,1950.407,92.7
2024-01-11T08:44:00+00:00,1950.407,1950.907,1950.353,1950.854,103.9
2024-01-11T08:45:00+00:00,1950.854,1950.949,1950.222,1950.317,118.8
2024-01-11T08:46:00+00:00,1950.317,1950.388,1949.974,1950.045,67.7
2024-01-11T08:47:00+00:00,1950.045,1950.671,1949.706,1950.333,134.5
2024-01-11T08:48:00+00:00,1950.333,1950.994,1949.779,1950.441,88.2
2024-01-11T08:49:00+00:00,1950.441,1950.687,1950.048,1950.294,137.3
2024-01-11T08:50:00+00:00,1950.294,1951.032,1949.843,1950.581,112.3
2024-01-11T08:51:00+00:00,1950.581,1951.078,1949.985,1950.482,90.8
2024-01-11T08:52:00+00:00,1950.482,1950.993,1950.234,1950.745,95.4
2024-01-11T08:53:00+00:00,1950.745,1951.771,1950.106,1951.132,160.0
2024-01-11T08:54:00+00:00,1951.132,1952.114,1950.657,1951.639,134.2
2024-01-11T08:55:00+00:00,1951.639,1951.978,1951.366,1951.704,110.6
2024-01-11T08:56:00+00:00,1951.704,1952.123,1951.316,1951.735,103.5
2024-01-11T08:57:00+00:00,1951.735,1952.149,1951.529,1951.942,117.0
2024-01-11T08:58:00+00:00,1951.942,1952.484,1951.766,1952.308,144.6
2024-01-11T08:59:00+00:00,1952.308,1952.602,1951.513,1951.807,128.7
2024-01-11T09:00:00+00:00,1951.807,1952.663,1951.413,1952.270,121.0
2024-01-11T09:01:00+00:00,1952.270,1952.578,1951.779,1952.087,64.7
2024-01-11T09:02:00+00:00,1952.087,1952.277,1951.797,1951.988,118.6
2024-01-11T09:03:00+00:00,1951.988,1952.056,1951.492,1951.560,121.7
2024-01-11T09:04:00+00:00,1951.560,1951.959,1950.977,1951.377,133.2
2024-01-11T09:05:00+00:00,1951.377,1951.886,1951.297,1951.807,92.5
2024-01-11T09:06:00+00:00,1951.807,1952.553,1951.491,1952.237,103.8
2024-01-11T09:07:00+00:00,1952.237,1952.488,1951.605,1951.856,104.1
2024-01-11T09:08:00+00:00,1951.856,1951.923,1951.464,1951.531,136.5
2024-01-11T09:09:00+00:00,1951.531,1951.595,1951.279,1951.342,148.7
2024-01-11T09:10:00+00:00,1951.342,1952.077,1950.924,1951.659,141.3
2024-01-11T09:11:00+00:00,1951.659,1952.587,1951.383,1952.311,117.8
2024-01-11T09:12:00+00:00,1952.311,1952.921,1951.888,1952.499,103.8
2024-01-11T09:13:00+00:00,1952.499,1953.052,1951.832,1952.385,120.4
2024-01-11T09:14:00+00:00,1952.385,1952.840,1951.665,1952.120,156.1
2024-01-11T09:15:00+00:00,1952.120,1952.213,1951.535,1951.628,72.0
2024-01-11T09:16:00+00:00,1951.628,1952.628,1951.039,1952.038,174.0
2024-01-11T09:17:00+00:00,1952.038,1952.333,1951.448,1951.743,180.8
2024-01-11T09:18:00+00:00,1951.743,1952.120,1951.606,1951.984,145.3
2024-01-11T09:19:00+00:00,1951.984,1952.249,1951.445,1951.709,112.3
2024-01-11T09:20:00+00:00,1951.709,1952.051,1951.602,1951.944,160.5
2024-01-11T09:21:00+00:00,1951.944,1952.322,1951.191,1951.569,139.0
2024-01-11T09:22:00+00:00,1951.569,1952.604,1951.387,1952.421,115.9
2024-01-11T09:23:00+00:00,1952.421,1953.034,1952.087,1952.700,122.9
2024-01-11T09:24:00+00:00,1952.700,1952.780,1952.113,1952.194,141.5
2024-01-11T09:25:00+00:00,1952.194,1952.979,1952.028,1952.814,146.9
2024-01-11T09:26:00+00:00,1952.814,1953.617,1952.517,1953.320,112.8
2024-01-11T09:27:00+00:00,1953.320,1953.575,1952.498,1952.752,132.9
2024-01-11T09:28:00+00:00,1952.752,1952.871,1952.009,1952.127,141.4
2024-01-11T09:29:00+00:00,1952.127,1953.301,1951.484,1952.658,131.4
2024-01-11T09:30:00+00:00,1952.658,1953.255,1951.909,1952.506,91.4
2024-01-11T09:31:00+00:00,1952.506,1952.804,1952.455,1952.753,140.5
2024-01-11T09:32:00+00:00,1952.753,1952.963,1952.495,1952.705,92.6
2024-01-11T09:33:00+00:00,1952.705,1952.788,1952.344,1952.427,70.2
2024-01-11T09:34:00+00:00,1952.427,1952.999,1952.320,1952.893,92.5
2024-01-11T09:35:00+00:00,1952.893,1953.168,1952.375,1952.651,123.9
2024-01-11T09:36:00+00:00,1952.651,1952.910,1952.319,1952.578,87.5
2024-01-11T09:37:00+00:00,1952.578,1953.006,1952.173,1952.601,107.0
2024-01-11T09:38:00+00:00,1952.601,1953.181,1952.524,1953.104,146.1
2024-01-11T09:39:00+00:00,1953.104,1953.435,1952.798,1953.129,95.0
2024-01-11T09:40:00+00:00,1953.129,1953.263,1952.666,1952.800,127.3
2024-01-11T09:41:00+00:00,1952.800,1954.282,1952.346,1953.828,144.7
2024-01-11T09:42:00+00:00,1953.828,1953.908,1953.468,1953.548,94.5
2024-01-11T09:43:00+00:00,1953.548,1954.597,1953.330,1954.379,153.9
2024-01-11T09:44:00+00:00,1954.379,1954.615,1953.738,1953.973,85.4
2024-01-11T09:45:00+00:00,1953.973,1954.069,1953.764,1953.860,124.3
2024-01-11T09:46:00+00:00,1953.860,1953.947,1953.797,1953.884,95.9
2024-01-11T09:47:00+00:00,1953.884,1953.951,1953.822,1953.889,93.4
2024-01-11T09:48:00+00:00,1953.889,1954.216,1953.794,1954.122,98.9
2024-01-11T09:49:00+00:00,1954.122,1954.781,1953.940,1954.599,65.6
2024-01-11T09:50:00+00:00,1954.599,1955.202,1954.461,1955.064,162.5
2024-01-11T09:51:00+00:00,1955.064,1955.506,1954.806,1955.248,152.5
2024-01-11T09:52:00+00:00,1955.248,1955.718,1954.974,1955.444,121.7
2024-01-11T09:53:00+00:00,1955.444,1956.282,1955.167,1956.005,110.6
2024-01-11T09:54:00+00:00,1956.005,1956.064,1955.484,1955.542,122.5
2024-01-11T09:55:00+00:00,1955.542,1955.633,1955.156,1955.247,163.4
2024-01-11T09:56:00+00:00,1955.247,1955.570,1954.806,1955.129,93.7
2024-01-11T09:57:00+00:00,1955.129,1955.407,1954.560,1954.838,115.3
2024-01-11T09:58:00+00:00,1954.838,1955.248,1954.539,1954.949,167.2
2024-01-11T09:59:00+00:00,1954.949,1955.143,1954.375,1954.568,126.8
2024-01-11T10:00:00+00:00,1954.568,1955.137,1954.085,1954.654,113.5
2024-01-11T10:01:00+00:00,1954.654,1954.829,1954.313,1954.488,61.8
2024-01-11T10:02:00+00:00,1954.488,1954.910,1954.226,1954.648,129.8
2024-01-11T10:03:00+00:00,1954.648,1954.823,1954.256,1954.431,113.1
2024-01-11T10:04:00+00:00,1954.431,1954.613,1954.045,1954.227,141.9
2024-01-11T10:05:00+00:00,1954.227,1954.582,1953.365,1953.720,112.7
2024-01-11T10:06:00+00:00,1953.720,1954.091,1953.256,1953.627,165.9
2024-01-11T10:07:00+00:00,1953.627,1954.134,1953.311,1953.819,110.9
2024-01-11T10:08:00+00:00,1953.819,1953.944,1953.270,1953.395,70.0
2024-01-11T10:09:00+00:00,1953.395,1954.090,1953.280,1953.975,153.8
2024-01-11T10:10:00+00:00,1953.975,1954.411,1953.357,1953.793,114.6
2024-01-11T10:11:00+00:00,1953.793,1954.086,1953.695,1953.988,105.6
2024-01-11T10:12:00+00:00,1953.988,1954.140,1953.894,1954.046,160.4
2024-01-11T10:13:00+00:00,1954.046,1954.621,1953.059,1953.634,117.5
2024-01-11T10:14:00+00:00,1953.634,1954.173,1953.217,1953.756,119.2
2024-01-11T10:15:00+00:00,1953.756,1954.067,1953.622,1953.933,129.0
2024-01-11T10:16:00+00:00,1953.933,1954.330,1953.315,1953.712,147.8
2024-01-11T10:17:00+00:00,1953.712,1954.087,1953.247,1953.622,165.1
2024-01-11T10:18:00+00:00,1953.622,1954.623,1952.897,1953.898,194.5
2024-01-11T10:19:00+00:00,1953.898,1954.407,1953.466,1953.975,147.9
2024-01-11T10:20:00+00:00,1953.975,1954.465,1953.624,1954.114,120.7
2024-01-11T10:21:00+00:00,1954.114,1954.200,1953.493,1953.580,107.8
2024-01-11T10:22:00+00:00,1953.580,1953.797,1953.487,1953.705,136.5
2024-01-11T10:23:00+00:00,1953.705,1953.882,1953.141,1953.319,105.3
2024-01-11T10:24:00+00:00,1953.319,1953.945,1952.859,1953.485,120.4
2024-01-11T10:25:00+00:00,1953.485,1954.793,1953.008,1954.315,150.1
2024-01-11T10:26:00+00:00,1954.315,1954.666,1954.025,1954.375,121.9
2024-01-11T10:27:00+00:00,1954.375,1954.628,1954.235,1954.488,133.5
2024-01-11T10:28:00+00:00,1954.488,1954.568,1954.031,1954.111,172.7
2024-01-11T10:29:00+00:00,1954.111,1954.864,1953.861,1954.614,92.8
2024-01-11T10:30:00+00:00,1954.614,1954.921,1954.275,1954.582,146.7
2024-01-11T10:31:00+00:00,1954.582,1955.197,1953.793,1954.408,118.8
2024-01-11T10:32:00+00:00,1954.408,1954.748,1953.537,1953.877,162.9
2024-01-11T10:33:00+00:00,1953.877,1954.321,1953.682,1954.127,136.5
2024-01-11T10:34:00+00:00,1954.127,1955.082,1953.813,1954.768,161.8
2024-01-11T10:35:00+00:00,1954.768,1954.940,1954.232,1954.404,120.1
2024-01-11T10:36:00+00:00,1954.404,1954.521,1953.564,1953.681,119.7
2024-01-11T10:37:00+00:00,1953.681,1954.339,1953.024,1953.682,114.3
2024-01-11T10:38:00+00:00,1953.682,1953.759,1953.562,1953.639,110.4
2024-01-11T10:39:00+00:00,1953.639,1953.960,1952.862,1953.183,120.8
2024-01-11T10:40:00+00:00,1953.183,1953.387,1953.123,1953.327,97.9
2024-01-11T10:41:00+00:00,1953.327,1953.444,1952.694,1952.810,135.6
2024-01-11T10:42:00+00:00,1952.810,1953.038,1952.565,1952.793,97.5
2024-01-11T10:43:00+00:00,1952.793,1952.881,1952.628,1952.715,117.2
2024-01-11T10:44:00+00:00,1952.715,1953.194,1952.318,1952.797,108.2
2024-01-11T10:45:00+00:00,1952.797,1953.068,1952.593,1952.864,135.9
2024-01-11T10:46:00+00:00,1952.864,1953.188,1952.637,1952.961,91.2
2024-01-11T10:47:00+00:00,1952.961,1953.077,1952.461,1952.577,124.6
2024-01-11T10:48:00+00:00,1952.577,1952.653,1952.357,1952.433,124.1
2024-01-11T10:49:00+00:00,1952.433,1953.582,1952.099,1953.248,187.3
2024-01-11T10:50:00+00:00,1953.248,1953.418,1953.144,1953.315,176.3
2024-01-11T10:51:00+00:00,1953.315,1953.673,1953.107,1953.464,105.5
2024-01-11T10:52:00+00:00,1953.464,1953.703,1953.065,1953.304,102.9
2024-01-11T10:53:00+00:00,1953.304,1953.710,1952.695,1953.101,128.7
2024-01-11T10:54:00+00:00,1953.101,1953.284,1952.908,1953.091,95.2
2024-01-11T10:55:00+00:00,1953.091,1953.407,1952.376,1952.693,120.8
2024-01-11T10:56:00+00:00,1952.693,1953.305,1952.366,1952.979,82.9
2024-01-11T10:57:00+00:00,1952.979,1953.102,1952.021,1952.144,148.8
2024-01-11T10:58:00+00:00,1952.144,1953.089,1951.666,1952.611,67.7
2024-01-11T10:59:00+00:00,1952.611,1952.786,1952.087,1952.263,97.2
2024-01-11T11:00:00+00:00,1952.263,1952.505,1951.970,1952.213,77.9
2024-01-11T11:01:00+00:00,1952.213,1952.300,1952.132,1952.219,97.8
2024-01-11T11:02:00+00:00,1952.219,1952.613,1951.856,1952.250,110.7
2024-01-11T11:03:00+00:00,1952.250,1952.409,1951.998,1952.157,117.8
2024-01-11T11:04:00+00:00,1952.157,1952.530,1951.378,1951.751,96.2
2024-01-11T11:05:00+00:00,1951.751,1952.297,1951.474,1952.020,93.0
2024-01-11T11:06:00+00:00,1952.020,1952.818,1951.908,1952.706,109.1
2024-01-11T11:07:00+00:00,1952.706,1953.110,1952.024,1952.427,135.3
2024-01-11T11:08:00+00:00,1952.427,1952.971,1951.992,1952.536,85.7
2024-01-11T11:09:00+00:00,1952.536,1952.853,1951.670,1951.987,132.6
2024-01-11T11:10:00+00:00,1951.987,1952.230,1951.592,1951.835,117.3
2024-01-11T11:11:00+00:00,1951.835,1952.869,1951.481,1952.515,130.5
2024-01-11T11:12:00+00:00,1952.515,1953.129,1952.251,1952.865,109.7
2024-01-11T11:13:00+00:00,1952.865,1953.019,1952.596,1952.750,140.0
2024-01-11T11:14:00+00:00,1952.750,1952.833,1952.552,1952.635,149.6
2024-01-11T11:15:00+00:00,1952.635,1952.744,1952.509,1952.618,116.4
2024-01-11T11:16:00+00:00,1952.618,1953.227,1952.032,1952.641,93.0
2024-01-11T11:17:00+00:00,1952.641,1952.990,1952.438,1952.786,102.2
2024-01-11T11:18:00+00:00,1952.786,1953.428,1952.183,1952.825,98.1
2024-01-11T11:19:00+00:00,1952.825,1953.306,1952.041,1952.522,133.4
2024-01-11T11:20:00+00:00,1952.522,1952.776,1952.269,1952.524,108.2
2024-01-11T11:21:00+00:00,1952.524,1953.171,1952.229,1952.876,130.7
2024-01-11T11:22:00+00:00,1952.876,1953.580,1952.581,1953.285,106.8
2024-01-11T11:23:00+00:00,1953.285,1953.664,1953.198,1953.576,142.3
2024-01-11T11:24:00+00:00,1953.576,1954.257,1953.009,1953.690,83.8
2024-01-11T11:25:00+00:00,1953.690,1954.144,1953.380,1953.834,187.4
2024-01-11T11:26:00+00:00,1953.834,1953.973,1953.542,1953.681,119.4
2024-01-11T11:27:00+00:00,1953.681,1954.148,1953.220,1953.687,118.5
2024-01-11T11:28:00+00:00,1953.687,1954.100,1953.379,1953.792,163.6
2024-01-11T11:29:00+00:00,1953.792,1953.915,1953.365,1953.489,81.5
2024-01-11T11:30:00+00:00,1953.489,1954.069,1953.095,1953.676,104.9
2024-01-11T11:31:00+00:00,1953.676,1954.012,1953.266,1953.603,132.8
2024-01-11T11:32:00+00:00,1953.603,1954.056,1953.442,1953.895,110.9
2024-01-11T11:33:00+00:00,1953.895,1954.322,1953.365,1953.791,76.6
2024-01-11T11:34:00+00:00,1953.791,1954.220,1953.211,1953.639,118.0
2024-01-11T11:35:00+00:00,1953.639,1953.745,1953.183,1953.289,113.7
2024-01-11T11:36:00+00:00,1953.289,1953.461,1953.099,1953.270,142.8
2024-01-11T11:37:00+00:00,1953.270,1953.368,1952.687,1952.785,163.7
2024-01-11T11:38:00+00:00,1952.785,1952.858,1952.282,1952.355,86.4
2024-01-11T11:39:00+00:00,1952.355,1952.858,1952.101,1952.604,110.3
2024-01-11T11:40:00+00:00,1952.604,1952.764,1952.325,1952.486,82.2
2024-01-11T11:41:00+00:00,1952.486,1952.581,1951.938,1952.033,159.6
2024-01-11T11:42:00+00:00,1952.033,1952.184,1951.735,1951.885,127.6
2024-01-11T11:43:00+00:00,1951.885,1952.000,1951.830,1951.945,103.9
2024-01-11T11:44:00+00:00,1951.945,1952.288,1951.542,1951.885,132.8
2024-01-11T11:45:00+00:00,1951.885,1952.570,1951.659,1952.344,123.5
2024-01-11T11:46:00+00:00,1952.344,1952.716,1951.779,1952.150,145.9
2024-01-11T11:47:00+00:00,1952.150,1952.258,1951.970,1952.078,78.6
2024-01-11T11:48:00+00:00,1952.078,1952.157,1951.935,1952.015,108.7
2024-01-11T11:49:00+00:00,1952.015,1952.544,1951.855,1952.385,123.9
2024-01-11T11:50:00+00:00,1952.385,1952.643,1952.226,1952.485,99.4
2024-01-11T11:51:00+00:00,1952.485,1952.780,1952.117,1952.413,115.0
2024-01-11T11:52:00+00:00,1952.413,1952.737,1952.072,1952.397,107.4
2024-01-11T11:53:00+00:00,1952.397,1953.426,1952.221,1953.250,123.9
2024-01-11T11:54:00+00:00,1953.250,1953.463,1953.051,1953.264,118.1
2024-01-11T11:55:00+00:00,1953.264,1953.581,1952.366,1952.683,103.1
2024-01-11T11:56:00+00:00,1952.683,1953.189,1952.191,1952.697,136.2
2024-01-11T11:57:00+00:00,1952.697,1953.072,1951.908,1952.283,89.4
2024-01-11T11:58:00+00:00,1952.283,1952.494,1951.847,1952.059,156.7
2024-01-11T11:59:00+00:00,1952.059,1952.515,1950.950,1951.407,167.3
2024-01-11T12:00:00+00:00,1951.407,1951.999,1950.986,1951.578,107.3
2024-01-11T12:01:00+00:00,1951.578,1951.986,1951.434,1951.841,164.2
2024-01-11T12:02:00+00:00,1951.841,1951.932,1951.533,1951.624,153.1
2024-01-11T12:03:00+00:00,1951.624,1952.261,1951.518,1952.156,137.1
2024-01-11T12:04:00+00:00,1952.156,1952.222,1951.999,1952.065,103.3
2024-01-11T12:05:00+00:00,1952.065,1952.474,1951.814,1952.223,90.4
2024-01-11T12:06:00+00:00,1952.223,1952.284,1951.794,1951.855,177.4
2024-01-11T12:07:00+00:00,1951.855,1952.037,1951.775,1951.957,118.7
2024-01-11T12:08:00+00:00,1951.957,1952.181,1951.193,1951.417,163.2
2024-01-11T12:09:00+00:00,1951.417,1951.897,1950.242,1950.721,84.7
2024-01-11T12:10:00+00:00,1950.721,1952.121,1950.028,1951.428,162.9
2024-01-11T12:11:00+00:00,1951.428,1951.618,1951.215,1951.405,103.8
2024-01-11T12:12:00+00:00,1951.405,1951.505,1951.177,1951.277,29.3
2024-01-11T12:13:00+00:00,1951.277,1951.620,1951.150,1951.493,88.0
2024-01-11T12:14:00+00:00,1951.493,1951.702,1951.214,1951.422,97.6
2024-01-11T12:15:00+00:00,1951.422,1951.944,1951.048,1951.570,122.7
2024-01-11T12:16:00+00:00,1951.570,1951.808,1950.968,1951.206,89.8
2024-01-11T12:17:00+00:00,1951.206,1951.971,1950.676,1951.442,125.1
2024-01-11T12:18:00+00:00,1951.442,1952.087,1951.188,1951.833,121.3
2024-01-11T12:19:00+00:00,1951.833,1951.996,1951.398,1951.561,142.3
2024-01-11T12:20:00+00:00,1951.561,1952.345,1951.185,1951.969,157.2
2024-01-11T12:21:00+00:00,1951.969,1952.045,1951.666,1951.742,135.6
2024-01-11T12:22:00+00:00,1951.742,1952.201,1951.368,1951.827,178.0
2024-01-11T12:23:00+00:00,1951.827,1952.792,1951.765,1952.729,43.1
2024-01-11T12:24:00+00:00,1952.729,1953.459,1952.634,1953.363,184.9
2024-01-11T12:25:00+00:00,1953.363,1953.537,1952.852,1953.026,143.3
2024-01-11T12:26:00+00:00,1953.026,1953.159,1952.433,1952.565,133.9
2024-01-11T12:27:00+00:00,1952.565,1952.957,1952.424,1952.816,42.5
2024-01-11T12:28:00+00:00,1952.816,1952.956,1951.898,1952.037,165.6
2024-01-11T12:29:00+00:00,1952.037,1952.179,1951.387,1951.529,147.4
2024-01-11T12:30:00+00:00,1951.529,1951.971,1950.781,1951.222,127.5
2024-01-11T12:31:00+00:00,1951.222,1951.298,1951.017,1951.092,113.9
2024-01-11T12:32:00+00:00,1951.092,1951.218,1950.947,1951.073,104.5
2024-01-11T12:33:00+00:00,1951.073,1951.272,1950.885,1951.084,94.1
2024-01-11T12:34:00+00:00,1951.084,1951.477,1950.828,1951.221,135.1
2024-01-11T12:35:00+00:00,1951.221,1951.540,1950.915,1951.234,137.4
2024-01-11T12:36:00+00:00,1951.234,1951.291,1950.523,1950.581,138.7
2024-01-11T12:37:00+00:00,1950.581,1950.698,1950.523,1950.640,152.0
2024-01-11T12:38:00+00:00,1950.640,1951.269,1950.258,1950.886,122.4
2024-01-11T12:39:00+00:00,1950.886,1951.339,1950.802,1951.254,82.0
2024-01-11T12:40:00+00:00,1951.254,1951.733,1951.056,1951.534,152.7
2024-01-11T12:41:00+00:00,1951.534,1951.690,1951.460,1951.615,145.2
2024-01-11T12:42:00+00:00,1951.615,1952.089,1950.790,1951.264,131.2
2024-01-11T12:43:00+00:00,1951.264,1951.590,1951.035,1951.361,143.3
2024-01-11T12:44:00+00:00,1951.361,1951.640,1950.361,1950.640,116.6
2024-01-11T12:45:00+00:00,1950.640,1950.904,1950.124,1950.387,147.8
2024-01-11T12:46:00+00:00,1950.387,1950.737,1950.182,1950.532,122.7
2024-01-11T12:47:00+00:00,1950.532,1951.183,1949.569,1950.221,100.2
2024-01-11T12:48:00+00:00,1950.221,1950.984,1949.768,1950.531,95.0
2024-01-11T12:49:00+00:00,1950.531,1951.121,1949.775,1950.364,112.7
2024-01-11T12:50:00+00:00,1950.364,1950.452,1949.848,1949.936,113.3
2024-01-11T12:51:00+00:00,1949.936,1950.014,1949.879,1949.958,105.9
2024-01-11T12:52:00+00:00,1949.958,1950.078,1949.890,1950.011,99.0
2024-01-11T12:53:00+00:00,1950.011,1950.200,1949.729,1949.919,81.4
2024-01-11T12:54:00+00:00,1949.919,1950.437,1949.406,1949.924,134.9
2024-01-11T12:55:00+00:00,1949.924,1950.016,1949.837,1949.929,154.3
2024-01-11T12:56:00+00:00,1949.929,1950.423,1949.769,1950.263,129.6
2024-01-11T12:57:00+00:00,1950.263,1950.782,1950.173,1950.692,131.1
2024-01-11T12:58:00+00:00,1950.692,1951.153,1950.384,1950.845,127.7
2024-01-11T12:59:00+00:00,1950.845,1950.961,1950.609,1950.725,132.8
2024-01-11T13:00:00+00:00,1950.725,1951.231,1950.450,1950.957,112.4
2024-01-11T13:01:00+00:00,1950.957,1951.237,1950.622,1950.903,130.9
2024-01-11T13:02:00+00:00,1950.903,1951.129,1950.620,1950.846,146.7
2024-01-11T13:03:00+00:00,1950.846,1951.176,1950.499,1950.830,117.1
2024-01-11T13:04:00+00:00,1950.830,1950.952,1950.657,1950.778,184.4
2024-01-11T13:05:00+00:00,1950.778,1951.374,1950.386,1950.981,114.7
2024-01-11T13:06:00+00:00,1950.981,1951.321,1950.809,1951.149,116.6
2024-01-11T13:07:00+00:00,1951.149,1951.407,1950.988,1951.245,140.5
2024-01-11T13:08:00+00:00,1951.245,1951.719,1950.477,1950.950,12.8
2024-01-11T13:09:00+00:00,1950.950,1951.034,1950.397,1950.481,130.7
2024-01-11T13:10:00+00:00,1950.481,1950.989,1950.029,1950.537,131.9
2024-01-11T13:11:00+00:00,1950.537,1950.632,1950.146,1950.241,107.4
2024-01-11T13:12:00+00:00,1950.241,1950.669,1949.729,1950.157,82.0
2024-01-11T13:13:00+00:00,1950.157,1950.465,1949.664,1949.973,127.1
2024-01-11T13:14:00+00:00,1949.973,1950.076,1949.407,1949.510,135.5
2024-01-11T13:15:00+00:00,1949.510,1949.792,1948.976,1949.259,109.5
2024-01-11T13:16:00+00:00,1949.259,1949.921,1948.865,1949.527,181.5
2024-01-11T13:17:00+00:00,1949.527,1949.760,1949.332,1949.565,125.6
2024-01-11T13:18:00+00:00,1949.565,1949.881,1949.245,1949.561,109.4
2024-01-11T13:19:00+00:00,1949.561,1950.332,1949.184,1949.955,101.9
2024-01-11T13:20:00+00:00,1949.955,1950.471,1948.898,1949.415,120.5
2024-01-11T13:21:00+00:00,1949.415,1949.672,1949.320,1949.577,66.2
2024-01-11T13:22:00+00:00,1949.577,1949.974,1949.286,1949.683,111.4
2024-01-11T13:23:00+00:00,1949.683,1949.799,1949.353,1949.470,191.2
2024-01-11T13:24:00+00:00,1949.470,1950.510,1948.934,1949.975,75.3
2024-01-11T13:25:00+00:00,1949.975,1950.188,1949.589,1949.802,143.0
2024-01-11T13:26:00+00:00,1949.802,1950.557,1949.569,1950.325,136.0
2024-01-11T13:27:00+00:00,1950.325,1950.852,1949.726,1950.253,154.8
2024-01-11T13:28:00+00:00,1950.253,1951.090,1949.998,1950.836,137.7
2024-01-11T13:29:00+00:00,1950.836,1950.912,1950.580,1950.657,106.2
2024-01-11T13:30:00+00:00,1950.657,1950.717,1950.546,1950.606,102.0
2024-01-11T13:31:00+00:00,1950.606,1951.064,1950.242,1950.700,144.1
2024-01-11T13:32:00+00:00,1950.700,1951.212,1949.863,1950.375,143.5
2024-01-11T13:33:00+00:00,1950.375,1950.556,1950.073,1950.254,147.1
2024-01-11T13:34:00+00:00,1950.254,1950.785,1949.705,1950.236,131.8
2024-01-11T13:35:00+00:00,1950.236,1950.410,1949.562,1949.736,99.9
2024-01-11T13:36:00+00:00,1949.736,1950.202,1949.165,1949.631,197.7
2024-01-11T13:37:00+00:00,1949.631,1950.376,1949.476,1950.221,136.2
2024-01-11T13:38:00+00:00,1950.221,1950.867,1949.621,1950.267,159.5
2024-01-11T13:39:00+00:00,1950.267,1951.130,1950.089,1950.951,119.0
2024-01-11T13:40:00+00:00,1950.951,1951.053,1950.601,1950.702,94.7
2024-01-11T13:41:00+00:00,1950.702,1951.038,1949.966,1950.302,61.9
2024-01-11T13:42:00+00:00,1950.302,1950.971,1949.967,1950.636,112.2
2024-01-11T13:43:00+00:00,1950.636,1950.839,1949.726,1949.929,90.0
2024-01-11T13:44:00+00:00,1949.929,1951.035,1949.647,1950.752,126.7
2024-01-11T13:45:00+00:00,1950.752,1951.258,1950.466,1950.972,95.2
2024-01-11T13:46:00+00:00,1950.972,1951.159,1950.412,1950.599,128.1
2024-01-11T13:47:00+00:00,1950.599,1951.338,1950.201,1950.940,92.2
2024-01-11T13:48:00+00:00,1950.940,1951.102,1950.723,1950.885,128.6
2024-01-11T13:49:00+00:00,1950.885,1951.341,1950.806,1951.262,96.1
2024-01-11T13:50:00+00:00,1951.262,1951.492,1951.001,1951.231,100.8
2024-01-11T13:51:00+00:00,1951.231,1952.071,1951.022,1951.862,174.3
2024-01-11T13:52:00+00:00,1951.862,1951.930,1951.705,1951.773,83.2
2024-01-11T13:53:00+00:00,1951.773,1952.061,1951.552,1951.840,140.5
2024-01-11T13:54:00+00:00,1951.840,1951.916,1951.354,1951.430,146.1
2024-01-11T13:55:00+00:00,1951.430,1951.645,1951.034,1951.250,104.9
2024-01-11T13:56:00+00:00,1951.250,1951.445,1951.032,1951.227,77.0
2024-01-11T13:57:00+00:00,1951.227,1951.315,1950.830,1950.918,111.3
2024-01-11T13:58:00+00:00,1950.918,1951.113,1950.698,1950.892,145.0
2024-01-11T13:59:00+00:00,1950.892,1951.033,1950.670,1950.810,105.7
2024-01-11T14:00:00+00:00,1950.810,1951.300,1950.734,1951.224,132.1
2024-01-11T14:01:00+00:00,1951.224,1952.118,1951.074,1951.968,73.4
2024-01-11T14:02:00+00:00,1951.968,1952.097,1951.589,1951.718,81.8
2024-01-11T14:03:00+00:00,1951.718,1951.800,1951.101,1951.183,72.9
2024-01-11T14:04:00+00:00,1951.183,1951.677,1951.027,1951.521,110.6
2024-01-11T14:05:00+00:00,1951.521,1952.132,1951.305,1951.916,84.6
2024-01-11T14:06:00+00:00,1951.916,1952.246,1951.862,1952.192,113.1
2024-01-11T14:07:00+00:00,1952.192,1952.610,1952.106,1952.524,139.1
2024-01-11T14:08:00+00:00,1952.524,1952.905,1952.188,1952.568,135.5
2024-01-11T14:09:00+00:00,1952.568,1952.976,1951.969,1952.377,109.3
2024-01-11T14:10:00+00:00,1952.377,1953.295,1952.011,1952.929,121.2
2024-01-11T14:11:00+00:00,1952.929,1953.101,1951.951,1952.123,159.8
2024-01-11T14:12:00+00:00,1952.123,1952.290,1951.793,1951.960,113.3
2024-01-11T14:13:00+00:00,1951.960,1952.557,1951.831,1952.429,130.5
2024-01-11T14:14:00+00:00,1952.429,1953.193,1952.001,1952.764,139.6
2024-01-11T14:15:00+00:00,1952.764,1953.137,1952.406,1952.779,120.8
2024-01-11T14:16:00+00:00,1952.779,1953.012,1952.715,1952.948,91.4
2024-01-11T14:17:00+00:00,1952.948,1953.043,1952.645,1952.740,80.3
2024-01-11T14:18:00+00:00,1952.740,1952.908,1952.521,1952.689,172.1
2024-01-11T14:19:00+00:00,1952.689,1952.767,1952.492,1952.570,122.7
2024-01-11T14:20:00+00:00,1952.570,1953.217,1952.120,1952.767,69.6
2024-01-11T14:21:00+00:00,1952.767,1953.533,1952.515,1953.281,93.5
2024-01-11T14:22:00+00:00,1953.281,1953.759,1953.158,1953.635,96.7
2024-01-11T14:23:00+00:00,1953.635,1954.180,1953.312,1953.857,168.3
2024-01-11T14:24:00+00:00,1953.857,1953.989,1953.580,1953.713,119.6
2024-01-11T14:25:00+00:00,1953.713,1954.622,1953.432,1954.341,117.0
2024-01-11T14:26:00+00:00,1954.341,1955.575,1953.785,1955.019,105.8
2024-01-11T14:27:00+00:00,1955.019,1955.179,1954.916,1955.076,133.2
2024-01-11T14:28:00+00:00,1955.076,1955.754,1954.744,1955.423,101.1
2024-01-11T14:29:00+00:00,1955.423,1956.354,1954.907,1955.839,40.4
2024-01-11T14:30:00+00:00,1955.839,1956.273,1955.543,1955.977,100.4
2024-01-11T14:31:00+00:00,1955.977,1956.299,1955.311,1955.633,114.0
2024-01-11T14:32:00+00:00,1955.633,1955.859,1954.980,1955.206,100.1
2024-01-11T14:33:00+00:00,1955.206,1955.769,1954.780,1955.342,146.3
2024-01-11T14:34:00+00:00,1955.342,1955.806,1955.059,1955.522,127.7
2024-01-11T14:35:00+00:00,1955.522,1956.556,1955.241,1956.275,121.4
2024-01-11T14:36:00+00:00,1956.275,1956.907,1956.137,1956.768,124.4
2024-01-11T14:37:00+00:00,1956.768,1957.452,1956.607,1957.291,119.9
2024-01-11T14:38:00+00:00,1957.291,1957.424,1957.195,1957.328,113.2
2024-01-11T14:39:00+00:00,1957.328,1958.198,1956.763,1957.633,108.5
2024-01-11T14:40:00+00:00,1957.633,1957.798,1956.927,1957.092,80.2
2024-01-11T14:41:00+00:00,1957.092,1957.390,1956.305,1956.603,151.5
2024-01-11T14:42:00+00:00,1956.603,1956.832,1956.378,1956.606,116.8
2024-01-11T14:43:00+00:00,1956.606,1957.059,1956.459,1956.911,158.8
2024-01-11T14:44:00+00:00,1956.911,1957.262,1956.807,1957.157,77.8
2024-01-11T14:45:00+00:00,1957.157,1957.269,1956.614,1956.726,89.0
2024-01-11T14:46:00+00:00,1956.726,1956.816,1956.528,1956.618,159.5
2024-01-11T14:47:00+00:00,1956.618,1956.699,1956.249,1956.330,106.3
2024-01-11T14:48:00+00:00,1956.330,1956.489,1955.867,1956.026,147.8
2024-01-11T14:49:00+00:00,1956.026,1956.434,1955.070,1955.479,186.3
2024-01-11T14:50:00+00:00,1955.479,1955.658,1955.299,1955.478,90.1
2024-01-11T14:51:00+00:00,1955.478,1955.601,1955.161,1955.284,117.4
2024-01-11T14:52:00+00:00,1955.284,1955.960,1955.017,1955.692,112.9
2024-01-11T14:53:00+00:00,1955.692,1955.888,1955.625,1955.821,112.7
2024-01-11T14:54:00+00:00,1955.821,1955.971,1955.577,1955.728,64.8
2024-01-11T14:55:00+00:00,1955.728,1956.801,1955.499,1956.572,88.7
2024-01-11T14:56:00+00:00,1956.572,1956.901,1955.884,1956.213,132.5
2024-01-11T14:57:00+00:00,1956.213,1956.850,1954.877,1955.514,103.7
2024-01-11T14:58:00+00:00,1955.514,1956.074,1954.427,1954.987,119.9
2024-01-11T14:59:00+00:00,1954.987,1955.196,1954.891,1955.101,112.4
2024-01-11T15:00:00+00:00,1955.101,1956.270,1954.564,1955.733,127.4
2024-01-11T15:01:00+00:00,1955.733,1955.865,1955.287,1955.419,118.2
2024-01-11T15:02:00+00:00,1955.419,1955.622,1954.542,1954.745,125.8
2024-01-11T15:03:00+00:00,1954.745,1955.072,1954.553,1954.880,142.1
2024-01-11T15:04:00+00:00,1954.880,1955.121,1954.424,1954.665,158.8
2024-01-11T15:05:00+00:00,1954.665,1955.215,1954.272,1954.822,122.2
2024-01-11T15:06:00+00:00,1954.822,1955.353,1953.886,1954.417,125.8
2024-01-11T15:07:00+00:00,1954.417,1954.830,1953.502,1953.916,159.3
2024-01-11T15:08:00+00:00,1953.916,1954.068,1953.369,1953.520,110.6
2024-01-11T15:09:00+00:00,1953.520,1953.675,1953.255,1953.410,120.3
2024-01-11T15:10:00+00:00,1953.410,1954.154,1953.144,1953.889,134.9
2024-01-11T15:11:00+00:00,1953.889,1954.203,1953.679,1953.994,87.7
2024-01-11T15:12:00+00:00,1953.994,1954.187,1953.442,1953.635,124.7
2024-01-11T15:13:00+00:00,1953.635,1954.065,1953.496,1953.927,123.5
2024-01-11T15:14:00+00:00,1953.927,1954.035,1953.764,1953.872,121.4
2024-01-11T15:15:00+00:00,1953.872,1954.296,1953.617,1954.041,151.8
2024-01-11T15:16:00+00:00,1954.041,1954.594,1953.969,1954.523,136.4
2024-01-11T15:17:00+00:00,1954.523,1954.599,1953.978,1954.054,77.7
2024-01-11T15:18:00+00:00,1954.054,1954.387,1953.991,1954.324,151.1
2024-01-11T15:19:00+00:00,1954.324,1954.875,1954.099,1954.650,144.2
2024-01-11T15:20:00+00:00,1954.650,1955.701,1954.053,1955.105,117.2
2024-01-11T15:21:00+00:00,1955.105,1955.430,1954.903,1955.229,138.9
2024-01-11T15:22:00+00:00,1955.229,1955.774,1954.821,1955.366,115.9
2024-01-11T15:23:00+00:00,1955.366,1955.537,1955.153,1955.324,115.2
2024-01-11T15:24:00+00:00,1955.324,1956.547,1954.729,1955.953,71.0
2024-01-11T15:25:00+00:00,1955.953,1956.170,1955.498,1955.715,120.7
2024-01-11T15:26:00+00:00,1955.715,1956.214,1955.294,1955.792,137.3
2024-01-11T15:27:00+00:00,1955.792,1956.358,1955.349,1955.915,144.4
2024-01-11T15:28:00+00:00,1955.915,1956.145,1955.414,1955.644,87.7
2024-01-11T15:29:00+00:00,1955.644,1955.717,1955.340,1955.412,157.1
2024-01-11T15:30:00+00:00,1955.412,1955.972,1955.343,1955.902,137.3
2024-01-11T15:31:00+00:00,1955.902,1956.261,1955.422,1955.781,135.8
2024-01-11T15:32:00+00:00,1955.781,1956.225,1955.028,1955.472,96.1
2024-01-11T15:33:00+00:00,1955.472,1956.245,1955.146,1955.919,160.2
2024-01-11T15:34:00+00:00,1955.919,1955.985,1955.330,1955.396,134.7
2024-01-11T15:35:00+00:00,1955.396,1955.676,1954.913,1955.194,120.3
2024-01-11T15:36:00+00:00,1955.194,1955.904,1954.981,1955.690,125.9
2024-01-11T15:37:00+00:00,1955.690,1956.158,1955.355,1955.822,159.2
2024-01-11T15:38:00+00:00,1955.822,1956.086,1955.403,1955.667,91.9
2024-01-11T15:39:00+00:00,1955.667,1955.787,1955.504,1955.623,120.4
2024-01-11T15:40:00+00:00,1955.623,1956.286,1954.689,1955.351,100.1
2024-01-11T15:41:00+00:00,1955.351,1956.030,1955.097,1955.776,97.1
2024-01-11T15:42:00+00:00,1955.776,1956.091,1955.001,1955.317,73.1
2024-01-11T15:43:00+00:00,1955.317,1955.423,1954.863,1954.969,140.6
2024-01-11T15:44:00+00:00,1954.969,1955.128,1954.145,1954.304,116.9
2024-01-11T15:45:00+00:00,1954.304,1954.871,1953.670,1954.238,134.3
2024-01-11T15:46:00+00:00,1954.238,1954.730,1953.905,1954.397,111.8
2024-01-11T15:47:00+00:00,1954.397,1954.825,1954.329,1954.757,93.3
2024-01-11T15:48:00+00:00,1954.757,1955.159,1954.466,1954.868,126.9
2024-01-11T15:49:00+00:00,1954.868,1954.976,1954.684,1954.792,139.9
2024-01-11T15:50:00+00:00,1954.792,1954.918,1953.995,1954.120,83.0
2024-01-11T15:51:00+00:00,1954.120,1954.220,1953.776,1953.877,156.5
2024-01-11T15:52:00+00:00,1953.877,1954.152,1953.533,1953.808,198.8
2024-01-11T15:53:00+00:00,1953.808,1954.553,1953.109,1953.854,117.4
2024-01-11T15:54:00+00:00,1953.854,1954.050,1953.345,1953.541,150.6
2024-01-11T15:55:00+00:00,1953.541,1954.283,1953.466,1954.207,80.9
2024-01-11T15:56:00+00:00,1954.207,1954.509,1954.133,1954.435,108.3
2024-01-11T15:57:00+00:00,1954.435,1954.768,1954.107,1954.441,125.9
2024-01-11T15:58:00+00:00,1954.441,1954.839,1954.098,1954.496,178.2
2024-01-11T15:59:00+00:00,1954.496,1954.639,1954.075,1954.218,97.0
2024-01-11T16:00:00+00:00,1954.218,1954.551,1953.861,1954.195,138.9
2024-01-11T16:01:00+00:00,1954.195,1954.680,1953.545,1954.030,146.4
2024-01-11T16:02:00+00:00,1954.030,1954.454,1953.959,1954.382,158.9
2024-01-11T16:03:00+00:00,1954.382,1954.644,1954.007,1954.269,121.4
2024-01-11T16:04:00+00:00,1954.269,1954.696,1953.777,1954.204,148.7
2024-01-11T16:05:00+00:00,1954.204,1954.538,1954.005,1954.339,122.2
2024-01-11T16:06:00+00:00,1954.339,1954.688,1954.131,1954.480,60.1
2024-01-11T16:07:00+00:00,1954.480,1955.224,1954.184,1954.927,176.1
2024-01-11T16:08:00+00:00,1954.927,1955.338,1954.841,1955.252,126.2
2024-01-11T16:09:00+00:00,1955.252,1955.435,1955.105,1955.287,164.7
2024-01-11T16:10:00+00:00,1955.287,1955.466,1954.819,1954.997,113.4
2024-01-11T16:11:00+00:00,1954.997,1955.301,1954.090,1954.393,85.5
2024-01-11T16:12:00+00:00,1954.393,1955.129,1954.109,1954.845,179.0
2024-01-11T16:13:00+00:00,1954.845,1954.967,1954.459,1954.581,107.0
2024-01-11T16:14:00+00:00,1954.581,1955.057,1954.314,1954.790,110.8
2024-01-11T16:15:00+00:00,1954.790,1954.853,1953.874,1953.936,126.4
2024-01-11T16:16:00+00:00,1953.936,1954.806,1953.683,1954.553,148.5
2024-01-11T16:17:00+00:00,1954.553,1954.955,1954.286,1954.689,87.7
2024-01-11T16:18:00+00:00,1954.689,1954.855,1953.275,1953.442,148.4
2024-01-11T16:19:00+00:00,1953.442,1953.847,1953.037,1953.442,183.9
2024-01-11T16:20:00+00:00,1953.442,1953.590,1952.996,1953.144,165.0
2024-01-11T16:21:00+00:00,1953.144,1953.805,1951.852,1952.512,128.3
2024-01-11T16:22:00+00:00,1952.512,1952.991,1952.088,1952.567,141.7
2024-01-11T16:23:00+00:00,1952.567,1952.754,1952.308,1952.495,66.1
2024-01-11T16:24:00+00:00,1952.495,1952.815,1952.297,1952.617,109.0
2024-01-11T16:25:00+00:00,1952.617,1953.218,1952.070,1952.671,117.7
2024-01-11T16:26:00+00:00,1952.671,1953.214,1951.858,1952.401,116.8
2024-01-11T16:27:00+00:00,1952.401,1953.024,1952.111,1952.734,73.4
2024-01-11T16:28:00+00:00,1952.734,1953.115,1952.600,1952.981,80.8
2024-01-11T16:29:00+00:00,1952.981,1953.472,1952.804,1953.295,69.2
2024-01-11T16:30:00+00:00,1953.295,1953.841,1952.614,1953.160,123.6
2024-01-11T16:31:00+00:00,1953.160,1953.413,1952.381,1952.634,161.5
2024-01-11T16:32:00+00:00,1952.634,1953.320,1952.412,1953.097,75.8
2024-01-11T16:33:00+00:00,1953.097,1953.581,1952.847,1953.330,105.2
2024-01-11T16:34:00+00:00,1953.330,1953.650,1952.784,1953.104,135.3
2024-01-11T16:35:00+00:00,1953.104,1953.407,1952.947,1953.250,104.9
2024-01-11T16:36:00+00:00,1953.250,1953.767,1953.051,1953.568,112.0
2024-01-11T16:37:00+00:00,1953.568,1953.800,1953.476,1953.708,149.7
2024-01-11T16:38:00+00:00,1953.708,1954.061,1953.496,1953.849,188.7
2024-01-11T16:39:00+00:00,1953.849,1954.419,1953.037,1953.607,81.8
2024-01-11T16:40:00+00:00,1953.607,1954.277,1952.613,1953.283,100.4
2024-01-11T16:41:00+00:00,1953.283,1953.510,1952.723,1952.951,158.1
2024-01-11T16:42:00+00:00,1952.951,1953.882,1952.770,1953.702,152.0
2024-01-11T16:43:00+00:00,1953.702,1954.206,1953.080,1953.585,4.8
2024-01-11T16:44:00+00:00,1953.585,1954.119,1952.876,1953.410,146.1
2024-01-11T16:45:00+00:00,1953.410,1953.624,1952.817,1953.031,100.1
2024-01-11T16:46:00+00:00,1953.031,1953.435,1952.744,1953.148,132.2
2024-01-11T16:47:00+00:00,1953.148,1953.880,1953.003,1953.735,78.9
2024-01-11T16:48:00+00:00,1953.735,1953.821,1953.328,1953.413,144.3
2024-01-11T16:49:00+00:00,1953.413,1953.687,1952.654,1952.928,71.3
2024-01-11T16:50:00+00:00,1952.928,1953.614,1952.803,1953.490,130.0
2024-01-11T16:51:00+00:00,1953.490,1954.018,1952.757,1953.285,137.6
2024-01-11T16:52:00+00:00,1953.285,1953.643,1952.844,1953.202,137.8
2024-01-11T16:53:00+00:00,1953.202,1953.340,1952.915,1953.053,120.4
2024-01-11T16:54:00+00:00,1953.053,1953.892,1952.647,1953.486,70.9
2024-01-11T16:55:00+00:00,1953.486,1953.991,1953.171,1953.676,164.2
2024-01-11T16:56:00+00:00,1953.676,1954.257,1953.249,1953.829,144.7
2024-01-11T16:57:00+00:00,1953.829,1954.138,1953.531,1953.841,71.7
2024-01-11T16:58:00+00:00,1953.841,1953.909,1953.190,1953.258,81.9
2024-01-11T16:59:00+00:00,1953.258,1953.422,1953.172,1953.336,139.6
2024-01-11T17:00:00+00:00,1953.336,1953.873,1953.055,1953.592,109.1
2024-01-11T17:01:00+00:00,1953.592,1954.014,1953.385,1953.807,151.0
2024-01-11T17:02:00+00:00,1953.807,1954.248,1953.529,1953.969,102.5
2024-01-11T17:03:00+00:00,1953.969,1954.301,1953.869,1954.200,126.8
2024-01-11T17:04:00+00:00,1954.200,1954.566,1954.010,1954.375,118.9
2024-01-11T17:05:00+00:00,1954.375,1954.595,1953.266,1953.485,139.0
2024-01-11T17:06:00+00:00,1953.485,1954.070,1952.479,1953.065,77.7
2024-01-11T17:07:00+00:00,1953.065,1953.283,1952.695,1952.913,136.3
2024-01-11T17:08:00+00:00,1952.913,1953.066,1952.225,1952.378,83.9
2024-01-11T17:09:00+00:00,1952.378,1952.869,1952.229,1952.719,100.7
2024-01-11T17:10:00+00:00,1952.719,1952.789,1952.445,1952.514,103.1
2024-01-11T17:11:00+00:00,1952.514,1953.011,1952.387,1952.884,102.7
2024-01-11T17:12:00+00:00,1952.884,1953.397,1952.484,1952.998,124.9
2024-01-11T17:13:00+00:00,1952.998,1953.187,1952.648,1952.836,118.2
2024-01-11T17:14:00+00:00,1952.836,1953.295,1952.415,1952.873,131.1
2024-01-11T17:15:00+00:00,1952.873,1954.128,1952.625,1953.881,101.9
2024-01-11T17:16:00+00:00,1953.881,1954.434,1953.409,1953.962,88.4
2024-01-11T17:17:00+00:00,1953.962,1954.643,1953.827,1954.508,177.9
2024-01-11T17:18:00+00:00,1954.508,1954.824,1953.866,1954.182,103.4
2024-01-11T17:19:00+00:00,1954.182,1954.856,1953.911,1954.585,130.3
2024-01-11T17:20:00+00:00,1954.585,1954.901,1953.942,1954.258,131.2
2024-01-11T17:21:00+00:00,1954.258,1954.447,1953.640,1953.828,114.8
2024-01-11T17:22:00+00:00,1953.828,1954.128,1953.448,1953.748,126.4
2024-01-11T17:23:00+00:00,1953.748,1954.265,1953.494,1954.012,144.6
2024-01-11T17:24:00+00:00,1954.012,1954.090,1953.272,1953.350,128.0
2024-01-11T17:25:00+00:00,1953.350,1953.440,1952.876,1952.966,79.9
2024-01-11T17:26:00+00:00,1952.966,1953.716,1952.816,1953.565,152.1
2024-01-11T17:27:00+00:00,1953.565,1954.162,1952.594,1953.191,117.4
2024-01-11T17:28:00+00:00,1953.191,1953.698,1953.099,1953.607,154.0
2024-01-11T17:29:00+00:00,1953.607,1953.840,1953.475,1953.708,152.2
2024-01-11T17:30:00+00:00,1953.708,1953.863,1953.313,1953.468,152.2
2024-01-11T17:31:00+00:00,1953.468,1953.768,1953.289,1953.589,86.9
2024-01-11T17:32:00+00:00,1953.589,1954.928,1952.715,1954.054,146.7
2024-01-11T17:33:00+00:00,1954.054,1954.416,1953.598,1953.959,132.4
2024-01-11T17:34:00+00:00,1953.959,1954.713,1953.328,1954.082,128.7
2024-01-11T17:35:00+00:00,1954.082,1954.355,1952.870,1953.143,143.3
2024-01-11T17:36:00+00:00,1953.143,1953.208,1952.875,1952.940,117.8
2024-01-11T17:37:00+00:00,1952.940,1953.541,1952.810,1953.411,115.2
2024-01-11T17:38:00+00:00,1953.411,1953.717,1952.850,1953.157,100.2
2024-01-11T17:39:00+00:00,1953.157,1953.415,1953.005,1953.264,142.8
2024-01-11T17:40:00+00:00,1953.264,1953.611,1953.142,1953.490,176.9
2024-01-11T17:41:00+00:00,1953.490,1953.958,1953.261,1953.729,92.2
2024-01-11T17:42:00+00:00,1953.729,1954.117,1953.069,1953.457,88.7
2024-01-11T17:43:00+00:00,1953.457,1954.130,1953.304,1953.976,101.9
2024-01-11T17:44:00+00:00,1953.976,1954.052,1953.530,1953.606,141.9
2024-01-11T17:45:00+00:00,1953.606,1953.828,1953.316,1953.539,125.1
2024-01-11T17:46:00+00:00,1953.539,1954.128,1953.365,1953.954,116.4
2024-01-11T17:47:00+00:00,1953.954,1954.078,1953.386,1953.510,89.5
2024-01-11T17:48:00+00:00,1953.510,1953.617,1952.862,1952.969,139.6
2024-01-11T17:49:00+00:00,1952.969,1953.320,1951.777,1952.128,77.2
2024-01-11T17:50:00+00:00,1952.128,1952.406,1951.934,1952.213,129.4
2024-01-11T17:51:00+00:00,1952.213,1952.443,1951.875,1952.106,125.7
2024-01-11T17:52:00+00:00,1952.106,1952.215,1951.671,1951.781,131.6
2024-01-11T17:53:00+00:00,1951.781,1952.116,1951.314,1951.650,53.4
2024-01-11T17:54:00+00:00,1951.650,1951.953,1950.782,1951.085,104.1
2024-01-11T17:55:00+00:00,1951.085,1951.264,1950.699,1950.878,118.1
2024-01-11T17:56:00+00:00,1950.878,1951.019,1950.647,1950.788,146.4
2024-01-11T17:57:00+00:00,1950.788,1951.958,1950.239,1951.409,116.5
2024-01-11T17:58:00+00:00,1951.409,1951.512,1950.975,1951.078,91.7
2024-01-11T17:59:00+00:00,1951.078,1951.195,1950.945,1951.062,118.7
2024-01-11T18:00:00+00:00,1951.062,1951.318,1950.845,1951.101,90.3
2024-01-11T18:01:00+00:00,1951.101,1951.400,1950.745,1951.043,148.4
2024-01-11T18:02:00+00:00,1951.043,1951.590,1950.782,1951.328,101.4
2024-01-11T18:03:00+00:00,1951.328,1951.690,1951.277,1951.638,128.9
2024-01-11T18:04:00+00:00,1951.638,1951.920,1951.202,1951.484,125.1
2024-01-11T18:05:00+00:00,1951.484,1951.622,1950.952,1951.090,109.3
2024-01-11T18:06:00+00:00,1951.090,1951.283,1950.771,1950.965,124.3
2024-01-11T18:07:00+00:00,1950.965,1951.288,1950.396,1950.719,106.3
2024-01-11T18:08:00+00:00,1950.719,1951.073,1950.283,1950.637,102.6
2024-01-11T18:09:00+00:00,1950.637,1951.622,1950.438,1951.423,121.8
2024-01-11T18:10:00+00:00,1951.423,1951.556,1950.846,1950.979,127.1
2024-01-11T18:11:00+00:00,1950.979,1951.442,1950.532,1950.995,121.0
2024-01-11T18:12:00+00:00,1950.995,1951.322,1950.307,1950.634,117.3
2024-01-11T18:13:00+00:00,1950.634,1951.291,1950.498,1951.156,84.4
2024-01-11T18:14:00+00:00,1951.156,1951.602,1950.981,1951.428,117.0
2024-01-11T18:15:00+00:00,1951.428,1951.782,1951.067,1951.420,155.7
2024-01-11T18:16:00+00:00,1951.420,1951.743,1951.108,1951.430,81.5
2024-01-11T18:17:00+00:00,1951.430,1951.888,1951.094,1951.552,132.3
2024-01-11T18:18:00+00:00,1951.552,1951.771,1951.395,1951.614,151.0
2024-01-11T18:19:00+00:00,1951.614,1952.002,1951.377,1951.765,101.3
2024-01-11T18:20:00+00:00,1951.765,1952.108,1950.672,1951.014,204.5
2024-01-11T18:21:00+00:00,1951.014,1951.168,1950.776,1950.930,143.2
2024-01-11T18:22:00+00:00,1950.930,1951.523,1950.224,1950.818,91.5
2024-01-11T18:23:00+00:00,1950.818,1951.248,1950.046,1950.477,147.8
2024-01-11T18:24:00+00:00,1950.477,1950.760,1950.400,1950.684,118.8
2024-01-11T18:25:00+00:00,1950.684,1950.844,1950.532,1950.692,101.7
2024-01-11T18:26:00+00:00,1950.692,1951.485,1950.200,1950.992,105.2
2024-01-11T18:27:00+00:00,1950.992,1951.072,1950.531,1950.611,194.9
2024-01-11T18:28:00+00:00,1950.611,1951.003,1949.861,1950.253,101.1
2024-01-11T18:29:00+00:00,1950.253,1950.559,1949.636,1949.942,114.8
2024-01-11T18:30:00+00:00,1949.942,1950.171,1949.656,1949.885,152.0
2024-01-11T18:31:00+00:00,1949.885,1950.342,1949.468,1949.925,99.6
2024-01-11T18:32:00+00:00,1949.925,1950.149,1949.487,1949.711,138.5
2024-01-11T18:33:00+00:00,1949.711,1949.833,1948.930,1949.053,141.0
2024-01-11T18:34:00+00:00,1949.053,1949.559,1948.452,1948.957,75.5
2024-01-11T18:35:00+00:00,1948.957,1949.233,1948.709,1948.985,71.8
2024-01-11T18:36:00+00:00,1948.985,1949.050,1948.800,1948.864,108.3
2024-01-11T18:37:00+00:00,1948.864,1949.116,1948.344,1948.597,88.5
2024-01-11T18:38:00+00:00,1948.597,1948.999,1947.945,1948.348,152.9
2024-01-11T18:39:00+00:00,1948.348,1948.803,1947.328,1947.783,92.3
2024-01-11T18:40:00+00:00,1947.783,1948.247,1947.259,1947.723,90.0
2024-01-11T18:41:00+00:00,1947.723,1948.501,1947.367,1948.145,106.2
2024-01-11T18:42:00+00:00,1948.145,1948.421,1948.008,1948.284,129.5
2024-01-11T18:43:00+00:00,1948.284,1948.771,1947.864,1948.351,71.4
2024-01-11T18:44:00+00:00,1948.351,1948.624,1947.805,1948.077,78.6
2024-01-11T18:45:00+00:00,1948.077,1948.703,1947.163,1947.789,161.1
2024-01-11T18:46:00+00:00,1947.789,1947.983,1947.715,1947.910,115.4
2024-01-11T18:47:00+00:00,1947.910,1948.165,1947.298,1947.554,90.6
2024-01-11T18:48:00+00:00,1947.554,1947.640,1946.999,1947.086,132.0
2024-01-11T18:49:00+00:00,1947.086,1947.168,1946.627,1946.709,80.2
2024-01-11T18:50:00+00:00,1946.709,1946.913,1946.581,1946.784,118.1
2024-01-11T18:51:00+00:00,1946.784,1947.166,1946.427,1946.808,126.8
2024-01-11T18:52:00+00:00,1946.808,1946.902,1946.452,1946.545,131.2
2024-01-11T18:53:00+00:00,1946.545,1946.987,1946.247,1946.689,95.6
2024-01-11T18:54:00+00:00,1946.689,1946.901,1946.034,1946.246,88.1
2024-01-11T18:55:00+00:00,1946.246,1947.054,1945.553,1946.361,158.3
2024-01-11T18:56:00+00:00,1946.361,1946.615,1945.573,1945.827,131.1
2024-01-11T18:57:00+00:00,1945.827,1946.042,1945.466,1945.681,127.9
2024-01-11T18:58:00+00:00,1945.681,1945.935,1945.487,1945.741,75.8
2024-01-11T18:59:00+00:00,1945.741,1946.484,1945.357,1946.100,93.7
2024-01-11T19:00:00+00:00,1946.100,1946.155,1945.197,1945.251,131.5
2024-01-11T19:01:00+00:00,1945.251,1945.584,1944.741,1945.073,54.4
2024-01-11T19:02:00+00:00,1945.073,1945.544,1944.735,1945.207,109.7
2024-01-11T19:03:00+00:00,1945.207,1945.311,1945.142,1945.246,133.0
2024-01-11T19:04:00+00:00,1945.246,1945.977,1945.012,1945.743,91.3
2024-01-11T19:05:00+00:00,1945.743,1945.846,1945.578,1945.681,94.5
2024-01-11T19:06:00+00:00,1945.681,1945.989,1945.538,1945.846,126.8
2024-01-11T19:07:00+00:00,1945.846,1946.574,1945.299,1946.027,102.1
2024-01-11T19:08:00+00:00,1946.027,1946.812,1945.428,1946.214,165.4
2024-01-11T19:09:00+00:00,1946.214,1946.497,1945.990,1946.274,125.5
2024-01-11T19:10:00+00:00,1946.274,1946.425,1945.863,1946.014,71.1
2024-01-11T19:11:00+00:00,1946.014,1946.538,1945.341,1945.865,150.6
2024-01-11T19:12:00+00:00,1945.865,1946.133,1945.717,1945.985,121.1
2024-01-11T19:13:00+00:00,1945.985,1946.094,1945.871,1945.981,129.5
2024-01-11T19:14:00+00:00,1945.981,1946.151,1945.698,1945.868,97.0
2024-01-11T19:15:00+00:00,1945.868,1946.317,1945.395,1945.845,96.1
2024-01-11T19:16:00+00:00,1945.845,1946.139,1945.228,1945.523,129.2
2024-01-11T19:17:00+00:00,1945.523,1945.625,1945.428,1945.530,108.4
2024-01-11T19:18:00+00:00,1945.530,1945.716,1945.115,1945.300,125.2
2024-01-11T19:19:00+00:00,1945.300,1945.639,1945.142,1945.481,188.6
2024-01-11T19:20:00+00:00,1945.481,1945.893,1945.044,1945.456,124.5
2024-01-11T19:21:00+00:00,1945.456,1946.491,1945.171,1946.207,97.9
2024-01-11T19:22:00+00:00,1946.207,1946.865,1946.021,1946.679,149.1
2024-01-11T19:23:00+00:00,1946.679,1946.817,1946.228,1946.365,125.7
2024-01-11T19:24:00+00:00,1946.365,1947.372,1945.779,1946.786,65.3
2024-01-11T19:25:00+00:00,1946.786,1947.318,1946.555,1947.087,105.5
2024-01-11T19:26:00+00:00,1947.087,1947.571,1946.581,1947.064,109.3
2024-01-11T19:27:00+00:00,1947.064,1947.327,1946.522,1946.785,128.7
2024-01-11T19:28:00+00:00,1946.785,1947.137,1946.325,1946.677,101.7
2024-01-11T19:29:00+00:00,1946.677,1947.004,1946.574,1946.901,135.0
2024-01-11T19:30:00+00:00,1946.901,1947.315,1946.333,1946.747,107.8
2024-01-11T19:31:00+00:00,1946.747,1947.657,1946.505,1947.416,95.9
2024-01-11T19:32:00+00:00,1947.416,1947.815,1946.812,1947.211,162.3
2024-01-11T19:33:00+00:00,1947.211,1947.303,1946.646,1946.738,140.2
2024-01-11T19:34:00+00:00,1946.738,1947.706,1946.508,1947.476,114.5
2024-01-11T19:35:00+00:00,1947.476,1947.832,1947.405,1947.761,95.2
2024-01-11T19:36:00+00:00,1947.761,1947.856,1947.596,1947.691,114.1
2024-01-11T19:37:00+00:00,1947.691,1947.828,1947.539,1947.677,97.7
2024-01-11T19:38:00+00:00,1947.677,1948.283,1947.240,1947.847,139.4
2024-01-11T19:39:00+00:00,1947.847,1948.130,1947.693,1947.977,76.2
2024-01-11T19:40:00+00:00,1947.977,1948.091,1947.640,1947.754,133.6
2024-01-11T19:41:00+00:00,1947.754,1948.390,1947.340,1947.976,122.2
2024-01-11T19:42:00+00:00,1947.976,1948.613,1947.645,1948.281,85.4
2024-01-11T19:43:00+00:00,1948.281,1948.393,1947.963,1948.075,113.6
2024-01-11T19:44:00+00:00,1948.075,1948.572,1947.940,1948.437,65.5
2024-01-11T19:45:00+00:00,1948.437,1948.750,1948.362,1948.675,147.6
2024-01-11T19:46:00+00:00,1948.675,1949.089,1948.195,1948.609,124.5
2024-01-11T19:47:00+00:00,1948.609,1948.943,1948.063,1948.397,149.8
2024-01-11T19:48:00+00:00,1948.397,1948.874,1947.817,1948.294,144.5
2024-01-11T19:49:00+00:00,1948.294,1949.262,1947.747,1948.715,139.0
2024-01-11T19:50:00+00:00,1948.715,1949.378,1948.214,1948.878,155.4
2024-01-11T19:51:00+00:00,1948.878,1949.039,1948.414,1948.576,144.2
2024-01-11T19:52:00+00:00,1948.576,1949.006,1947.596,1948.026,134.5
2024-01-11T19:53:00+00:00,1948.026,1948.545,1947.766,1948.286,147.1
2024-01-11T19:54:00+00:00,1948.286,1948.397,1948.102,1948.214,121.3
2024-01-11T19:55:00+00:00,1948.214,1948.709,1947.803,1948.298,122.0
2024-01-11T19:56:00+00:00,1948.298,1948.806,1947.856,1948.364,169.1
2024-01-11T19:57:00+00:00,1948.364,1949.449,1948.150,1949.236,122.0
2024-01-11T19:58:00+00:00,1949.236,1949.549,1948.519,1948.832,85.0
2024-01-11T19:59:00+00:00,1948.832,1949.365,1948.575,1949.108,127.8
2024-01-11T20:00:00+00:00,1949.108,1949.402,1948.611,1948.905,156.9
2024-01-11T20:01:00+00:00,1948.905,1949.405,1948.694,1949.194,154.5
2024-01-11T20:02:00+00:00,1949.194,1949.962,1948.942,1949.710,127.9
2024-01-11T20:03:00+00:00,1949.710,1949.774,1949.383,1949.447,115.5
2024-01-11T20:04:00+00:00,1949.447,1949.695,1949.182,1949.430,82.9
2024-01-11T20:05:00+00:00,1949.430,1949.548,1948.360,1948.478,154.3
2024-01-11T20:06:00+00:00,1948.478,1948.919,1947.849,1948.290,185.2
2024-01-11T20:07:00+00:00,1948.290,1948.389,1948.183,1948.282,137.9
2024-01-11T20:08:00+00:00,1948.282,1948.892,1947.873,1948.483,134.6
2024-01-11T20:09:00+00:00,1948.483,1948.787,1947.422,1947.726,129.1
2024-01-11T20:10:00+00:00,1947.726,1948.108,1947.395,1947.776,121.6
2024-01-11T20:11:00+00:00,1947.776,1948.643,1947.334,1948.201,139.4
2024-01-11T20:12:00+00:00,1948.201,1948.943,1947.830,1948.572,154.5
2024-01-11T20:13:00+00:00,1948.572,1948.823,1948.450,1948.701,123.0
2024-01-11T20:14:00+00:00,1948.701,1948.780,1948.555,1948.634,114.3
2024-01-11T20:15:00+00:00,1948.634,1948.903,1948.074,1948.343,174.0
2024-01-11T20:16:00+00:00,1948.343,1948.771,1947.796,1948.224,98.0
2024-01-11T20:17:00+00:00,1948.224,1948.429,1947.538,1947.743,129.7
2024-01-11T20:18:00+00:00,1947.743,1948.114,1947.471,1947.842,108.8
2024-01-11T20:19:00+00:00,1947.842,1948.608,1947.407,1948.174,130.3
2024-01-11T20:20:00+00:00,1948.174,1948.945,1947.479,1948.250,101.5
2024-01-11T20:21:00+00:00,1948.250,1949.193,1947.741,1948.685,97.4
2024-01-11T20:22:00+00:00,1948.685,1948.883,1947.583,1947.782,82.7
2024-01-11T20:23:00+00:00,1947.782,1947.975,1947.414,1947.607,111.2
2024-01-11T20:24:00+00:00,1947.607,1947.843,1946.994,1947.231,128.8
2024-01-11T20:25:00+00:00,1947.231,1947.658,1946.312,1946.739,185.7
2024-01-11T20:26:00+00:00,1946.739,1947.002,1946.616,1946.878,71.4
2024-01-11T20:27:00+00:00,1946.878,1947.917,1946.580,1947.619,126.2
2024-01-11T20:28:00+00:00,1947.619,1947.891,1947.406,1947.679,123.7
2024-01-11T20:29:00+00:00,1947.679,1948.221,1946.951,1947.494,80.5
2024-01-11T20:30:00+00:00,1947.494,1947.657,1947.070,1947.233,132.5
2024-01-11T20:31:00+00:00,1947.233,1947.905,1947.126,1947.798,188.9
2024-01-11T20:32:00+00:00,1947.798,1947.897,1947.502,1947.601,113.6
2024-01-11T20:33:00+00:00,1947.601,1947.668,1946.915,1946.982,116.2
2024-01-11T20:34:00+00:00,1946.982,1947.243,1946.391,1946.652,131.5
2024-01-11T20:35:00+00:00,1946.652,1946.913,1946.261,1946.522,131.7
2024-01-11T20:36:00+00:00,1946.522,1946.767,1945.957,1946.202,105.6
2024-01-11T20:37:00+00:00,1946.202,1946.638,1946.083,1946.518,117.7
2024-01-11T20:38:00+00:00,1946.518,1946.741,1946.133,1946.356,115.2
2024-01-11T20:39:00+00:00,1946.356,1946.720,1946.267,1946.632,148.3
2024-01-11T20:40:00+00:00,1946.632,1946.849,1946.264,1946.481,131.6
2024-01-11T20:41:00+00:00,1946.481,1946.643,1946.232,1946.393,166.4
2024-01-11T20:42:00+00:00,1946.393,1946.619,1945.950,1946.176,110.0
2024-01-11T20:43:00+00:00,1946.176,1947.044,1945.804,1946.672,158.1
2024-01-11T20:44:00+00:00,1946.672,1946.922,1946.543,1946.794,109.9
2024-01-11T20:45:00+00:00,1946.794,1947.331,1945.985,1946.522,94.5
2024-01-11T20:46:00+00:00,1946.522,1946.955,1945.571,1946.004,106.9
2024-01-11T20:47:00+00:00,1946.004,1946.480,1945.726,1946.202,112.6
2024-01-11T20:48:00+00:00,1946.202,1946.281,1945.816,1945.894,130.7
2024-01-11T20:49:00+00:00,1945.894,1946.501,1945.707,1946.314,134.1
2024-01-11T20:50:00+00:00,1946.314,1946.978,1946.058,1946.723,133.1
2024-01-11T20:51:00+00:00,1946.723,1947.154,1946.484,1946.915,91.5
2024-01-11T20:52:00+00:00,1946.915,1947.011,1946.472,1946.568,68.3
2024-01-11T20:53:00+00:00,1946.568,1946.706,1946.327,1946.464,132.6
2024-01-11T20:54:00+00:00,1946.464,1947.049,1946.059,1946.644,51.4
2024-01-11T20:55:00+00:00,1946.644,1946.837,1946.521,1946.714,166.6
2024-01-11T20:56:00+00:00,1946.714,1946.894,1946.276,1946.456,114.6
2024-01-11T20:57:00+00:00,1946.456,1946.555,1946.018,1946.117,152.2
2024-01-11T20:58:00+00:00,1946.117,1946.214,1945.850,1945.948,150.1
2024-01-11T20:59:00+00:00,1945.948,1946.083,1945.743,1945.878,131.9
2024-01-11T21:00:00+00:00,1945.878,1946.152,1945.700,1945.975,154.1
2024-01-11T21:01:00+00:00,1945.975,1946.476,1945.630,1946.131,73.5
2024-01-11T21:02:00+00:00,1946.131,1946.631,1945.549,1946.049,119.8
2024-01-11T21:03:00+00:00,1946.049,1946.154,1945.789,1945.894,139.0
2024-01-11T21:04:00+00:00,1945.894,1946.610,1945.543,1946.259,140.6
2024-01-11T21:05:00+00:00,1946.259,1946.561,1946.025,1946.327,155.9
2024-01-11T21:06:00+00:00,1946.327,1946.635,1945.229,1945.537,132.8
2024-01-11T21:07:00+00:00,1945.537,1945.628,1945.169,1945.260,155.1
2024-01-11T21:08:00+00:00,1945.260,1945.558,1944.414,1944.712,141.3
2024-01-11T21:09:00+00:00,1944.712,1945.601,1944.450,1945.339,104.1
2024-01-11T21:10:00+00:00,1945.339,1945.724,1945.242,1945.626,130.2
2024-01-11T21:11:00+00:00,1945.626,1946.234,1944.098,1944.705,66.3
2024-01-11T21:12:00+00:00,1944.705,1944.906,1943.909,1944.111,132.7
2024-01-11T21:13:00+00:00,1944.111,1944.699,1943.241,1943.829,139.6
2024-01-11T21:14:00+00:00,1943.829,1944.120,1943.570,1943.861,122.2
2024-01-11T21:15:00+00:00,1943.861,1944.167,1943.357,1943.663,144.3
2024-01-11T21:16:00+00:00,1943.663,1943.747,1943.536,1943.620,83.0
2024-01-11T21:17:00+00:00,1943.620,1943.749,1943.248,1943.377,104.6
2024-01-11T21:18:00+00:00,1943.377,1943.532,1943.295,1943.449,112.0
2024-01-11T21:19:00+00:00,1943.449,1943.583,1943.266,1943.399,153.8
2024-01-11T21:20:00+00:00,1943.399,1943.716,1942.681,1942.998,144.1
2024-01-11T21:21:00+00:00,1942.998,1943.487,1942.803,1943.291,129.3
2024-01-11T21:22:00+00:00,1943.291,1944.317,1942.927,1943.953,142.3
2024-01-11T21:23:00+00:00,1943.953,1944.385,1943.442,1943.874,127.1
2024-01-11T21:24:00+00:00,1943.874,1944.302,1943.689,1944.118,104.1
2024-01-11T21:25:00+00:00,1944.118,1945.071,1943.751,1944.705,106.9
2024-01-11T21:26:00+00:00,1944.705,1945.049,1944.239,1944.583,136.2
2024-01-11T21:27:00+00:00,1944.583,1944.636,1944.109,1944.162,115.6
2024-01-11T21:28:00+00:00,1944.162,1944.274,1943.280,1943.392,74.1
2024-01-11T21:29:00+00:00,1943.392,1944.038,1942.773,1943.420,106.5
2024-01-11T21:30:00+00:00,1943.420,1943.801,1943.276,1943.657,150.4
2024-01-11T21:31:00+00:00,1943.657,1944.467,1943.446,1944.256,116.9
2024-01-11T21:32:00+00:00,1944.256,1944.489,1943.950,1944.183,82.8
2024-01-11T21:33:00+00:00,1944.183,1944.249,1943.765,1943.831,176.2
2024-01-11T21:34:00+00:00,1943.831,1943.969,1943.290,1943.428,98.1
2024-01-11T21:35:00+00:00,1943.428,1943.825,1943.308,1943.706,121.8
2024-01-11T21:36:00+00:00,1943.706,1944.070,1943.614,1943.978,70.7
2024-01-11T21:37:00+00:00,1943.978,1944.842,1943.887,1944.751,132.3
2024-01-11T21:38:00+00:00,1944.751,1945.218,1944.517,1944.984,105.0
2024-01-11T21:39:00+00:00,1944.984,1945.157,1944.566,1944.739,135.1
2024-01-11T21:40:00+00:00,1944.739,1945.137,1944.379,1944.777,94.8
2024-01-11T21:41:00+00:00,1944.777,1945.166,1943.897,1944.286,100.1
2024-01-11T21:42:00+00:00,1944.286,1944.557,1944.087,1944.358,66.9
2024-01-11T21:43:00+00:00,1944.358,1944.732,1944.236,1944.610,171.4
2024-01-11T21:44:00+00:00,1944.610,1945.282,1944.200,1944.871,132.2
2024-01-11T21:45:00+00:00,1944.871,1945.096,1944.758,1944.983,100.3
2024-01-11T21:46:00+00:00,1944.983,1945.536,1944.885,1945.438,101.7
2024-01-11T21:47:00+00:00,1945.438,1945.563,1944.695,1944.820,80.6
2024-01-11T21:48:00+00:00,1944.820,1945.310,1943.817,1944.307,116.4
2024-01-11T21:49:00+00:00,1944.307,1944.988,1944.006,1944.687,145.3
2024-01-11T21:50:00+00:00,1944.687,1945.015,1944.196,1944.524,113.6
2024-01-11T21:51:00+00:00,1944.524,1944.699,1944.425,1944.600,113.4
2024-01-11T21:52:00+00:00,1944.600,1945.024,1944.203,1944.628,148.6
2024-01-11T21:53:00+00:00,1944.628,1944.692,1944.173,1944.238,95.7
2024-01-11T21:54:00+00:00,1944.238,1944.844,1944.067,1944.673,91.8
2024-01-11T21:55:00+00:00,1944.673,1944.919,1944.328,1944.574,84.7
2024-01-11T21:56:00+00:00,1944.574,1944.738,1943.959,1944.123,140.0
2024-01-11T21:57:00+00:00,1944.123,1944.379,1942.845,1943.102,192.3
2024-01-11T21:58:00+00:00,1943.102,1943.413,1942.718,1943.029,114.6
2024-01-11T21:59:00+00:00,1943.029,1943.196,1942.230,1942.397,141.6
2024-01-11T22:00:00+00:00,1942.397,1942.502,1941.907,1942.011,99.3
2024-01-11T22:01:00+00:00,1942.011,1942.817,1941.383,1942.189,125.1
2024-01-11T22:02:00+00:00,1942.189,1942.688,1941.243,1941.743,109.9
2024-01-11T22:03:00+00:00,1941.743,1941.898,1941.475,1941.631,146.2
2024-01-11T22:04:00+00:00,1941.631,1941.855,1941.470,1941.694,123.5
2024-01-11T22:05:00+00:00,1941.694,1941.917,1941.075,1941.299,149.5
2024-01-11T22:06:00+00:00,1941.299,1941.779,1940.546,1941.027,101.0
2024-01-11T22:07:00+00:00,1941.027,1941.508,1940.652,1941.134,129.4
2024-01-11T22:08:00+00:00,1941.134,1941.323,1939.843,1940.032,120.2
2024-01-11T22:09:00+00:00,1940.032,1940.589,1939.604,1940.161,111.4
2024-01-11T22:10:00+00:00,1940.161,1940.451,1939.911,1940.201,141.8
2024-01-11T22:11:00+00:00,1940.201,1941.069,1939.973,1940.841,109.1
2024-01-11T22:12:00+00:00,1940.841,1941.039,1940.487,1940.685,176.0
2024-01-11T22:13:00+00:00,1940.685,1940.870,1940.610,1940.795,94.1
2024-01-11T22:14:00+00:00,1940.795,1941.325,1939.831,1940.361,115.9
2024-01-11T22:15:00+00:00,1940.361,1941.153,1940.127,1940.919,107.2
2024-01-11T22:16:00+00:00,1940.919,1941.264,1940.656,1941.001,136.6
2024-01-11T22:17:00+00:00,1941.001,1941.227,1940.767,1940.993,161.2
2024-01-11T22:18:00+00:00,1940.993,1941.271,1940.515,1940.794,131.0
2024-01-11T22:19:00+00:00,1940.794,1940.897,1940.547,1940.651,161.1
2024-01-11T22:20:00+00:00,1940.651,1941.029,1940.328,1940.706,128.4
2024-01-11T22:21:00+00:00,1940.706,1941.307,1940.612,1941.213,112.2
2024-01-11T22:22:00+00:00,1941.213,1942.050,1940.591,1941.428,103.6
2024-01-11T22:23:00+00:00,1941.428,1942.276,1941.187,1942.034,180.0
2024-01-11T22:24:00+00:00,1942.034,1942.739,1941.876,1942.581,96.6
2024-01-11T22:25:00+00:00,1942.581,1943.032,1942.325,1942.775,176.9
2024-01-11T22:26:00+00:00,1942.775,1943.510,1942.562,1943.297,143.6
2024-01-11T22:27:00+00:00,1943.297,1943.595,1942.866,1943.164,136.9
2024-01-11T22:28:00+00:00,1943.164,1943.709,1943.112,1943.657,142.6
2024-01-11T22:29:00+00:00,1943.657,1943.953,1942.952,1943.248,138.3
2024-01-11T22:30:00+00:00,1943.248,1943.589,1942.950,1943.291,185.4
2024-01-11T22:31:00+00:00,1943.291,1943.638,1942.770,1943.118,89.4
2024-01-11T22:32:00+00:00,1943.118,1943.489,1942.546,1942.917,129.7
2024-01-11T22:33:00+00:00,1942.917,1943.119,1942.660,1942.862,117.2
2024-01-11T22:34:00+00:00,1942.862,1943.025,1942.797,1942.960,79.4
2024-01-11T22:35:00+00:00,1942.960,1943.393,1942.877,1943.310,191.7
2024-01-11T22:36:00+00:00,1943.310,1943.542,1943.124,1943.356,124.0
2024-01-11T22:37:00+00:00,1943.356,1943.425,1943.077,1943.146,110.7
2024-01-11T22:38:00+00:00,1943.146,1943.543,1942.875,1943.273,115.7
2024-01-11T22:39:00+00:00,1943.273,1943.570,1942.880,1943.178,120.0
2024-01-11T22:40:00+00:00,1943.178,1943.687,1942.919,1943.428,128.0
2024-01-11T22:41:00+00:00,1943.428,1943.712,1943.156,1943.440,113.4
2024-01-11T22:42:00+00:00,1943.440,1944.167,1942.959,1943.685,83.9
2024-01-11T22:43:00+00:00,1943.685,1944.002,1943.158,1943.474,113.9
2024-01-11T22:44:00+00:00,1943.474,1943.966,1943.156,1943.648,75.0
2024-01-11T22:45:00+00:00,1943.648,1945.166,1943.205,1944.724,177.1
2024-01-11T22:46:00+00:00,1944.724,1944.951,1944.519,1944.746,126.5
2024-01-11T22:47:00+00:00,1944.746,1944.918,1944.540,1944.712,44.6
2024-01-11T22:48:00+00:00,1944.712,1945.416,1944.104,1944.808,104.1
2024-01-11T22:49:00+00:00,1944.808,1945.336,1943.776,1944.304,81.9
2024-01-11T22:50:00+00:00,1944.304,1944.468,1944.025,1944.189,109.8
2024-01-11T22:51:00+00:00,1944.189,1944.603,1943.921,1944.334,102.1
2024-01-11T22:52:00+00:00,1944.334,1944.600,1944.267,1944.533,80.7
2024-01-11T22:53:00+00:00,1944.533,1945.012,1944.213,1944.692,154.4
2024-01-11T22:54:00+00:00,1944.692,1944.828,1944.581,1944.717,148.4
2024-01-11T22:55:00+00:00,1944.717,1944.968,1944.217,1944.468,166.8
2024-01-11T22:56:00+00:00,1944.468,1944.917,1944.290,1944.739,60.9
2024-01-11T22:57:00+00:00,1944.739,1945.090,1944.450,1944.802,102.9
2024-01-11T22:58:00+00:00,1944.802,1945.265,1943.802,1944.266,106.4
2024-01-11T22:59:00+00:00,1944.266,1944.640,1944.085,1944.459,116.1
2024-01-11T23:00:00+00:00,1944.459,1944.928,1944.043,1944.511,102.2
2024-01-11T23:01:00+00:00,1944.511,1945.333,1943.791,1944.613,120.8
2024-01-11T23:02:00+00:00,1944.613,1945.267,1944.266,1944.921,88.1
2024-01-11T23:03:00+00:00,1944.921,1945.720,1944.012,1944.811,102.0
2024-01-11T23:04:00+00:00,1944.811,1945.491,1944.644,1945.324,82.4
2024-01-11T23:05:00+00:00,1945.324,1945.408,1944.606,1944.690,154.8
2024-01-11T23:06:00+00:00,1944.690,1944.833,1944.301,1944.443,86.5
2024-01-11T23:07:00+00:00,1944.443,1944.740,1943.933,1944.230,104.6
2024-01-11T23:08:00+00:00,1944.230,1944.453,1943.672,1943.896,127.3
2024-01-11T23:09:00+00:00,1943.896,1944.487,1943.340,1943.932,131.0
2024-01-11T23:10:00+00:00,1943.932,1944.724,1943.571,1944.363,117.4
2024-01-11T23:11:00+00:00,1944.363,1945.113,1944.131,1944.881,150.2
2024-01-11T23:12:00+00:00,1944.881,1944.991,1944.286,1944.397,169.6
2024-01-11T23:13:00+00:00,1944.397,1945.807,1943.575,1944.985,62.1
2024-01-11T23:14:00+00:00,1944.985,1945.763,1944.714,1945.492,159.3
2024-01-11T23:15:00+00:00,1945.492,1945.561,1944.450,1944.519,146.6
2024-01-11T23:16:00+00:00,1944.519,1945.271,1944.227,1944.979,151.3
2024-01-11T23:17:00+00:00,1944.979,1945.506,1944.796,1945.323,171.4
2024-01-11T23:18:00+00:00,1945.323,1946.097,1945.027,1945.801,105.7
2024-01-11T23:19:00+00:00,1945.801,1946.016,1945.741,1945.957,173.7
2024-01-11T23:20:00+00:00,1945.957,1947.114,1945.694,1946.851,180.2
2024-01-11T23:21:00+00:00,1946.851,1947.288,1946.627,1947.065,98.6
2024-01-11T23:22:00+00:00,1947.065,1947.786,1946.919,1947.641,99.6
2024-01-11T23:23:00+00:00,1947.641,1947.790,1947.472,1947.622,117.3
2024-01-11T23:24:00+00:00,1947.622,1948.511,1947.404,1948.294,110.1
2024-01-11T23:25:00+00:00,1948.294,1948.469,1947.058,1947.233,151.1
2024-01-11T23:26:00+00:00,1947.233,1948.197,1947.032,1947.995,110.8
2024-01-11T23:27:00+00:00,1947.995,1948.362,1947.533,1947.900,121.3
2024-01-11T23:28:00+00:00,1947.900,1947.998,1947.558,1947.656,124.5
2024-01-11T23:29:00+00:00,1947.656,1948.048,1947.593,1947.984,196.9
2024-01-11T23:30:00+00:00,1947.984,1948.334,1947.786,1948.136,135.7
2024-01-11T23:31:00+00:00,1948.136,1948.446,1947.842,1948.151,126.2
2024-01-11T23:32:00+00:00,1948.151,1948.329,1947.529,1947.707,165.1
2024-01-11T23:33:00+00:00,1947.707,1948.204,1946.670,1947.167,124.9
2024-01-11T23:34:00+00:00,1947.167,1947.681,1946.781,1947.294,126.9
2024-01-11T23:35:00+00:00,1947.294,1947.902,1946.562,1947.171,101.8
2024-01-11T23:36:00+00:00,1947.171,1947.414,1946.542,1946.785,123.0
2024-01-11T23:37:00+00:00,1946.785,1947.134,1946.140,1946.489,149.0
2024-01-11T23:38:00+00:00,1946.489,1947.448,1946.359,1947.318,82.2
2024-01-11T23:39:00+00:00,1947.318,1947.649,1947.074,1947.405,149.0
2024-01-11T23:40:00+00:00,1947.405,1947.589,1946.783,1946.967,140.6
2024-01-11T23:41:00+00:00,1946.967,1947.626,1946.501,1947.160,106.7
2024-01-11T23:42:00+00:00,1947.160,1947.260,1947.053,1947.152,148.0
2024-01-11T23:43:00+00:00,1947.152,1947.673,1946.538,1947.058,54.4
2024-01-11T23:44:00+00:00,1947.058,1947.516,1946.806,1947.264,118.7
2024-01-11T23:45:00+00:00,1947.264,1947.899,1947.080,1947.715,120.0
2024-01-11T23:46:00+00:00,1947.715,1948.072,1946.875,1947.232,138.0
2024-01-11T23:47:00+00:00,1947.232,1947.921,1947.014,1947.703,115.1
2024-01-11T23:48:00+00:00,1947.703,1948.012,1947.546,1947.855,122.2
2024-01-11T23:49:00+00:00,1947.855,1948.059,1947.551,1947.755,104.8
2024-01-11T23:50:00+00:00,1947.755,1948.154,1947.219,1947.618,96.3
2024-01-11T23:51:00+00:00,1947.618,1947.704,1947.033,1947.118,152.1
2024-01-11T23:52:00+00:00,1947.118,1947.384,1946.424,1946.690,96.4
2024-01-11T23:53:00+00:00,1946.690,1947.028,1946.562,1946.900,110.6
2024-01-11T23:54:00+00:00,1946.900,1947.014,1946.478,1946.591,109.2
2024-01-11T23:55:00+00:00,1946.591,1947.003,1945.927,1946.339,136.0
2024-01-11T23:56:00+00:00,1946.339,1946.476,1946.178,1946.315,190.6
2024-01-11T23:57:00+00:00,1946.315,1946.767,1946.128,1946.580,119.7
2024-01-11T23:58:00+00:00,1946.580,1947.199,1946.405,1947.024,111.6
2024-01-11T23:59:00+00:00,1947.024,1947.437,1946.687,1947.100,110.5
2024-01-12T00:00:00+00:00,1947.100,1947.208,1946.878,1946.985,161.9
2024-01-12T00:01:00+00:00,1946.985,1947.384,1946.637,1947.036,120.5
2024-01-12T00:02:00+00:00,1947.036,1947.407,1946.158,1946.529,103.4
2024-01-12T00:03:00+00:00,1946.529,1946.862,1946.192,1946.525,164.0
2024-01-12T00:04:00+00:00,1946.525,1946.998,1946.141,1946.615,104.8
2024-01-12T00:05:00+00:00,1946.615,1947.170,1946.332,1946.887,151.0
2024-01-12T00:06:00+00:00,1946.887,1947.111,1946.492,1946.716,83.1
2024-01-12T00:07:00+00:00,1946.716,1947.743,1946.248,1947.275,112.4
2024-01-12T00:08:00+00:00,1947.275,1947.624,1946.981,1947.330,114.0
2024-01-12T00:09:00+00:00,1947.330,1947.565,1946.608,1946.843,118.3
2024-01-12T00:10:00+00:00,1946.843,1947.347,1946.789,1947.293,113.0
2024-01-12T00:11:00+00:00,1947.293,1947.507,1946.816,1947.029,116.6
2024-01-12T00:12:00+00:00,1947.029,1947.460,1946.201,1946.632,149.5
2024-01-12T00:13:00+00:00,1946.632,1946.699,1946.563,1946.630,103.5
2024-01-12T00:14:00+00:00,1946.630,1946.680,1946.421,1946.471,126.1
2024-01-12T00:15:00+00:00,1946.471,1947.157,1945.389,1946.075,148.7
2024-01-12T00:16:00+00:00,1946.075,1946.146,1945.348,1945.419,154.7
2024-01-12T00:17:00+00:00,1945.419,1945.819,1944.819,1945.219,137.0
2024-01-12T00:18:00+00:00,1945.219,1945.271,1944.975,1945.027,171.0
2024-01-12T00:19:00+00:00,1945.027,1945.454,1944.635,1945.062,96.2
2024-01-12T00:20:00+00:00,1945.062,1945.209,1944.290,1944.437,108.1
2024-01-12T00:21:00+00:00,1944.437,1944.878,1944.273,1944.714,59.2
2024-01-12T00:22:00+00:00,1944.714,1944.874,1944.183,1944.343,97.6
2024-01-12T00:23:00+00:00,1944.343,1944.477,1944.008,1944.143,125.2
2024-01-12T00:24:00+00:00,1944.143,1944.429,1943.346,1943.633,91.9
2024-01-12T00:25:00+00:00,1943.633,1944.191,1943.539,1944.097,74.6
2024-01-12T00:26:00+00:00,1944.097,1944.592,1943.806,1944.301,70.4
2024-01-12T00:27:00+00:00,1944.301,1944.467,1943.729,1943.895,121.8
2024-01-12T00:28:00+00:00,1943.895,1944.607,1943.430,1944.143,140.5
2024-01-12T00:29:00+00:00,1944.143,1944.707,1943.969,1944.533,163.7
2024-01-12T00:30:00+00:00,1944.533,1944.672,1944.172,1944.311,57.9
2024-01-12T00:31:00+00:00,1944.311,1944.563,1943.944,1944.195,91.9
2024-01-12T00:32:00+00:00,1944.195,1944.799,1943.452,1944.056,109.4
2024-01-12T00:33:00+00:00,1944.056,1944.121,1943.549,1943.615,105.4
2024-01-12T00:34:00+00:00,1943.615,1943.749,1943.263,1943.397,107.3
2024-01-12T00:35:00+00:00,1943.397,1943.544,1943.280,1943.426,155.3
2024-01-12T00:36:00+00:00,1943.426,1944.527,1942.734,1943.835,161.3
2024-01-12T00:37:00+00:00,1943.835,1943.976,1943.646,1943.787,92.2
2024-01-12T00:38:00+00:00,1943.787,1944.230,1943.589,1944.032,102.8
2024-01-12T00:39:00+00:00,1944.032,1944.215,1943.475,1943.658,133.7
2024-01-12T00:40:00+00:00,1943.658,1944.255,1942.765,1943.362,85.9
2024-01-12T00:41:00+00:00,1943.362,1943.909,1942.986,1943.533,90.0
2024-01-12T00:42:00+00:00,1943.533,1943.860,1943.031,1943.358,130.9
2024-01-12T00:43:00+00:00,1943.358,1943.839,1942.622,1943.103,138.0
2024-01-12T00:44:00+00:00,1943.103,1943.256,1942.908,1943.061,151.1
2024-01-12T00:45:00+00:00,1943.061,1943.209,1942.799,1942.947,123.2
2024-01-12T00:46:00+00:00,1942.947,1943.767,1942.533,1943.353,109.6
2024-01-12T00:47:00+00:00,1943.353,1943.633,1942.662,1942.942,114.7
2024-01-12T00:48:00+00:00,1942.942,1943.923,1942.221,1943.202,140.1
2024-01-12T00:49:00+00:00,1943.202,1943.477,1943.098,1943.373,74.6
2024-01-12T00:50:00+00:00,1943.373,1943.622,1943.191,1943.439,91.5
2024-01-12T00:51:00+00:00,1943.439,1944.051,1943.069,1943.681,125.6
2024-01-12T00:52:00+00:00,1943.681,1944.221,1943.377,1943.918,121.4
2024-01-12T00:53:00+00:00,1943.918,1944.351,1943.361,1943.794,100.8
2024-01-12T00:54:00+00:00,1943.794,1943.928,1943.585,1943.720,107.8
2024-01-12T00:55:00+00:00,1943.720,1944.051,1943.073,1943.404,119.2
2024-01-12T00:56:00+00:00,1943.404,1943.603,1942.993,1943.192,138.4
2024-01-12T00:57:00+00:00,1943.192,1943.614,1943.086,1943.508,155.0
2024-01-12T00:58:00+00:00,1943.508,1943.990,1943.056,1943.539,148.2
2024-01-12T00:59:00+00:00,1943.539,1943.607,1943.088,1943.156,129.7
2024-01-12T01:00:00+00:00,1943.156,1943.489,1942.853,1943.187,135.0
2024-01-12T01:01:00+00:00,1943.187,1943.608,1942.767,1943.188,80.7
2024-01-12T01:02:00+00:00,1943.188,1943.471,1942.806,1943.089,119.7
2024-01-12T01:03:00+00:00,1943.089,1943.476,1942.793,1943.180,112.9
2024-01-12T01:04:00+00:00,1943.180,1943.295,1943.109,1943.224,148.2
2024-01-12T01:05:00+00:00,1943.224,1943.378,1942.863,1943.017,97.7
2024-01-12T01:06:00+00:00,1943.017,1943.413,1942.690,1943.086,97.2
2024-01-12T01:07:00+00:00,1943.086,1943.360,1943.010,1943.283,126.5
2024-01-12T01:08:00+00:00,1943.283,1943.574,1943.215,1943.507,135.9
2024-01-12T01:09:00+00:00,1943.507,1944.387,1943.293,1944.173,86.9
2024-01-12T01:10:00+00:00,1944.173,1944.622,1944.027,1944.476,180.7
2024-01-12T01:11:00+00:00,1944.476,1944.715,1944.042,1944.281,103.0
2024-01-12T01:12:00+00:00,1944.281,1944.484,1943.951,1944.154,96.8
2024-01-12T01:13:00+00:00,1944.154,1944.275,1943.727,1943.847,114.8
2024-01-12T01:14:00+00:00,1943.847,1944.162,1943.595,1943.910,94.3
2024-01-12T01:15:00+00:00,1943.910,1944.167,1943.649,1943.906,144.8
2024-01-12T01:16:00+00:00,1943.906,1944.048,1943.492,1943.633,97.8
2024-01-12T01:17:00+00:00,1943.633,1944.379,1943.293,1944.040,85.1
2024-01-12T01:18:00+00:00,1944.040,1944.182,1943.807,1943.949,93.8
2024-01-12T01:19:00+00:00,1943.949,1944.552,1943.772,1944.375,56.5
2024-01-12T01:20:00+00:00,1944.375,1944.761,1943.966,1944.351,101.8
2024-01-12T01:21:00+00:00,1944.351,1944.614,1943.943,1944.206,107.0
2024-01-12T01:22:00+00:00,1944.206,1944.409,1943.911,1944.114,195.6
2024-01-12T01:23:00+00:00,1944.114,1944.268,1943.744,1943.898,153.8
2024-01-12T01:24:00+00:00,1943.898,1944.773,1943.654,1944.529,113.5
2024-01-12T01:25:00+00:00,1944.529,1945.322,1944.448,1945.241,155.8
2024-01-12T01:26:00+00:00,1945.241,1945.604,1944.738,1945.101,160.6
2024-01-12T01:27:00+00:00,1945.101,1945.398,1944.522,1944.819,123.8
2024-01-12T01:28:00+00:00,1944.819,1945.036,1944.329,1944.546,123.4
2024-01-12T01:29:00+00:00,1944.546,1944.725,1944.326,1944.504,163.8
2024-01-12T01:30:00+00:00,1944.504,1945.358,1944.171,1945.025,82.5
2024-01-12T01:31:00+00:00,1945.025,1945.724,1944.940,1945.639,171.4
2024-01-12T01:32:00+00:00,1945.639,1946.093,1945.417,1945.870,72.4
2024-01-12T01:33:00+00:00,1945.870,1946.225,1945.311,1945.666,106.1
2024-01-12T01:34:00+00:00,1945.666,1946.655,1945.291,1946.280,140.0
2024-01-12T01:35:00+00:00,1946.280,1946.662,1945.890,1946.272,131.2
2024-01-12T01:36:00+00:00,1946.272,1946.397,1946.059,1946.184,59.9
2024-01-12T01:37:00+00:00,1946.184,1946.387,1945.661,1945.864,115.2
2024-01-12T01:38:00+00:00,1945.864,1946.425,1945.067,1945.629,109.1
2024-01-12T01:39:00+00:00,1945.629,1945.858,1945.508,1945.737,158.2
2024-01-12T01:40:00+00:00,1945.737,1946.283,1945.437,1945.983,75.9
2024-01-12T01:41:00+00:00,1945.983,1946.153,1945.906,1946.075,139.1
2024-01-12T01:42:00+00:00,1946.075,1946.159,1945.813,1945.897,92.1
2024-01-12T01:43:00+00:00,1945.897,1946.042,1945.663,1945.808,104.6
2024-01-12T01:44:00+00:00,1945.808,1945.895,1945.482,1945.569,130.5
2024-01-12T01:45:00+00:00,1945.569,1946.085,1945.238,1945.753,106.8
2024-01-12T01:46:00+00:00,1945.753,1946.059,1945.099,1945.405,190.7
2024-01-12T01:47:00+00:00,1945.405,1946.100,1945.176,1945.870,111.1
2024-01-12T01:48:00+00:00,1945.870,1946.653,1945.432,1946.214,157.0
2024-01-12T01:49:00+00:00,1946.214,1946.794,1945.929,1946.509,192.3
2024-01-12T01:50:00+00:00,1946.509,1947.088,1946.242,1946.821,131.0
2024-01-12T01:51:00+00:00,1946.821,1947.136,1946.679,1946.994,68.4
2024-01-12T01:52:00+00:00,1946.994,1948.360,1946.291,1947.656,134.8
2024-01-12T01:53:00+00:00,1947.656,1947.988,1947.605,1947.937,143.0
2024-01-12T01:54:00+00:00,1947.937,1948.009,1947.864,1947.936,139.0
2024-01-12T01:55:00+00:00,1947.936,1948.334,1946.978,1947.376,108.2
2024-01-12T01:56:00+00:00,1947.376,1947.817,1947.173,1947.615,167.5
2024-01-12T01:57:00+00:00,1947.615,1948.617,1947.252,1948.254,90.8
2024-01-12T01:58:00+00:00,1948.254,1948.827,1947.790,1948.363,138.7
2024-01-12T01:59:00+00:00,1948.363,1948.603,1948.125,1948.365,145.4
2024-01-12T02:00:00+00:00,1948.365,1948.604,1947.856,1948.095,120.0
2024-01-12T02:01:00+00:00,1948.095,1948.542,1947.999,1948.446,109.4
2024-01-12T02:02:00+00:00,1948.446,1948.708,1948.301,1948.563,65.7
2024-01-12T02:03:00+00:00,1948.563,1949.105,1948.393,1948.935,153.3
2024-01-12T02:04:00+00:00,1948.935,1949.195,1948.766,1949.027,71.0
2024-01-12T02:05:00+00:00,1949.027,1949.549,1948.069,1948.591,155.6
2024-01-12T02:06:00+00:00,1948.591,1948.977,1948.015,1948.401,132.7
2024-01-12T02:07:00+00:00,1948.401,1948.476,1948.215,1948.290,95.8
2024-01-12T02:08:00+00:00,1948.290,1948.425,1948.051,1948.185,139.8
2024-01-12T02:09:00+00:00,1948.185,1948.625,1947.622,1948.062,154.4
2024-01-12T02:10:00+00:00,1948.062,1948.292,1947.500,1947.730,74.9
2024-01-12T02:11:00+00:00,1947.730,1948.272,1946.916,1947.459,139.7
2024-01-12T02:12:00+00:00,1947.459,1948.492,1946.626,1947.658,174.9
2024-01-12T02:13:00+00:00,1947.658,1948.314,1947.101,1947.756,113.0
2024-01-12T02:14:00+00:00,1947.756,1948.033,1947.615,1947.892,124.1
2024-01-12T02:15:00+00:00,1947.892,1948.023,1947.456,1947.587,177.2
2024-01-12T02:16:00+00:00,1947.587,1947.737,1947.296,1947.446,84.1
2024-01-12T02:17:00+00:00,1947.446,1947.786,1946.940,1947.280,131.0
2024-01-12T02:18:00+00:00,1947.280,1947.422,1947.008,1947.151,143.3
2024-01-12T02:19:00+00:00,1947.151,1947.404,1946.750,1947.003,110.4
2024-01-12T02:20:00+00:00,1947.003,1947.340,1945.831,1946.168,95.2
2024-01-12T02:21:00+00:00,1946.168,1946.551,1946.108,1946.491,150.6
2024-01-12T02:22:00+00:00,1946.491,1947.163,1945.682,1946.354,135.4
2024-01-12T02:23:00+00:00,1946.354,1946.473,1946.216,1946.335,57.0
2024-01-12T02:24:00+00:00,1946.335,1946.903,1945.421,1945.989,111.1
2024-01-12T02:25:00+00:00,1945.989,1946.941,1945.864,1946.815,75.6
2024-01-12T02:26:00+00:00,1946.815,1946.960,1946.184,1946.328,137.7
2024-01-12T02:27:00+00:00,1946.328,1946.729,1945.913,1946.314,127.3
2024-01-12T02:28:00+00:00,1946.314,1947.324,1946.052,1947.061,180.2
2024-01-12T02:29:00+00:00,1947.061,1947.289,1945.956,1946.184,143.5
2024-01-12T02:30:00+00:00,1946.184,1946.948,1945.984,1946.748,130.9
2024-01-12T02:31:00+00:00,1946.748,1947.013,1946.657,1946.922,137.1
2024-01-12T02:32:00+00:00,1946.922,1947.984,1946.465,1947.527,105.8
2024-01-12T02:33:00+00:00,1947.527,1947.731,1946.869,1947.072,128.3
2024-01-12T02:34:00+00:00,1947.072,1947.333,1946.926,1947.187,140.6
2024-01-12T02:35:00+00:00,1947.187,1947.543,1947.046,1947.403,116.3
2024-01-12T02:36:00+00:00,1947.403,1947.565,1946.924,1947.086,115.9
2024-01-12T02:37:00+00:00,1947.086,1947.734,1946.636,1947.284,153.4
2024-01-12T02:38:00+00:00,1947.284,1947.752,1946.841,1947.310,114.1
2024-01-12T02:39:00+00:00,1947.310,1947.641,1947.246,1947.578,107.4
2024-01-12T02:40:00+00:00,1947.578,1947.683,1947.216,1947.322,123.5
2024-01-12T02:41:00+00:00,1947.322,1947.649,1947.167,1947.493,157.0
2024-01-12T02:42:00+00:00,1947.493,1947.545,1946.866,1946.917,70.4
2024-01-12T02:43:00+00:00,1946.917,1947.000,1946.215,1946.297,145.2
2024-01-12T02:44:00+00:00,1946.297,1946.459,1946.086,1946.248,113.2
2024-01-12T02:45:00+00:00,1946.248,1946.929,1946.040,1946.721,136.1
2024-01-12T02:46:00+00:00,1946.721,1947.333,1946.273,1946.885,153.1
2024-01-12T02:47:00+00:00,1946.885,1947.228,1946.404,1946.747,100.1
2024-01-12T02:48:00+00:00,1946.747,1947.246,1946.595,1947.094,141.5
2024-01-12T02:49:00+00:00,1947.094,1947.195,1946.730,1946.831,67.8
2024-01-12T02:50:00+00:00,1946.831,1947.205,1946.408,1946.782,102.8
2024-01-12T02:51:00+00:00,1946.782,1947.424,1946.272,1946.914,170.0
2024-01-12T02:52:00+00:00,1946.914,1947.077,1946.725,1946.887,106.9
2024-01-12T02:53:00+00:00,1946.887,1947.038,1946.443,1946.593,110.0
2024-01-12T02:54:00+00:00,1946.593,1946.684,1946.196,1946.287,89.4
2024-01-12T02:55:00+00:00,1946.287,1947.048,1945.423,1946.184,90.5
2024-01-12T02:56:00+00:00,1946.184,1946.447,1946.079,1946.342,111.1
2024-01-12T02:57:00+00:00,1946.342,1947.014,1945.886,1946.557,130.5
2024-01-12T02:58:00+00:00,1946.557,1946.722,1946.484,1946.649,128.0
2024-01-12T02:59:00+00:00,1946.649,1947.556,1946.038,1946.944,183.0
2024-01-12T03:00:00+00:00,1946.944,1947.491,1946.777,1947.324,100.2
2024-01-12T03:01:00+00:00,1947.324,1947.610,1947.070,1947.356,159.9
2024-01-12T03:02:00+00:00,1947.356,1947.812,1946.717,1947.172,111.4
2024-01-12T03:03:00+00:00,1947.172,1947.252,1946.867,1946.947,124.1
2024-01-12T03:04:00+00:00,1946.947,1947.382,1946.271,1946.707,108.0
2024-01-12T03:05:00+00:00,1946.707,1946.822,1946.211,1946.326,125.1
2024-01-12T03:06:00+00:00,1946.326,1946.415,1946.151,1946.240,105.8
2024-01-12T03:07:00+00:00,1946.240,1947.391,1945.736,1946.888,87.3
2024-01-12T03:08:00+00:00,1946.888,1947.679,1946.530,1947.321,135.9
2024-01-12T03:09:00+00:00,1947.321,1947.391,1947.248,1947.318,77.6
2024-01-12T03:10:00+00:00,1947.318,1947.407,1947.135,1947.225,54.9
2024-01-12T03:11:00+00:00,1947.225,1947.483,1947.046,1947.303,52.6
2024-01-12T03:12:00+00:00,1947.303,1947.544,1947.163,1947.403,73.0
2024-01-12T03:13:00+00:00,1947.403,1947.979,1947.301,1947.876,85.8
2024-01-12T03:14:00+00:00,1947.876,1947.996,1947.497,1947.617,101.1
2024-01-12T03:15:00+00:00,1947.617,1948.314,1947.238,1947.935,127.3
2024-01-12T03:16:00+00:00,1947.935,1948.309,1947.760,1948.133,93.3
2024-01-12T03:17:00+00:00,1948.133,1948.486,1947.523,1947.876,122.3
2024-01-12T03:18:00+00:00,1947.876,1948.614,1946.474,1947.213,109.0
2024-01-12T03:19:00+00:00,1947.213,1947.855,1947.060,1947.702,158.8
2024-01-12T03:20:00+00:00,1947.702,1947.999,1947.359,1947.655,146.1
2024-01-12T03:21:00+00:00,1947.655,1948.210,1947.274,1947.829,132.0
2024-01-12T03:22:00+00:00,1947.829,1948.052,1947.699,1947.922,110.2
2024-01-12T03:23:00+00:00,1947.922,1948.813,1947.344,1948.235,135.9
2024-01-12T03:24:00+00:00,1948.235,1949.042,1948.015,1948.822,152.4
2024-01-12T03:25:00+00:00,1948.822,1948.971,1948.587,1948.736,109.1
2024-01-12T03:26:00+00:00,1948.736,1949.012,1948.492,1948.769,99.4
2024-01-12T03:27:00+00:00,1948.769,1949.069,1948.462,1948.762,117.7
2024-01-12T03:28:00+00:00,1948.762,1949.409,1948.502,1949.149,122.4
2024-01-12T03:29:00+00:00,1949.149,1949.505,1948.603,1948.959,119.0
2024-01-12T03:30:00+00:00,1948.959,1949.249,1948.613,1948.903,137.0
2024-01-12T03:31:00+00:00,1948.903,1949.241,1948.668,1949.007,159.5
2024-01-12T03:32:00+00:00,1949.007,1949.250,1948.360,1948.603,137.7
2024-01-12T03:33:00+00:00,1948.603,1948.986,1948.431,1948.815,112.9
2024-01-12T03:34:00+00:00,1948.815,1949.432,1948.482,1949.099,60.9
2024-01-12T03:35:00+00:00,1949.099,1949.607,1948.844,1949.351,88.9
2024-01-12T03:36:00+00:00,1949.351,1949.485,1948.935,1949.069,134.5
2024-01-12T03:37:00+00:00,1949.069,1949.606,1948.597,1949.134,125.5
2024-01-12T03:38:00+00:00,1949.134,1949.286,1948.985,1949.137,146.3
2024-01-12T03:39:00+00:00,1949.137,1949.191,1948.420,1948.473,101.5
2024-01-12T03:40:00+00:00,1948.473,1948.841,1948.339,1948.707,166.4
2024-01-12T03:41:00+00:00,1948.707,1949.047,1948.500,1948.840,71.3
2024-01-12T03:42:00+00:00,1948.840,1948.907,1948.719,1948.787,162.0
2024-01-12T03:43:00+00:00,1948.787,1949.049,1948.721,1948.983,92.4
2024-01-12T03:44:00+00:00,1948.983,1949.385,1948.690,1949.092,76.0
2024-01-12T03:45:00+00:00,1949.092,1949.498,1948.906,1949.312,79.8
2024-01-12T03:46:00+00:00,1949.312,1950.077,1948.970,1949.735,129.6
2024-01-12T03:47:00+00:00,1949.735,1950.014,1948.960,1949.239,90.6
2024-01-12T03:48:00+00:00,1949.239,1950.237,1948.364,1949.362,142.9
2024-01-12T03:49:00+00:00,1949.362,1949.672,1949.081,1949.392,78.2
2024-01-12T03:50:00+00:00,1949.392,1949.477,1949.098,1949.184,109.5
2024-01-12T03:51:00+00:00,1949.184,1949.572,1949.035,1949.424,85.7
2024-01-12T03:52:00+00:00,1949.424,1949.793,1949.373,1949.742,163.1
2024-01-12T03:53:00+00:00,1949.742,1949.925,1949.579,1949.762,115.6
2024-01-12T03:54:00+00:00,1949.762,1950.382,1949.593,1950.213,150.6
2024-01-12T03:55:00+00:00,1950.213,1950.735,1950.111,1950.633,187.4
2024-01-12T03:56:00+00:00,1950.633,1950.755,1950.520,1950.642,149.1
2024-01-12T03:57:00+00:00,1950.642,1950.743,1950.210,1950.311,148.4
2024-01-12T03:58:00+00:00,1950.311,1950.832,1949.529,1950.050,76.0
2024-01-12T03:59:00+00:00,1950.050,1951.127,1949.425,1950.502,92.9
2024-01-12T04:00:00+00:00,1950.502,1950.867,1949.735,1950.101,162.3
2024-01-12T04:01:00+00:00,1950.101,1950.614,1949.912,1950.425,97.9
2024-01-12T04:02:00+00:00,1950.425,1950.927,1950.186,1950.689,133.5
2024-01-12T04:03:00+00:00,1950.689,1951.067,1950.113,1950.492,105.9
2024-01-12T04:04:00+00:00,1950.492,1950.793,1950.370,1950.672,101.4
2024-01-12T04:05:00+00:00,1950.672,1951.506,1950.213,1951.047,61.3
2024-01-12T04:06:00+00:00,1951.047,1951.387,1950.951,1951.290,116.1
2024-01-12T04:07:00+00:00,1951.290,1951.445,1951.039,1951.194,125.5
2024-01-12T04:08:00+00:00,1951.194,1951.991,1950.904,1951.701,80.9
2024-01-12T04:09:00+00:00,1951.701,1951.849,1951.568,1951.716,110.0
2024-01-12T04:10:00+00:00,1951.716,1951.846,1950.899,1951.030,166.3
2024-01-12T04:11:00+00:00,1951.030,1951.539,1950.703,1951.212,136.4
2024-01-12T04:12:00+00:00,1951.212,1951.481,1951.073,1951.343,149.2
2024-01-12T04:13:00+00:00,1951.343,1951.745,1951.155,1951.557,117.1
2024-01-12T04:14:00+00:00,1951.557,1951.684,1951.220,1951.347,106.0
2024-01-12T04:15:00+00:00,1951.347,1952.208,1950.740,1951.601,170.8
2024-01-12T04:16:00+00:00,1951.601,1952.504,1951.188,1952.091,129.2
2024-01-12T04:17:00+00:00,1952.091,1952.254,1951.622,1951.786,84.6
2024-01-12T04:18:00+00:00,1951.786,1952.023,1951.731,1951.969,122.7
2024-01-12T04:19:00+00:00,1951.969,1952.398,1950.959,1951.388,54.3
2024-01-12T04:20:00+00:00,1951.388,1952.074,1951.224,1951.910,119.7
2024-01-12T04:21:00+00:00,1951.910,1952.410,1951.341,1951.841,107.8
2024-01-12T04:22:00+00:00,1951.841,1952.106,1951.478,1951.744,147.4
2024-01-12T04:23:00+00:00,1951.744,1951.819,1951.027,1951.102,142.5
2024-01-12T04:24:00+00:00,1951.102,1951.850,1950.674,1951.422,36.6
2024-01-12T04:25:00+00:00,1951.422,1952.330,1951.039,1951.947,114.1
2024-01-12T04:26:00+00:00,1951.947,1952.071,1951.778,1951.901,149.9
2024-01-12T04:27:00+00:00,1951.901,1952.139,1951.755,1951.993,125.2
2024-01-12T04:28:00+00:00,1951.993,1952.713,1951.449,1952.169,119.3
2024-01-12T04:29:00+00:00,1952.169,1952.675,1951.396,1951.902,163.0
2024-01-12T04:30:00+00:00,1951.902,1952.744,1951.612,1952.454,101.4
2024-01-12T04:31:00+00:00,1952.454,1952.545,1951.940,1952.031,158.0
2024-01-12T04:32:00+00:00,1952.031,1952.453,1951.978,1952.400,125.7
2024-01-12T04:33:00+00:00,1952.400,1952.708,1952.307,1952.616,88.0
2024-01-12T04:34:00+00:00,1952.616,1953.064,1951.978,1952.425,91.4
2024-01-12T04:35:00+00:00,1952.425,1952.607,1951.899,1952.080,109.1
2024-01-12T04:36:00+00:00,1952.080,1952.160,1951.932,1952.011,115.2
2024-01-12T04:37:00+00:00,1952.011,1952.286,1951.215,1951.489,125.4
2024-01-12T04:38:00+00:00,1951.489,1952.378,1951.239,1952.128,102.2
2024-01-12T04:39:00+00:00,1952.128,1952.359,1951.791,1952.022,53.8
2024-01-12T04:40:00+00:00,1952.022,1952.548,1951.798,1952.324,148.5
2024-01-12T04:41:00+00:00,1952.324,1952.512,1952.240,1952.428,166.8
2024-01-12T04:42:00+00:00,1952.428,1952.901,1951.680,1952.153,108.4
2024-01-12T04:43:00+00:00,1952.153,1953.267,1951.821,1952.936,103.7
2024-01-12T04:44:00+00:00,1952.936,1953.738,1952.789,1953.592,130.0
2024-01-12T04:45:00+00:00,1953.592,1953.657,1953.432,1953.498,106.9
2024-01-12T04:46:00+00:00,1953.498,1953.735,1953.192,1953.430,143.9
2024-01-12T04:47:00+00:00,1953.430,1954.245,1953.085,1953.900,116.9
2024-01-12T04:48:00+00:00,1953.900,1954.328,1953.781,1954.209,136.9
2024-01-12T04:49:00+00:00,1954.209,1954.608,1954.066,1954.465,95.8
2024-01-12T04:50:00+00:00,1954.465,1954.929,1953.644,1954.108,96.6
2024-01-12T04:51:00+00:00,1954.108,1954.254,1953.790,1953.936,108.0
2024-01-12T04:52:00+00:00,1953.936,1954.513,1953.556,1954.133,74.5
2024-01-12T04:53:00+00:00,1954.133,1954.402,1953.934,1954.204,78.0
2024-01-12T04:54:00+00:00,1954.204,1954.913,1953.797,1954.506,121.2
2024-01-12T04:55:00+00:00,1954.506,1954.831,1954.385,1954.710,148.3
2024-01-12T04:56:00+00:00,1954.710,1954.763,1954.528,1954.582,100.4
2024-01-12T04:57:00+00:00,1954.582,1954.917,1954.037,1954.372,117.7
2024-01-12T04:58:00+00:00,1954.372,1955.174,1953.926,1954.728,85.1
2024-01-12T04:59:00+00:00,1954.728,1955.248,1953.935,1954.455,153.7
2024-01-12T05:00:00+00:00,1954.455,1955.435,1954.291,1955.271,138.2
2024-01-12T05:01:00+00:00,1955.271,1955.545,1955.159,1955.433,137.0
2024-01-12T05:02:00+00:00,1955.433,1955.633,1955.270,1955.470,67.8
2024-01-12T05:03:00+00:00,1955.470,1955.762,1954.853,1955.146,169.0
2024-01-12T05:04:00+00:00,1955.146,1955.786,1954.854,1955.494,135.0
2024-01-12T05:05:00+00:00,1955.494,1955.819,1955.007,1955.333,92.3
2024-01-12T05:06:00+00:00,1955.333,1956.471,1955.265,1956.403,117.6
2024-01-12T05:07:00+00:00,1956.403,1956.986,1956.281,1956.865,86.9
2024-01-12T05:08:00+00:00,1956.865,1958.235,1956.278,1957.649,143.8
2024-01-12T05:09:00+00:00,1957.649,1957.710,1957.326,1957.388,122.8
2024-01-12T05:10:00+00:00,1957.388,1958.082,1956.355,1957.049,120.6
2024-01-12T05:11:00+00:00,1957.049,1957.161,1956.776,1956.889,109.8
2024-01-12T05:12:00+00:00,1956.889,1956.969,1955.980,1956.061,154.9
2024-01-12T05:13:00+00:00,1956.061,1956.328,1955.899,1956.166,117.2
2024-01-12T05:14:00+00:00,1956.166,1956.357,1955.414,1955.604,140.5
2024-01-12T05:15:00+00:00,1955.604,1955.929,1954.953,1955.278,102.3
2024-01-12T05:16:00+00:00,1955.278,1955.942,1954.197,1954.861,108.5
2024-01-12T05:17:00+00:00,1954.861,1954.943,1954.601,1954.683,154.6
2024-01-12T05:18:00+00:00,1954.683,1955.120,1953.972,1954.408,117.2
2024-01-12T05:19:00+00:00,1954.408,1955.073,1954.001,1954.665,147.2
2024-01-12T05:20:00+00:00,1954.665,1954.804,1954.609,1954.748,69.3
2024-01-12T05:21:00+00:00,1954.748,1955.255,1954.502,1955.009,117.2
2024-01-12T05:22:00+00:00,1955.009,1955.156,1954.793,1954.940,133.3
2024-01-12T05:23:00+00:00,1954.940,1955.297,1954.784,1955.141,74.6
2024-01-12T05:24:00+00:00,1955.141,1955.601,1954.522,1954.982,143.8
2024-01-12T05:25:00+00:00,1954.982,1956.132,1954.740,1955.890,115.4
2024-01-12T05:26:00+00:00,1955.890,1956.235,1955.662,1956.008,170.4
2024-01-12T05:27:00+00:00,1956.008,1956.681,1955.426,1956.099,186.5
2024-01-12T05:28:00+00:00,1956.099,1956.537,1955.859,1956.297,159.2
2024-01-12T05:29:00+00:00,1956.297,1956.544,1955.979,1956.225,113.3
2024-01-12T05:30:00+00:00,1956.225,1956.894,1955.974,1956.643,113.6
2024-01-12T05:31:00+00:00,1956.643,1957.079,1956.525,1956.961,145.5
2024-01-12T05:32:00+00:00,1956.961,1957.586,1956.785,1957.410,85.4
2024-01-12T05:33:00+00:00,1957.410,1957.774,1956.657,1957.021,135.6
2024-01-12T05:34:00+00:00,1957.021,1957.225,1956.870,1957.074,151.7
2024-01-12T05:35:00+00:00,1957.074,1957.795,1956.205,1956.926,128.8
2024-01-12T05:36:00+00:00,1956.926,1957.231,1956.095,1956.399,127.8
2024-01-12T05:37:00+00:00,1956.399,1956.502,1956.306,1956.409,154.5
2024-01-12T05:38:00+00:00,1956.409,1956.835,1955.839,1956.265,97.7
2024-01-12T05:39:00+00:00,1956.265,1957.007,1955.848,1956.589,147.6
2024-01-12T05:40:00+00:00,1956.589,1956.703,1956.162,1956.276,142.3
2024-01-12T05:41:00+00:00,1956.276,1956.458,1955.842,1956.024,119.3
2024-01-12T05:42:00+00:00,1956.024,1956.757,1955.760,1956.494,127.4
2024-01-12T05:43:00+00:00,1956.494,1956.764,1956.170,1956.440,160.6
2024-01-12T05:44:00+00:00,1956.440,1956.803,1956.015,1956.378,96.4
2024-01-12T05:45:00+00:00,1956.378,1956.642,1955.478,1955.742,106.1
2024-01-12T05:46:00+00:00,1955.742,1956.111,1955.475,1955.844,144.3
2024-01-12T05:47:00+00:00,1955.844,1956.013,1955.063,1955.231,136.7
2024-01-12T05:48:00+00:00,1955.231,1955.425,1955.170,1955.364,96.6
2024-01-12T05:49:00+00:00,1955.364,1955.684,1955.291,1955.612,111.9
2024-01-12T05:50:00+00:00,1955.612,1955.725,1955.473,1955.586,128.7
2024-01-12T05:51:00+00:00,1955.586,1956.032,1955.520,1955.966,100.5
2024-01-12T05:52:00+00:00,1955.966,1956.061,1955.842,1955.937,134.3
2024-01-12T05:53:00+00:00,1955.937,1956.653,1955.485,1956.201,145.2
2024-01-12T05:54:00+00:00,1956.201,1956.465,1955.366,1955.630,82.5
2024-01-12T05:55:00+00:00,1955.630,1956.358,1955.006,1955.734,132.4
2024-01-12T05:56:00+00:00,1955.734,1956.114,1955.171,1955.551,138.0
2024-01-12T05:57:00+00:00,1955.551,1955.839,1954.986,1955.274,162.1
2024-01-12T05:58:00+00:00,1955.274,1956.112,1954.707,1955.545,97.5
2024-01-12T05:59:00+00:00,1955.545,1956.123,1955.159,1955.737,118.8
2024-01-12T06:00:00+00:00,1955.737,1956.203,1954.977,1955.443,104.3
2024-01-12T06:01:00+00:00,1955.443,1955.557,1955.146,1955.260,68.7
2024-01-12T06:02:00+00:00,1955.260,1955.502,1955.112,1955.354,72.3
2024-01-12T06:03:00+00:00,1955.354,1955.930,1955.190,1955.765,131.2
2024-01-12T06:04:00+00:00,1955.765,1956.449,1955.624,1956.308,147.1
2024-01-12T06:05:00+00:00,1956.308,1956.576,1956.110,1956.378,124.7
2024-01-12T06:06:00+00:00,1956.378,1956.537,1955.679,1955.838,143.9
2024-01-12T06:07:00+00:00,1955.838,1956.205,1955.617,1955.983,83.7
2024-01-12T06:08:00+00:00,1955.983,1956.112,1955.600,1955.729,77.1
2024-01-12T06:09:00+00:00,1955.729,1956.636,1955.474,1956.381,122.8
2024-01-12T06:10:00+00:00,1956.381,1956.453,1956.146,1956.219,55.6
2024-01-12T06:11:00+00:00,1956.219,1956.282,1955.803,1955.866,117.8
2024-01-12T06:12:00+00:00,1955.866,1956.191,1955.678,1956.003,143.6
2024-01-12T06:13:00+00:00,1956.003,1956.142,1955.934,1956.074,119.5
2024-01-12T06:14:00+00:00,1956.074,1956.505,1956.007,1956.439,165.4
2024-01-12T06:15:00+00:00,1956.439,1956.582,1956.335,1956.478,119.1
2024-01-12T06:16:00+00:00,1956.478,1956.734,1956.323,1956.579,100.7
2024-01-12T06:17:00+00:00,1956.579,1957.523,1955.901,1956.844,134.8
2024-01-12T06:18:00+00:00,1956.844,1957.135,1956.592,1956.882,96.5
2024-01-12T06:19:00+00:00,1956.882,1956.990,1956.490,1956.598,98.9
2024-01-12T06:20:00+00:00,1956.598,1957.312,1956.436,1957.150,92.7
2024-01-12T06:21:00+00:00,1957.150,1957.231,1956.754,1956.835,114.8
2024-01-12T06:22:00+00:00,1956.835,1957.388,1956.601,1957.154,129.1
2024-01-12T06:23:00+00:00,1957.154,1957.600,1957.026,1957.472,68.3
2024-01-12T06:24:00+00:00,1957.472,1957.841,1957.181,1957.551,130.8
2024-01-12T06:25:00+00:00,1957.551,1958.086,1957.011,1957.547,166.2
2024-01-12T06:26:00+00:00,1957.547,1957.895,1957.130,1957.477,109.2
2024-01-12T06:27:00+00:00,1957.477,1957.578,1957.424,1957.524,92.7
2024-01-12T06:28:00+00:00,1957.524,1958.696,1957.180,1958.352,148.8
2024-01-12T06:29:00+00:00,1958.352,1958.718,1958.196,1958.562,84.7
2024-01-12T06:30:00+00:00,1958.562,1958.864,1957.812,1958.114,121.4
2024-01-12T06:31:00+00:00,1958.114,1959.281,1957.496,1958.663,157.7
2024-01-12T06:32:00+00:00,1958.663,1959.009,1958.472,1958.818,145.3
2024-01-12T06:33:00+00:00,1958.818,1958.944,1958.458,1958.584,134.3
2024-01-12T06:34:00+00:00,1958.584,1958.743,1958.473,1958.633,125.5
2024-01-12T06:35:00+00:00,1958.633,1959.247,1958.364,1958.978,60.4
2024-01-12T06:36:00+00:00,1958.978,1959.625,1958.005,1958.652,176.8
2024-01-12T06:37:00+00:00,1958.652,1958.720,1958.351,1958.419,128.7
2024-01-12T06:38:00+00:00,1958.419,1958.599,1957.963,1958.143,126.7
2024-01-12T06:39:00+00:00,1958.143,1958.385,1957.896,1958.138,111.8
2024-01-12T06:40:00+00:00,1958.138,1958.552,1957.484,1957.898,68.8
2024-01-12T06:41:00+00:00,1957.898,1958.099,1957.779,1957.980,107.0
2024-01-12T06:42:00+00:00,1957.980,1959.108,1957.265,1958.393,138.1
2024-01-12T06:43:00+00:00,1958.393,1958.536,1957.837,1957.979,112.1
2024-01-12T06:44:00+00:00,1957.979,1958.107,1957.583,1957.711,127.3
2024-01-12T06:45:00+00:00,1957.711,1958.577,1957.652,1958.519,139.9
2024-01-12T06:46:00+00:00,1958.519,1959.087,1958.229,1958.797,133.3
2024-01-12T06:47:00+00:00,1958.797,1959.059,1958.387,1958.650,102.0
2024-01-12T06:48:00+00:00,1958.650,1959.291,1958.372,1959.014,104.9
2024-01-12T06:49:00+00:00,1959.014,1959.589,1958.720,1959.295,144.3
2024-01-12T06:50:00+00:00,1959.295,1960.270,1959.005,1959.980,118.7
2024-01-12T06:51:00+00:00,1959.980,1960.555,1959.715,1960.291,142.5
2024-01-12T06:52:00+00:00,1960.291,1960.516,1960.195,1960.420,97.4
2024-01-12T06:53:00+00:00,1960.420,1961.330,1959.864,1960.774,114.0
2024-01-12T06:54:00+00:00,1960.774,1960.917,1960.132,1960.275,105.8
2024-01-12T06:55:00+00:00,1960.275,1960.486,1959.774,1959.984,127.3
2024-01-12T06:56:00+00:00,1959.984,1961.126,1959.519,1960.661,113.2
2024-01-12T06:57:00+00:00,1960.661,1960.854,1960.316,1960.509,94.4
2024-01-12T06:58:00+00:00,1960.509,1960.787,1959.706,1959.984,106.8
2024-01-12T06:59:00+00:00,1959.984,1960.621,1959.860,1960.496,76.3
2024-01-12T07:00:00+00:00,1960.496,1960.750,1960.337,1960.590,120.7
2024-01-12T07:01:00+00:00,1960.590,1961.023,1959.683,1960.116,173.5
2024-01-12T07:02:00+00:00,1960.116,1960.409,1958.841,1959.134,142.9
2024-01-12T07:03:00+00:00,1959.134,1959.942,1958.932,1959.740,118.2
2024-01-12T07:04:00+00:00,1959.740,1960.184,1959.420,1959.865,103.2
2024-01-12T07:05:00+00:00,1959.865,1960.395,1959.762,1960.292,125.0
2024-01-12T07:06:00+00:00,1960.292,1960.555,1960.174,1960.437,91.4
2024-01-12T07:07:00+00:00,1960.437,1961.142,1960.257,1960.962,111.1
2024-01-12T07:08:00+00:00,1960.962,1961.422,1959.675,1960.135,135.8
2024-01-12T07:09:00+00:00,1960.135,1960.219,1960.011,1960.096,108.0
2024-01-12T07:10:00+00:00,1960.096,1960.521,1959.878,1960.303,74.8
2024-01-12T07:11:00+00:00,1960.303,1960.561,1959.482,1959.740,128.2
2024-01-12T07:12:00+00:00,1959.740,1960.413,1959.561,1960.233,98.7
2024-01-12T07:13:00+00:00,1960.233,1960.480,1959.526,1959.773,133.7
2024-01-12T07:14:00+00:00,1959.773,1959.966,1959.553,1959.746,136.5
2024-01-12T07:15:00+00:00,1959.746,1960.285,1959.375,1959.914,73.7
2024-01-12T07:16:00+00:00,1959.914,1960.103,1959.491,1959.681,89.3
2024-01-12T07:17:00+00:00,1959.681,1960.481,1959.551,1960.351,131.3
2024-01-12T07:18:00+00:00,1960.351,1960.737,1960.234,1960.620,144.0
2024-01-12T07:19:00+00:00,1960.620,1960.849,1960.316,1960.544,135.4
2024-01-12T07:20:00+00:00,1960.544,1961.422,1960.113,1960.991,91.6
2024-01-12T07:21:00+00:00,1960.991,1961.255,1960.461,1960.725,130.2
2024-01-12T07:22:00+00:00,1960.725,1961.199,1960.580,1961.055,150.9
2024-01-12T07:23:00+00:00,1961.055,1961.559,1960.851,1961.354,138.5
2024-01-12T07:24:00+00:00,1961.354,1962.024,1961.178,1961.848,53.7
2024-01-12T07:25:00+00:00,1961.848,1962.146,1961.734,1962.033,137.3
2024-01-12T07:26:00+00:00,1962.033,1962.278,1961.962,1962.208,118.7
2024-01-12T07:27:00+00:00,1962.208,1962.735,1961.400,1961.927,164.7
2024-01-12T07:28:00+00:00,1961.927,1962.194,1961.609,1961.876,132.0
2024-01-12T07:29:00+00:00,1961.876,1962.474,1961.822,1962.420,94.9
2024-01-12T07:30:00+00:00,1962.420,1962.850,1962.315,1962.745,95.5
2024-01-12T07:31:00+00:00,1962.745,1962.828,1962.583,1962.667,86.4
2024-01-12T07:32:00+00:00,1962.667,1963.120,1962.310,1962.764,150.6
2024-01-12T07:33:00+00:00,1962.764,1963.419,1962.535,1963.189,116.6
2024-01-12T07:34:00+00:00,1963.189,1963.747,1962.845,1963.402,120.6
2024-01-12T07:35:00+00:00,1963.402,1963.791,1963.192,1963.580,119.6
2024-01-12T07:36:00+00:00,1963.580,1963.899,1963.094,1963.412,131.2
2024-01-12T07:37:00+00:00,1963.412,1964.648,1962.938,1964.173,105.2
2024-01-12T07:38:00+00:00,1964.173,1964.479,1963.936,1964.242,124.3
2024-01-12T07:39:00+00:00,1964.242,1964.992,1963.784,1964.534,116.4
2024-01-12T07:40:00+00:00,1964.534,1964.924,1964.349,1964.739,173.6
2024-01-12T07:41:00+00:00,1964.739,1965.163,1964.386,1964.811,102.8
2024-01-12T07:42:00+00:00,1964.811,1964.997,1964.314,1964.500,106.5
2024-01-12T07:43:00+00:00,1964.500,1965.041,1964.268,1964.809,120.1
2024-01-12T07:44:00+00:00,1964.809,1964.890,1964.420,1964.501,107.2
2024-01-12T07:45:00+00:00,1964.501,1964.984,1963.893,1964.375,165.7
2024-01-12T07:46:00+00:00,1964.375,1965.357,1963.599,1964.580,199.1
2024-01-12T07:47:00+00:00,1964.580,1965.196,1963.985,1964.601,107.4
2024-01-12T07:48:00+00:00,1964.601,1965.635,1964.536,1965.570,65.0
2024-01-12T07:49:00+00:00,1965.570,1965.816,1965.324,1965.571,170.2
2024-01-12T07:50:00+00:00,1965.571,1966.396,1965.087,1965.913,125.2
2024-01-12T07:51:00+00:00,1965.913,1965.999,1965.307,1965.393,93.7
2024-01-12T07:52:00+00:00,1965.393,1966.264,1964.816,1965.688,90.6
2024-01-12T07:53:00+00:00,1965.688,1965.762,1965.217,1965.291,150.3
2024-01-12T07:54:00+00:00,1965.291,1965.665,1964.818,1965.191,104.6
2024-01-12T07:55:00+00:00,1965.191,1965.526,1964.808,1965.143,123.2
2024-01-12T07:56:00+00:00,1965.143,1966.382,1964.389,1965.628,172.7
2024-01-12T07:57:00+00:00,1965.628,1966.576,1965.447,1966.395,200.0
2024-01-12T07:58:00+00:00,1966.395,1966.675,1965.583,1965.863,81.1
2024-01-12T07:59:00+00:00,1965.863,1966.035,1965.483,1965.656,126.5
2024-01-12T08:00:00+00:00,1965.656,1965.861,1965.558,1965.764,64.7
2024-01-12T08:01:00+00:00,1965.764,1966.026,1964.944,1965.207,90.2
2024-01-12T08:02:00+00:00,1965.207,1965.681,1964.575,1965.050,116.2
2024-01-12T08:03:00+00:00,1965.050,1965.400,1964.874,1965.224,159.5
2024-01-12T08:04:00+00:00,1965.224,1965.579,1964.946,1965.301,93.2
2024-01-12T08:05:00+00:00,1965.301,1965.783,1964.896,1965.378,63.4
2024-01-12T08:06:00+00:00,1965.378,1965.531,1964.622,1964.774,126.9
2024-01-12T08:07:00+00:00,1964.774,1965.643,1964.647,1965.517,108.7
2024-01-12T08:08:00+00:00,1965.517,1965.963,1965.441,1965.887,120.0
2024-01-12T08:09:00+00:00,1965.887,1966.229,1965.596,1965.938,167.6
2024-01-12T08:10:00+00:00,1965.938,1966.011,1965.375,1965.448,105.7
2024-01-12T08:11:00+00:00,1965.448,1966.096,1964.811,1965.459,112.9
2024-01-12T08:12:00+00:00,1965.459,1965.721,1964.344,1964.607,105.5
2024-01-12T08:13:00+00:00,1964.607,1965.206,1963.691,1964.290,179.7
2024-01-12T08:14:00+00:00,1964.290,1964.762,1964.179,1964.651,98.1
2024-01-12T08:15:00+00:00,1964.651,1965.276,1964.538,1965.163,126.7
2024-01-12T08:16:00+00:00,1965.163,1965.251,1965.018,1965.106,60.4
2024-01-12T08:17:00+00:00,1965.106,1965.477,1964.312,1964.684,54.6
2024-01-12T08:18:00+00:00,1964.684,1964.860,1964.105,1964.281,114.1
2024-01-12T08:19:00+00:00,1964.281,1964.441,1964.093,1964.254,150.9
2024-01-12T08:20:00+00:00,1964.254,1964.438,1963.348,1963.533,112.6
2024-01-12T08:21:00+00:00,1963.533,1963.924,1962.841,1963.233,116.1
2024-01-12T08:22:00+00:00,1963.233,1963.803,1963.049,1963.619,111.6
2024-01-12T08:23:00+00:00,1963.619,1964.381,1963.202,1963.964,83.1
2024-01-12T08:24:00+00:00,1963.964,1964.613,1963.177,1963.826,106.9
2024-01-12T08:25:00+00:00,1963.826,1964.315,1963.268,1963.757,88.5
2024-01-12T08:26:00+00:00,1963.757,1964.395,1962.663,1963.301,157.3
2024-01-12T08:27:00+00:00,1963.301,1963.613,1963.200,1963.512,159.4
2024-01-12T08:28:00+00:00,1963.512,1963.905,1963.156,1963.549,146.1
2024-01-12T08:29:00+00:00,1963.549,1964.602,1963.236,1964.288,102.8
2024-01-12T08:30:00+00:00,1964.288,1964.831,1963.962,1964.504,139.7
2024-01-12T08:31:00+00:00,1964.504,1965.390,1964.383,1965.270,107.2
2024-01-12T08:32:00+00:00,1965.270,1965.913,1964.936,1965.579,119.4
2024-01-12T08:33:00+00:00,1965.579,1965.843,1965.497,1965.760,127.5
2024-01-12T08:34:00+00:00,1965.760,1966.040,1965.608,1965.888,141.9
2024-01-12T08:35:00+00:00,1965.888,1966.496,1965.406,1966.014,128.7
2024-01-12T08:36:00+00:00,1966.014,1966.411,1965.657,1966.054,187.5
2024-01-12T08:37:00+00:00,1966.054,1966.232,1965.792,1965.971,111.5
2024-01-12T08:38:00+00:00,1965.971,1966.050,1965.893,1965.972,170.7
2024-01-12T08:39:00+00:00,1965.972,1966.080,1965.692,1965.801,106.2
2024-01-12T08:40:00+00:00,1965.801,1966.474,1965.339,1966.012,149.8
2024-01-12T08:41:00+00:00,1966.012,1966.420,1965.472,1965.880,163.7
2024-01-12T08:42:00+00:00,1965.880,1966.101,1965.193,1965.415,120.4
2024-01-12T08:43:00+00:00,1965.415,1965.881,1964.710,1965.176,98.3
2024-01-12T08:44:00+00:00,1965.176,1965.510,1965.105,1965.439,102.6
2024-01-12T08:45:00+00:00,1965.439,1965.827,1965.380,1965.769,121.7
2024-01-12T08:46:00+00:00,1965.769,1966.168,1965.063,1965.462,105.9
2024-01-12T08:47:00+00:00,1965.462,1965.709,1965.306,1965.554,128.7
2024-01-12T08:48:00+00:00,1965.554,1965.669,1965.344,1965.459,118.5
2024-01-12T08:49:00+00:00,1965.459,1966.182,1964.848,1965.571,119.0
2024-01-12T08:50:00+00:00,1965.571,1965.738,1965.328,1965.495,149.1
2024-01-12T08:51:00+00:00,1965.495,1966.221,1965.160,1965.886,141.1
2024-01-12T08:52:00+00:00,1965.886,1966.115,1965.809,1966.038,142.5
2024-01-12T08:53:00+00:00,1966.038,1966.123,1965.711,1965.795,128.7
2024-01-12T08:54:00+00:00,1965.795,1966.161,1965.370,1965.736,117.0
2024-01-12T08:55:00+00:00,1965.736,1965.948,1965.363,1965.576,137.6
2024-01-12T08:56:00+00:00,1965.576,1966.006,1965.511,1965.942,85.2
2024-01-12T08:57:00+00:00,1965.942,1966.041,1965.765,1965.864,87.7
2024-01-12T08:58:00+00:00,1965.864,1965.942,1965.563,1965.641,102.0
2024-01-12T08:59:00+00:00,1965.641,1966.155,1965.261,1965.775,138.5
2024-01-12T09:00:00+00:00,1965.775,1965.848,1965.445,1965.518,120.2
2024-01-12T09:01:00+00:00,1965.518,1965.825,1965.012,1965.320,66.0
2024-01-12T09:02:00+00:00,1965.320,1965.575,1965.119,1965.375,112.3
2024-01-12T09:03:00+00:00,1965.375,1965.715,1964.991,1965.330,117.5
2024-01-12T09:04:00+00:00,1965.330,1965.580,1965.123,1965.373,120.0
2024-01-12T09:05:00+00:00,1965.373,1965.683,1964.912,1965.221,116.4
2024-01-12T09:06:00+00:00,1965.221,1965.477,1964.674,1964.930,95.9
2024-01-12T09:07:00+00:00,1964.930,1965.447,1964.870,1965.387,118.0
2024-01-12T09:08:00+00:00,1965.387,1965.533,1964.966,1965.111,88.6
2024-01-12T09:09:00+00:00,1965.111,1965.264,1964.396,1964.549,56.8
2024-01-12T09:10:00+00:00,1964.549,1965.121,1964.356,1964.929,166.8
2024-01-12T09:11:00+00:00,1964.929,1965.437,1964.472,1964.981,75.4
2024-01-12T09:12:00+00:00,1964.981,1965.085,1964.701,1964.804,102.6
2024-01-12T09:13:00+00:00,1964.804,1964.899,1964.701,1964.796,138.2
2024-01-12T09:14:00+00:00,1964.796,1965.870,1964.202,1965.275,138.3
2024-01-12T09:15:00+00:00,1965.275,1965.731,1964.389,1964.844,74.9
2024-01-12T09:16:00+00:00,1964.844,1965.008,1964.362,1964.526,114.2
2024-01-12T09:17:00+00:00,1964.526,1964.865,1964.387,1964.726,95.8
2024-01-12T09:18:00+00:00,1964.726,1965.048,1963.804,1964.126,112.9
2024-01-12T09:19:00+00:00,1964.126,1964.259,1963.920,1964.052,110.8
2024-01-12T09:20:00+00:00,1964.052,1964.103,1963.719,1963.769,127.0
2024-01-12T09:21:00+00:00,1963.769,1964.222,1962.850,1963.303,134.8
2024-01-12T09:22:00+00:00,1963.303,1963.778,1963.107,1963.582,114.4
2024-01-12T09:23:00+00:00,1963.582,1963.729,1963.224,1963.370,116.3
2024-01-12T09:24:00+00:00,1963.370,1963.621,1962.895,1963.146,132.8
2024-01-12T09:25:00+00:00,1963.146,1963.394,1962.982,1963.230,130.2
2024-01-12T09:26:00+00:00,1963.230,1963.401,1961.935,1962.106,124.7
2024-01-12T09:27:00+00:00,1962.106,1962.308,1961.163,1961.365,125.4
2024-01-12T09:28:00+00:00,1961.365,1961.910,1961.233,1961.778,82.0
2024-01-12T09:29:00+00:00,1961.778,1962.163,1961.653,1962.038,142.7
2024-01-12T09:30:00+00:00,1962.038,1962.503,1961.047,1961.512,71.0
2024-01-12T09:31:00+00:00,1961.512,1962.013,1961.167,1961.669,125.7
2024-01-12T09:32:00+00:00,1961.669,1961.786,1961.578,1961.696,125.4
2024-01-12T09:33:00+00:00,1961.696,1962.052,1960.942,1961.298,141.9
2024-01-12T09:34:00+00:00,1961.298,1961.686,1961.215,1961.603,144.9
2024-01-12T09:35:00+00:00,1961.603,1962.569,1960.923,1961.889,150.2
2024-01-12T09:36:00+00:00,1961.889,1962.148,1961.329,1961.588,145.9
2024-01-12T09:37:00+00:00,1961.588,1961.893,1961.403,1961.708,120.0
2024-01-12T09:38:00+00:00,1961.708,1961.780,1961.312,1961.384,75.2
2024-01-12T09:39:00+00:00,1961.384,1962.051,1960.762,1961.429,139.7
2024-01-12T09:40:00+00:00,1961.429,1961.705,1960.811,1961.087,192.6
2024-01-12T09:41:00+00:00,1961.087,1961.442,1960.901,1961.257,135.4
2024-01-12T09:42:00+00:00,1961.257,1961.579,1960.778,1961.100,123.8
2024-01-12T09:43:00+00:00,1961.100,1961.595,1960.726,1961.221,81.6
2024-01-12T09:44:00+00:00,1961.221,1961.826,1961.098,1961.704,59.0
2024-01-12T09:45:00+00:00,1961.704,1962.286,1961.405,1961.988,134.2
2024-01-12T09:46:00+00:00,1961.988,1962.522,1961.705,1962.240,135.2
2024-01-12T09:47:00+00:00,1962.240,1962.460,1961.402,1961.623,192.6
2024-01-12T09:48:00+00:00,1961.623,1962.302,1961.489,1962.169,134.9
2024-01-12T09:49:00+00:00,1962.169,1962.376,1961.935,1962.142,124.4
2024-01-12T09:50:00+00:00,1962.142,1962.291,1961.617,1961.766,61.2
2024-01-12T09:51:00+00:00,1961.766,1961.862,1961.314,1961.410,129.5
2024-01-12T09:52:00+00:00,1961.410,1962.621,1960.950,1962.160,184.0
2024-01-12T09:53:00+00:00,1962.160,1962.323,1961.793,1961.955,116.1
2024-01-12T09:54:00+00:00,1961.955,1963.016,1961.628,1962.689,108.1
2024-01-12T09:55:00+00:00,1962.689,1963.106,1962.399,1962.815,130.0
2024-01-12T09:56:00+00:00,1962.815,1963.094,1962.531,1962.809,89.8
2024-01-12T09:57:00+00:00,1962.809,1963.464,1962.631,1963.286,129.7
2024-01-12T09:58:00+00:00,1963.286,1963.498,1962.695,1962.907,150.1
2024-01-12T09:59:00+00:00,1962.907,1963.139,1962.807,1963.039,142.2
2024-01-12T10:00:00+00:00,1963.039,1964.801,1962.379,1964.141,56.8
2024-01-12T10:01:00+00:00,1964.141,1964.630,1963.651,1964.140,148.4
2024-01-12T10:02:00+00:00,1964.140,1964.203,1963.731,1963.794,94.2
2024-01-12T10:03:00+00:00,1963.794,1964.872,1963.356,1964.435,68.8
2024-01-12T10:04:00+00:00,1964.435,1964.755,1964.298,1964.619,164.8
2024-01-12T10:05:00+00:00,1964.619,1964.910,1964.376,1964.667,105.9
2024-01-12T10:06:00+00:00,1964.667,1965.120,1964.179,1964.632,122.7
2024-01-12T10:07:00+00:00,1964.632,1964.786,1964.232,1964.386,143.5
2024-01-12T10:08:00+00:00,1964.386,1964.853,1963.755,1964.222,147.0
2024-01-12T10:09:00+00:00,1964.222,1964.297,1964.129,1964.205,109.0
2024-01-12T10:10:00+00:00,1964.205,1964.532,1962.976,1963.303,166.2
2024-01-12T10:11:00+00:00,1963.303,1963.423,1963.044,1963.164,79.0
2024-01-12T10:12:00+00:00,1963.164,1963.248,1962.953,1963.036,117.4
2024-01-12T10:13:00+00:00,1963.036,1963.339,1962.682,1962.984,139.6
2024-01-12T10:14:00+00:00,1962.984,1963.411,1962.782,1963.209,104.1
2024-01-12T10:15:00+00:00,1963.209,1963.670,1962.679,1963.140,76.6
2024-01-12T10:16:00+00:00,1963.140,1963.258,1963.081,1963.200,122.4
2024-01-12T10:17:00+00:00,1963.200,1964.134,1962.600,1963.534,130.7
2024-01-12T10:18:00+00:00,1963.534,1963.914,1963.011,1963.391,140.4
2024-01-12T10:19:00+00:00,1963.391,1964.230,1962.961,1963.800,120.0
2024-01-12T10:20:00+00:00,1963.800,1964.136,1963.750,1964.086,106.0
2024-01-12T10:21:00+00:00,1964.086,1964.835,1963.595,1964.345,117.5
2024-01-12T10:22:00+00:00,1964.345,1964.423,1963.972,1964.050,81.2
2024-01-12T10:23:00+00:00,1964.050,1964.416,1963.671,1964.036,131.9
2024-01-12T10:24:00+00:00,1964.036,1964.222,1963.325,1963.510,96.5
2024-01-12T10:25:00+00:00,1963.510,1963.747,1962.690,1962.927,133.5
2024-01-12T10:26:00+00:00,1962.927,1963.327,1962.398,1962.799,141.9
2024-01-12T10:27:00+00:00,1962.799,1962.858,1962.464,1962.523,114.8
2024-01-12T10:28:00+00:00,1962.523,1962.885,1962.093,1962.455,158.8
2024-01-12T10:29:00+00:00,1962.455,1963.007,1961.496,1962.048,71.8
2024-01-12T10:30:00+00:00,1962.048,1962.683,1961.252,1961.888,140.9
2024-01-12T10:31:00+00:00,1961.888,1962.297,1961.803,1962.212,133.8
2024-01-12T10:32:00+00:00,1962.212,1962.613,1961.511,1961.911,113.7
2024-01-12T10:33:00+00:00,1961.911,1962.343,1961.222,1961.654,183.2
2024-01-12T10:34:00+00:00,1961.654,1961.961,1960.746,1961.053,134.9
2024-01-12T10:35:00+00:00,1961.053,1961.546,1960.493,1960.987,137.5
2024-01-12T10:36:00+00:00,1960.987,1961.289,1960.737,1961.040,136.7
2024-01-12T10:37:00+00:00,1961.040,1961.284,1960.227,1960.471,159.6
2024-01-12T10:38:00+00:00,1960.471,1960.842,1960.131,1960.502,100.5
2024-01-12T10:39:00+00:00,1960.502,1960.633,1960.247,1960.378,124.9
2024-01-12T10:40:00+00:00,1960.378,1961.387,1959.595,1960.603,142.3
2024-01-12T10:41:00+00:00,1960.603,1960.770,1959.717,1959.884,123.0
2024-01-12T10:42:00+00:00,1959.884,1960.400,1959.675,1960.191,79.1
2024-01-12T10:43:00+00:00,1960.191,1960.308,1959.714,1959.830,189.6
2024-01-12T10:44:00+00:00,1959.830,1960.013,1959.134,1959.317,98.2
2024-01-12T10:45:00+00:00,1959.317,1959.819,1959.122,1959.624,114.5
2024-01-12T10:46:00+00:00,1959.624,1960.094,1959.195,1959.664,111.3
2024-01-12T10:47:00+00:00,1959.664,1959.722,1959.142,1959.200,83.1
2024-01-12T10:48:00+00:00,1959.200,1959.467,1958.943,1959.211,108.9
2024-01-12T10:49:00+00:00,1959.211,1959.808,1958.851,1959.449,173.4
2024-01-12T10:50:00+00:00,1959.449,1959.636,1959.064,1959.251,145.0
2024-01-12T10:51:00+00:00,1959.251,1959.745,1958.956,1959.450,133.7
2024-01-12T10:52:00+00:00,1959.450,1959.900,1959.180,1959.629,135.2
2024-01-12T10:53:00+00:00,1959.629,1959.874,1959.505,1959.749,117.6
2024-01-12T10:54:00+00:00,1959.749,1959.821,1958.956,1959.028,121.3
2024-01-12T10:55:00+00:00,1959.028,1959.190,1958.599,1958.761,156.3
2024-01-12T10:56:00+00:00,1958.761,1959.367,1957.993,1958.598,104.1
2024-01-12T10:57:00+00:00,1958.598,1958.966,1958.111,1958.479,128.5
2024-01-12T10:58:00+00:00,1958.479,1958.781,1958.293,1958.595,102.8
2024-01-12T10:59:00+00:00,1958.595,1958.809,1957.759,1957.973,120.3
2024-01-12T11:00:00+00:00,1957.973,1958.034,1957.588,1957.649,154.3
2024-01-12T11:01:00+00:00,1957.649,1958.145,1957.393,1957.889,153.4
2024-01-12T11:02:00+00:00,1957.889,1957.958,1957.837,1957.906,120.2
2024-01-12T11:03:00+00:00,1957.906,1958.475,1957.424,1957.993,128.0
2024-01-12T11:04:00+00:00,1957.993,1958.260,1957.668,1957.935,103.2
2024-01-12T11:05:00+00:00,1957.935,1958.400,1957.788,1958.253,117.0
2024-01-12T11:06:00+00:00,1958.253,1959.002,1957.964,1958.713,119.1
2024-01-12T11:07:00+00:00,1958.713,1958.892,1958.312,1958.491,114.5
2024-01-12T11:08:00+00:00,1958.491,1958.735,1958.373,1958.616,149.0
2024-01-12T11:09:00+00:00,1958.616,1959.111,1958.296,1958.790,121.3
2024-01-12T11:10:00+00:00,1958.790,1959.158,1958.288,1958.655,66.0
2024-01-12T11:11:00+00:00,1958.655,1959.048,1958.527,1958.921,155.4
2024-01-12T11:12:00+00:00,1958.921,1959.643,1958.685,1959.407,131.6
2024-01-12T11:13:00+00:00,1959.407,1959.844,1959.327,1959.764,108.2
2024-01-12T11:14:00+00:00,1959.764,1960.246,1959.558,1960.040,104.6
2024-01-12T11:15:00+00:00,1960.040,1960.410,1959.452,1959.821,180.8
2024-01-12T11:16:00+00:00,1959.821,1959.994,1959.443,1959.616,102.1
2024-01-12T11:17:00+00:00,1959.616,1959.700,1959.277,1959.361,120.9
2024-01-12T11:18:00+00:00,1959.361,1960.229,1958.702,1959.570,124.4
2024-01-12T11:19:00+00:00,1959.570,1960.125,1959.505,1960.060,102.4
2024-01-12T11:20:00+00:00,1960.060,1960.874,1959.882,1960.696,141.2
2024-01-12T11:21:00+00:00,1960.696,1960.782,1960.611,1960.698,90.5
2024-01-12T11:22:00+00:00,1960.698,1960.794,1960.587,1960.683,175.6
2024-01-12T11:23:00+00:00,1960.683,1961.122,1959.649,1960.088,135.8
2024-01-12T11:24:00+00:00,1960.088,1960.830,1958.742,1959.484,110.2
2024-01-12T11:25:00+00:00,1959.484,1960.304,1958.973,1959.793,75.8
2024-01-12T11:26:00+00:00,1959.793,1960.515,1959.525,1960.247,93.3
2024-01-12T11:27:00+00:00,1960.247,1960.705,1959.653,1960.111,113.9
2024-01-12T11:28:00+00:00,1960.111,1960.409,1960.017,1960.315,87.6
2024-01-12T11:29:00+00:00,1960.315,1960.831,1959.808,1960.324,149.4
2024-01-12T11:30:00+00:00,1960.324,1960.404,1959.602,1959.681,55.0
2024-01-12T11:31:00+00:00,1959.681,1959.835,1959.412,1959.567,97.8
2024-01-12T11:32:00+00:00,1959.567,1960.238,1959.511,1960.183,133.5
2024-01-12T11:33:00+00:00,1960.183,1960.360,1959.426,1959.603,126.2
2024-01-12T11:34:00+00:00,1959.603,1959.984,1959.414,1959.796,77.6
2024-01-12T11:35:00+00:00,1959.796,1960.128,1958.879,1959.211,152.1
2024-01-12T11:36:00+00:00,1959.211,1959.566,1958.163,1958.517,123.7
2024-01-12T11:37:00+00:00,1958.517,1958.584,1958.353,1958.420,95.2
2024-01-12T11:38:00+00:00,1958.420,1958.551,1958.337,1958.468,114.2
2024-01-12T11:39:00+00:00,1958.468,1958.576,1958.355,1958.464,113.8
2024-01-12T11:40:00+00:00,1958.464,1959.006,1958.248,1958.790,122.3
2024-01-12T11:41:00+00:00,1958.790,1959.184,1958.362,1958.756,80.4
2024-01-12T11:42:00+00:00,1958.756,1958.808,1957.950,1958.002,67.9
2024-01-12T11:43:00+00:00,1958.002,1958.107,1957.454,1957.559,125.1
2024-01-12T11:44:00+00:00,1957.559,1957.800,1957.123,1957.364,75.5
2024-01-12T11:45:00+00:00,1957.364,1957.622,1956.783,1957.041,118.3
2024-01-12T11:46:00+00:00,1957.041,1957.425,1956.913,1957.297,85.6
2024-01-12T11:47:00+00:00,1957.297,1957.715,1956.942,1957.361,128.3
2024-01-12T11:48:00+00:00,1957.361,1957.511,1956.979,1957.129,110.1
2024-01-12T11:49:00+00:00,1957.129,1957.409,1956.414,1956.694,110.1
2024-01-12T11:50:00+00:00,1956.694,1957.639,1956.358,1957.302,105.0
2024-01-12T11:51:00+00:00,1957.302,1958.268,1957.131,1958.096,96.4
2024-01-12T11:52:00+00:00,1958.096,1958.151,1957.344,1957.399,131.6
2024-01-12T11:53:00+00:00,1957.399,1957.479,1957.117,1957.198,132.8
2024-01-12T11:54:00+00:00,1957.198,1957.267,1956.779,1956.849,111.8
2024-01-12T11:55:00+00:00,1956.849,1957.500,1956.633,1957.284,116.3
2024-01-12T11:56:00+00:00,1957.284,1957.375,1956.761,1956.852,95.6
2024-01-12T11:57:00+00:00,1956.852,1956.988,1956.517,1956.653,142.7
2024-01-12T11:58:00+00:00,1956.653,1957.136,1956.456,1956.939,125.4
2024-01-12T11:59:00+00:00,1956.939,1957.199,1956.593,1956.853,182.9
2024-01-12T12:00:00+00:00,1956.853,1957.403,1956.591,1957.141,127.2
2024-01-12T12:01:00+00:00,1957.141,1957.794,1956.591,1957.243,129.0
2024-01-12T12:02:00+00:00,1957.243,1957.309,1957.056,1957.122,141.6
2024-01-12T12:03:00+00:00,1957.122,1958.228,1957.006,1958.112,84.5
2024-01-12T12:04:00+00:00,1958.112,1958.357,1957.665,1957.910,141.1
2024-01-12T12:05:00+00:00,1957.910,1958.097,1957.716,1957.902,96.5
2024-01-12T12:06:00+00:00,1957.902,1958.916,1957.350,1958.364,109.5
2024-01-12T12:07:00+00:00,1958.364,1958.530,1957.870,1958.036,125.8
2024-01-12T12:08:00+00:00,1958.036,1958.317,1957.731,1958.011,177.1
2024-01-12T12:09:00+00:00,1958.011,1958.398,1957.727,1958.114,119.9
2024-01-12T12:10:00+00:00,1958.114,1958.359,1957.535,1957.780,107.8
2024-01-12T12:11:00+00:00,1957.780,1958.281,1957.529,1958.031,129.0
2024-01-12T12:12:00+00:00,1958.031,1958.288,1957.448,1957.704,154.7
2024-01-12T12:13:00+00:00,1957.704,1957.939,1956.919,1957.153,94.5
2024-01-12T12:14:00+00:00,1957.153,1957.284,1957.078,1957.208,145.4
2024-01-12T12:15:00+00:00,1957.208,1957.734,1956.192,1956.718,129.6
2024-01-12T12:16:00+00:00,1956.718,1957.070,1956.081,1956.432,160.8
2024-01-12T12:17:00+00:00,1956.432,1956.721,1956.256,1956.545,96.4
2024-01-12T12:18:00+00:00,1956.545,1956.980,1955.739,1956.173,121.7
2024-01-12T12:19:00+00:00,1956.173,1956.314,1955.961,1956.102,155.0
2024-01-12T12:20:00+00:00,1956.102,1956.356,1955.664,1955.918,66.5
2024-01-12T12:21:00+00:00,1955.918,1956.051,1955.458,1955.591,92.0
2024-01-12T12:22:00+00:00,1955.591,1956.750,1955.045,1956.204,131.6
2024-01-12T12:23:00+00:00,1956.204,1956.485,1956.043,1956.323,117.9
2024-01-12T12:24:00+00:00,1956.323,1957.223,1955.329,1956.229,128.1
2024-01-12T12:25:00+00:00,1956.229,1956.955,1955.234,1955.960,173.5
2024-01-12T12:26:00+00:00,1955.960,1956.442,1955.414,1955.896,119.4
2024-01-12T12:27:00+00:00,1955.896,1956.598,1955.505,1956.208,103.5
2024-01-12T12:28:00+00:00,1956.208,1956.541,1955.013,1955.346,177.7
2024-01-12T12:29:00+00:00,1955.346,1955.522,1954.607,1954.783,117.5
2024-01-12T12:30:00+00:00,1954.783,1954.977,1954.444,1954.638,116.6
2024-01-12T12:31:00+00:00,1954.638,1955.035,1954.384,1954.781,74.1
2024-01-12T12:32:00+00:00,1954.781,1955.476,1954.670,1955.365,131.9
2024-01-12T12:33:00+00:00,1955.365,1955.529,1954.754,1954.919,118.4
2024-01-12T12:34:00+00:00,1954.919,1955.115,1954.841,1955.036,151.5
2024-01-12T12:35:00+00:00,1955.036,1955.592,1954.899,1955.454,108.9
2024-01-12T12:36:00+00:00,1955.454,1956.059,1955.053,1955.657,98.8
2024-01-12T12:37:00+00:00,1955.657,1956.231,1954.907,1955.481,175.4
2024-01-12T12:38:00+00:00,1955.481,1955.584,1955.234,1955.337,84.6
2024-01-12T12:39:00+00:00,1955.337,1955.631,1955.173,1955.468,85.5
2024-01-12T12:40:00+00:00,1955.468,1955.954,1955.050,1955.536,75.4
2024-01-12T12:41:00+00:00,1955.536,1956.129,1954.882,1955.475,114.2
2024-01-12T12:42:00+00:00,1955.475,1955.910,1954.743,1955.178,126.9
2024-01-12T12:43:00+00:00,1955.178,1955.903,1954.716,1955.441,138.6
2024-01-12T12:44:00+00:00,1955.441,1956.021,1954.927,1955.507,75.0
2024-01-12T12:45:00+00:00,1955.507,1955.612,1954.969,1955.074,102.2
2024-01-12T12:46:00+00:00,1955.074,1955.579,1954.464,1954.969,71.6
2024-01-12T12:47:00+00:00,1954.969,1955.260,1954.870,1955.161,132.1
2024-01-12T12:48:00+00:00,1955.161,1955.216,1954.924,1954.979,74.7
2024-01-12T12:49:00+00:00,1954.979,1955.840,1954.668,1955.529,81.2
2024-01-12T12:50:00+00:00,1955.529,1955.665,1955.189,1955.325,107.4
2024-01-12T12:51:00+00:00,1955.325,1955.428,1955.158,1955.261,66.4
2024-01-12T12:52:00+00:00,1955.261,1955.641,1955.097,1955.477,90.9
2024-01-12T12:53:00+00:00,1955.477,1955.550,1955.295,1955.368,112.3
2024-01-12T12:54:00+00:00,1955.368,1955.787,1954.921,1955.340,121.8
2024-01-12T12:55:00+00:00,1955.340,1955.583,1955.193,1955.436,132.9
2024-01-12T12:56:00+00:00,1955.436,1955.519,1955.111,1955.194,148.9
2024-01-12T12:57:00+00:00,1955.194,1955.299,1955.071,1955.176,121.8
2024-01-12T12:58:00+00:00,1955.176,1955.679,1954.815,1955.318,118.3
2024-01-12T12:59:00+00:00,1955.318,1955.837,1955.044,1955.563,136.4
2024-01-12T13:00:00+00:00,1955.563,1955.715,1955.207,1955.359,86.4
2024-01-12T13:01:00+00:00,1955.359,1955.703,1954.666,1955.009,77.8
2024-01-12T13:02:00+00:00,1955.009,1955.396,1954.630,1955.017,180.5
2024-01-12T13:03:00+00:00,1955.017,1955.461,1954.769,1955.213,86.9
2024-01-12T13:04:00+00:00,1955.213,1955.345,1954.943,1955.075,169.8
2024-01-12T13:05:00+00:00,1955.075,1955.821,1954.780,1955.527,126.9
2024-01-12T13:06:00+00:00,1955.527,1956.031,1955.304,1955.809,105.8
2024-01-12T13:07:00+00:00,1955.809,1956.477,1955.414,1956.082,121.1
2024-01-12T13:08:00+00:00,1956.082,1956.202,1955.896,1956.016,120.7
2024-01-12T13:09:00+00:00,1956.016,1956.271,1955.169,1955.424,106.8
2024-01-12T13:10:00+00:00,1955.424,1956.599,1954.895,1956.069,106.2
2024-01-12T13:11:00+00:00,1956.069,1957.089,1955.665,1956.686,96.6
2024-01-12T13:12:00+00:00,1956.686,1957.027,1956.214,1956.556,98.2
2024-01-12T13:13:00+00:00,1956.556,1957.233,1955.722,1956.399,79.0
2024-01-12T13:14:00+00:00,1956.399,1956.622,1955.729,1955.952,98.2
2024-01-12T13:15:00+00:00,1955.952,1956.114,1955.838,1956.001,109.3
2024-01-12T13:16:00+00:00,1956.001,1956.109,1955.377,1955.485,138.4
2024-01-12T13:17:00+00:00,1955.485,1955.878,1955.037,1955.430,106.8
2024-01-12T13:18:00+00:00,1955.430,1955.801,1955.314,1955.686,159.5
2024-01-12T13:19:00+00:00,1955.686,1956.540,1955.345,1956.200,67.4
2024-01-12T13:20:00+00:00,1956.200,1956.649,1956.073,1956.522,130.3
2024-01-12T13:21:00+00:00,1956.522,1956.759,1956.098,1956.335,155.0
2024-01-12T13:22:00+00:00,1956.335,1956.642,1956.155,1956.462,121.4
2024-01-12T13:23:00+00:00,1956.462,1956.901,1956.087,1956.525,101.7
2024-01-12T13:24:00+00:00,1956.525,1956.751,1956.440,1956.666,78.8
2024-01-12T13:25:00+00:00,1956.666,1957.281,1956.120,1956.735,138.0
2024-01-12T13:26:00+00:00,1956.735,1956.897,1956.077,1956.238,101.5
2024-01-12T13:27:00+00:00,1956.238,1956.494,1955.683,1955.939,103.2
2024-01-12T13:28:00+00:00,1955.939,1956.288,1955.523,1955.872,147.6
2024-01-12T13:29:00+00:00,1955.872,1956.483,1955.336,1955.947,144.4
2024-01-12T13:30:00+00:00,1955.947,1956.422,1955.771,1956.246,116.7
2024-01-12T13:31:00+00:00,1956.246,1956.462,1955.632,1955.848,123.0
2024-01-12T13:32:00+00:00,1955.848,1955.998,1955.436,1955.586,129.8
2024-01-12T13:33:00+00:00,1955.586,1955.997,1954.922,1955.333,106.1
2024-01-12T13:34:00+00:00,1955.333,1955.652,1955.024,1955.342,104.5
2024-01-12T13:35:00+00:00,1955.342,1955.506,1955.040,1955.204,110.7
2024-01-12T13:36:00+00:00,1955.204,1955.524,1954.674,1954.994,126.9
2024-01-12T13:37:00+00:00,1954.994,1955.250,1954.576,1954.832,149.6
2024-01-12T13:38:00+00:00,1954.832,1955.071,1954.552,1954.790,99.0
2024-01-12T13:39:00+00:00,1954.790,1955.487,1954.603,1955.300,116.6
2024-01-12T13:40:00+00:00,1955.300,1955.467,1954.970,1955.137,143.8
2024-01-12T13:41:00+00:00,1955.137,1955.407,1954.835,1955.105,142.6
2024-01-12T13:42:00+00:00,1955.105,1955.296,1954.892,1955.084,126.4
2024-01-12T13:43:00+00:00,1955.084,1955.582,1954.401,1954.898,111.7
2024-01-12T13:44:00+00:00,1954.898,1955.243,1954.211,1954.556,113.6
2024-01-12T13:45:00+00:00,1954.556,1955.645,1953.934,1955.023,154.0
2024-01-12T13:46:00+00:00,1955.023,1956.090,1954.752,1955.819,105.2
2024-01-12T13:47:00+00:00,1955.819,1956.201,1955.055,1955.437,83.2
2024-01-12T13:48:00+00:00,1955.437,1955.952,1955.199,1955.714,110.3
2024-01-12T13:49:00+00:00,1955.714,1956.028,1955.562,1955.877,165.2
2024-01-12T13:50:00+00:00,1955.877,1956.484,1955.652,1956.258,169.8
2024-01-12T13:51:00+00:00,1956.258,1956.505,1956.160,1956.407,152.2
2024-01-12T13:52:00+00:00,1956.407,1957.109,1956.036,1956.737,153.1
2024-01-12T13:53:00+00:00,1956.737,1957.660,1956.128,1957.051,179.4
2024-01-12T13:54:00+00:00,1957.051,1957.468,1956.658,1957.075,85.2
2024-01-12T13:55:00+00:00,1957.075,1957.337,1956.854,1957.116,96.4
2024-01-12T13:56:00+00:00,1957.116,1957.571,1956.724,1957.179,119.4
2024-01-12T13:57:00+00:00,1957.179,1957.617,1956.944,1957.383,89.2
2024-01-12T13:58:00+00:00,1957.383,1957.820,1957.108,1957.545,147.4
2024-01-12T13:59:00+00:00,1957.545,1957.694,1957.187,1957.336,160.1
2024-01-12T14:00:00+00:00,1957.336,1957.741,1957.202,1957.607,127.1
2024-01-12T14:01:00+00:00,1957.607,1957.810,1957.323,1957.525,140.9
2024-01-12T14:02:00+00:00,1957.525,1957.646,1957.387,1957.508,79.0
2024-01-12T14:03:00+00:00,1957.508,1957.953,1956.988,1957.433,127.0
2024-01-12T14:04:00+00:00,1957.433,1957.588,1956.770,1956.925,122.9
2024-01-12T14:05:00+00:00,1956.925,1957.965,1956.344,1957.383,119.7
2024-01-12T14:06:00+00:00,1957.383,1957.471,1957.210,1957.297,87.3
2024-01-12T14:07:00+00:00,1957.297,1958.058,1956.953,1957.713,141.8
2024-01-12T14:08:00+00:00,1957.713,1958.006,1957.229,1957.521,130.0
2024-01-12T14:09:00+00:00,1957.521,1958.403,1957.173,1958.055,127.0
2024-01-12T14:10:00+00:00,1958.055,1958.369,1957.467,1957.781,76.5
2024-01-12T14:11:00+00:00,1957.781,1957.925,1957.183,1957.326,83.6
2024-01-12T14:12:00+00:00,1957.326,1958.031,1956.926,1957.631,122.0
2024-01-12T14:13:00+00:00,1957.631,1957.927,1957.142,1957.437,105.6
2024-01-12T14:14:00+00:00,1957.437,1957.899,1956.874,1957.336,139.4
2024-01-12T14:15:00+00:00,1957.336,1958.133,1956.933,1957.730,135.2
2024-01-12T14:16:00+00:00,1957.730,1958.247,1957.285,1957.803,68.9
2024-01-12T14:17:00+00:00,1957.803,1957.925,1957.515,1957.638,152.9
2024-01-12T14:18:00+00:00,1957.638,1957.759,1957.214,1957.335,181.9
2024-01-12T14:19:00+00:00,1957.335,1957.430,1956.839,1956.934,117.8
2024-01-12T14:20:00+00:00,1956.934,1957.350,1956.240,1956.656,72.8
2024-01-12T14:21:00+00:00,1956.656,1957.120,1956.066,1956.530,100.6
2024-01-12T14:22:00+00:00,1956.530,1957.555,1956.006,1957.031,70.4
2024-01-12T14:23:00+00:00,1957.031,1957.171,1956.866,1957.006,99.8
2024-01-12T14:24:00+00:00,1957.006,1957.211,1956.916,1957.121,108.5
2024-01-12T14:25:00+00:00,1957.121,1957.478,1956.767,1957.124,87.0
2024-01-12T14:26:00+00:00,1957.124,1957.508,1956.999,1957.384,113.8
2024-01-12T14:27:00+00:00,1957.384,1957.519,1956.974,1957.109,143.9
2024-01-12T14:28:00+00:00,1957.109,1957.343,1956.512,1956.746,121.1
2024-01-12T14:29:00+00:00,1956.746,1957.114,1956.629,1956.996,115.2
2024-01-12T14:30:00+00:00,1956.996,1957.243,1956.784,1957.031,77.0
2024-01-12T14:31:00+00:00,1957.031,1957.680,1956.355,1957.004,126.8
2024-01-12T14:32:00+00:00,1957.004,1957.067,1956.737,1956.799,149.6
2024-01-12T14:33:00+00:00,1956.799,1957.485,1956.395,1957.081,147.7
2024-01-12T14:34:00+00:00,1957.081,1957.315,1956.734,1956.968,196.8
2024-01-12T14:35:00+00:00,1956.968,1957.106,1956.572,1956.710,133.1
2024-01-12T14:36:00+00:00,1956.710,1956.803,1956.293,1956.386,126.3
2024-01-12T14:37:00+00:00,1956.386,1956.692,1955.870,1956.176,121.7
2024-01-12T14:38:00+00:00,1956.176,1956.563,1955.896,1956.284,124.1
2024-01-12T14:39:00+00:00,1956.284,1956.556,1956.014,1956.286,132.8
2024-01-12T14:40:00+00:00,1956.286,1956.561,1955.497,1955.772,99.0
2024-01-12T14:41:00+00:00,1955.772,1956.158,1955.696,1956.083,122.5
2024-01-12T14:42:00+00:00,1956.083,1956.321,1955.339,1955.577,87.4
2024-01-12T14:43:00+00:00,1955.577,1956.450,1955.419,1956.291,126.6
2024-01-12T14:44:00+00:00,1956.291,1956.513,1956.038,1956.260,133.7
2024-01-12T14:45:00+00:00,1956.260,1956.627,1955.993,1956.360,116.5
2024-01-12T14:46:00+00:00,1956.360,1957.285,1955.954,1956.879,71.2
2024-01-12T14:47:00+00:00,1956.879,1957.095,1956.824,1957.040,77.3
2024-01-12T14:48:00+00:00,1957.040,1957.255,1956.365,1956.580,157.8
2024-01-12T14:49:00+00:00,1956.580,1957.224,1956.120,1956.764,82.1
2024-01-12T14:50:00+00:00,1956.764,1957.108,1956.426,1956.769,101.8
2024-01-12T14:51:00+00:00,1956.769,1956.831,1956.476,1956.539,137.5
2024-01-12T14:52:00+00:00,1956.539,1956.707,1956.084,1956.252,128.1
2024-01-12T14:53:00+00:00,1956.252,1956.917,1956.099,1956.764,110.4
2024-01-12T14:54:00+00:00,1956.764,1957.121,1956.688,1957.045,79.3
2024-01-12T14:55:00+00:00,1957.045,1957.688,1956.588,1957.231,88.6
2024-01-12T14:56:00+00:00,1957.231,1957.790,1956.894,1957.453,117.6
2024-01-12T14:57:00+00:00,1957.453,1957.589,1957.243,1957.379,117.6
2024-01-12T14:58:00+00:00,1957.379,1957.735,1957.215,1957.571,113.3
2024-01-12T14:59:00+00:00,1957.571,1957.689,1957.314,1957.432,102.2
2024-01-12T15:00:00+00:00,1957.432,1957.790,1957.303,1957.661,102.5
2024-01-12T15:01:00+00:00,1957.661,1957.776,1957.079,1957.195,150.0
2024-01-12T15:02:00+00:00,1957.195,1957.431,1957.136,1957.372,180.3
2024-01-12T15:03:00+00:00,1957.372,1958.036,1957.191,1957.856,160.9
2024-01-12T15:04:00+00:00,1957.856,1957.987,1957.593,1957.724,126.9
2024-01-12T15:05:00+00:00,1957.724,1957.783,1956.995,1957.053,106.3
2024-01-12T15:06:00+00:00,1957.053,1957.670,1956.861,1957.478,166.5
2024-01-12T15:07:00+00:00,1957.478,1957.896,1956.871,1957.289,125.0
2024-01-12T15:08:00+00:00,1957.289,1957.581,1957.136,1957.428,82.5
2024-01-12T15:09:00+00:00,1957.428,1957.857,1957.268,1957.697,139.1
2024-01-12T15:10:00+00:00,1957.697,1957.977,1957.356,1957.636,111.0
2024-01-12T15:11:00+00:00,1957.636,1957.818,1957.514,1957.695,169.6
2024-01-12T15:12:00+00:00,1957.695,1958.150,1957.617,1958.072,109.4
2024-01-12T15:13:00+00:00,1958.072,1958.580,1958.010,1958.519,154.2
2024-01-12T15:14:00+00:00,1958.519,1959.042,1957.479,1958.002,143.0
2024-01-12T15:15:00+00:00,1958.002,1958.359,1957.914,1958.271,115.8
2024-01-12T15:16:00+00:00,1958.271,1958.569,1958.090,1958.387,118.0
2024-01-12T15:17:00+00:00,1958.387,1958.497,1958.244,1958.354,151.7
2024-01-12T15:18:00+00:00,1958.354,1959.225,1957.688,1958.558,130.8
2024-01-12T15:19:00+00:00,1958.558,1958.877,1958.097,1958.416,141.4
2024-01-12T15:20:00+00:00,1958.416,1958.481,1958.123,1958.189,50.9
2024-01-12T15:21:00+00:00,1958.189,1958.508,1957.788,1958.107,124.1
2024-01-12T15:22:00+00:00,1958.107,1958.459,1957.461,1957.813,158.7
2024-01-12T15:23:00+00:00,1957.813,1958.081,1957.385,1957.653,158.0
2024-01-12T15:24:00+00:00,1957.653,1957.782,1957.012,1957.141,108.9
2024-01-12T15:25:00+00:00,1957.141,1957.248,1957.076,1957.183,94.2
2024-01-12T15:26:00+00:00,1957.183,1957.588,1957.038,1957.443,130.0
2024-01-12T15:27:00+00:00,1957.443,1958.453,1956.924,1957.935,128.0
2024-01-12T15:28:00+00:00,1957.935,1958.046,1957.638,1957.749,116.8
2024-01-12T15:29:00+00:00,1957.749,1957.971,1957.125,1957.347,105.8
2024-01-12T15:30:00+00:00,1957.347,1957.717,1957.114,1957.484,46.9
2024-01-12T15:31:00+00:00,1957.484,1957.685,1956.702,1956.903,89.5
2024-01-12T15:32:00+00:00,1956.903,1957.371,1956.380,1956.848,113.3
2024-01-12T15:33:00+00:00,1956.848,1957.024,1956.699,1956.875,108.0
2024-01-12T15:34:00+00:00,1956.875,1957.213,1956.639,1956.977,109.8
2024-01-12T15:35:00+00:00,1956.977,1957.153,1956.407,1956.582,129.0
2024-01-12T15:36:00+00:00,1956.582,1957.087,1956.130,1956.634,75.6
2024-01-12T15:37:00+00:00,1956.634,1957.134,1955.551,1956.050,132.8
2024-01-12T15:38:00+00:00,1956.050,1956.399,1955.719,1956.068,57.1
2024-01-12T15:39:00+00:00,1956.068,1956.916,1955.864,1956.711,49.2
2024-01-12T15:40:00+00:00,1956.711,1957.374,1956.564,1957.227,118.8
2024-01-12T15:41:00+00:00,1957.227,1957.548,1956.952,1957.273,62.9
2024-01-12T15:42:00+00:00,1957.273,1957.682,1956.919,1957.327,108.0
2024-01-12T15:43:00+00:00,1957.327,1957.482,1957.062,1957.216,98.9
2024-01-12T15:44:00+00:00,1957.216,1957.376,1957.073,1957.232,128.1
2024-01-12T15:45:00+00:00,1957.232,1957.707,1956.971,1957.445,114.8
2024-01-12T15:46:00+00:00,1957.445,1957.695,1956.854,1957.104,141.9
2024-01-12T15:47:00+00:00,1957.104,1957.724,1956.789,1957.409,123.9
2024-01-12T15:48:00+00:00,1957.409,1957.638,1956.790,1957.019,156.2
2024-01-12T15:49:00+00:00,1957.019,1957.272,1956.769,1957.022,103.7
2024-01-12T15:50:00+00:00,1957.022,1957.538,1956.385,1956.901,149.4
2024-01-12T15:51:00+00:00,1956.901,1957.122,1956.106,1956.327,124.5
2024-01-12T15:52:00+00:00,1956.327,1956.937,1956.041,1956.650,145.6
2024-01-12T15:53:00+00:00,1956.650,1957.249,1956.426,1957.025,145.0
2024-01-12T15:54:00+00:00,1957.025,1957.363,1956.341,1956.679,104.9
2024-01-12T15:55:00+00:00,1956.679,1957.455,1956.292,1957.068,89.2
2024-01-12T15:56:00+00:00,1957.068,1957.139,1956.857,1956.929,137.4
2024-01-12T15:57:00+00:00,1956.929,1957.423,1956.510,1957.004,128.0
2024-01-12T15:58:00+00:00,1957.004,1957.110,1956.782,1956.888,152.5
2024-01-12T15:59:00+00:00,1956.888,1957.070,1956.584,1956.766,108.4
2024-01-12T16:00:00+00:00,1956.766,1957.327,1955.758,1956.319,111.4
2024-01-12T16:01:00+00:00,1956.319,1956.572,1955.761,1956.013,109.6
2024-01-12T16:02:00+00:00,1956.013,1956.242,1955.422,1955.651,107.5
2024-01-12T16:03:00+00:00,1955.651,1956.479,1955.490,1956.317,122.5
2024-01-12T16:04:00+00:00,1956.317,1956.738,1955.589,1956.010,128.7
2024-01-12T16:05:00+00:00,1956.010,1956.082,1955.825,1955.897,60.3
2024-01-12T16:06:00+00:00,1955.897,1956.350,1955.843,1956.296,154.8
2024-01-12T16:07:00+00:00,1956.296,1956.705,1955.569,1955.979,101.4
2024-01-12T16:08:00+00:00,1955.979,1956.517,1955.415,1955.953,105.2
2024-01-12T16:09:00+00:00,1955.953,1956.042,1955.839,1955.927,123.6
2024-01-12T16:10:00+00:00,1955.927,1956.027,1955.843,1955.943,133.1
2024-01-12T16:11:00+00:00,1955.943,1956.324,1955.383,1955.764,140.1
2024-01-12T16:12:00+00:00,1955.764,1955.938,1955.158,1955.332,110.4
2024-01-12T16:13:00+00:00,1955.332,1956.150,1954.803,1955.620,152.4
2024-01-12T16:14:00+00:00,1955.620,1955.818,1954.707,1954.904,94.6
2024-01-12T16:15:00+00:00,1954.904,1955.151,1954.511,1954.757,147.1
2024-01-12T16:16:00+00:00,1954.757,1954.853,1954.589,1954.685,91.1
2024-01-12T16:17:00+00:00,1954.685,1955.220,1954.515,1955.050,198.6
2024-01-12T16:18:00+00:00,1955.050,1955.257,1954.266,1954.473,140.6
2024-01-12T16:19:00+00:00,1954.473,1955.186,1954.346,1955.059,133.0
2024-01-12T16:20:00+00:00,1955.059,1955.164,1954.707,1954.813,57.0
2024-01-12T16:21:00+00:00,1954.813,1955.184,1954.631,1955.002,132.7
2024-01-12T16:22:00+00:00,1955.002,1955.282,1954.645,1954.925,73.9
2024-01-12T16:23:00+00:00,1954.925,1954.986,1954.505,1954.566,141.3
2024-01-12T16:24:00+00:00,1954.566,1955.211,1954.279,1954.925,181.4
2024-01-12T16:25:00+00:00,1954.925,1955.731,1954.428,1955.234,143.3
2024-01-12T16:26:00+00:00,1955.234,1955.777,1954.773,1955.316,149.0
2024-01-12T16:27:00+00:00,1955.316,1955.462,1955.099,1955.245,81.9
2024-01-12T16:28:00+00:00,1955.245,1955.707,1955.194,1955.655,107.3
2024-01-12T16:29:00+00:00,1955.655,1955.727,1955.296,1955.367,133.2
2024-01-12T16:30:00+00:00,1955.367,1955.630,1955.287,1955.550,126.5
2024-01-12T16:31:00+00:00,1955.550,1955.705,1955.395,1955.550,153.6
2024-01-12T16:32:00+00:00,1955.550,1955.735,1955.291,1955.476,171.4
2024-01-12T16:33:00+00:00,1955.476,1955.639,1954.976,1955.138,123.8
2024-01-12T16:34:00+00:00,1955.138,1955.206,1954.986,1955.053,148.7
2024-01-12T16:35:00+00:00,1955.053,1955.754,1954.672,1955.372,174.5
2024-01-12T16:36:00+00:00,1955.372,1955.667,1954.645,1954.939,140.3
2024-01-12T16:37:00+00:00,1954.939,1955.287,1954.233,1954.581,144.4
2024-01-12T16:38:00+00:00,1954.581,1954.879,1954.435,1954.734,161.9
2024-01-12T16:39:00+00:00,1954.734,1955.231,1954.569,1955.066,106.8
2024-01-12T16:40:00+00:00,1955.066,1955.338,1954.919,1955.191,127.8
2024-01-12T16:41:00+00:00,1955.191,1955.585,1955.075,1955.470,79.8
2024-01-12T16:42:00+00:00,1955.470,1956.086,1955.408,1956.023,130.4
2024-01-12T16:43:00+00:00,1956.023,1956.083,1955.399,1955.458,83.3
2024-01-12T16:44:00+00:00,1955.458,1956.152,1955.297,1955.991,78.8
2024-01-12T16:45:00+00:00,1955.991,1956.271,1955.656,1955.936,122.2
2024-01-12T16:46:00+00:00,1955.936,1956.396,1955.133,1955.592,114.3
2024-01-12T16:47:00+00:00,1955.592,1955.841,1955.230,1955.479,140.0
2024-01-12T16:48:00+00:00,1955.479,1955.827,1955.410,1955.757,117.5
2024-01-12T16:49:00+00:00,1955.757,1956.146,1955.478,1955.868,125.6
2024-01-12T16:50:00+00:00,1955.868,1956.074,1955.257,1955.463,190.9
2024-01-12T16:51:00+00:00,1955.463,1955.799,1955.333,1955.668,104.2
2024-01-12T16:52:00+00:00,1955.668,1955.844,1954.947,1955.123,137.2
2024-01-12T16:53:00+00:00,1955.123,1955.354,1955.034,1955.266,157.3
2024-01-12T16:54:00+00:00,1955.266,1955.764,1954.718,1955.216,115.8
2024-01-12T16:55:00+00:00,1955.216,1955.512,1954.973,1955.268,136.7
2024-01-12T16:56:00+00:00,1955.268,1955.664,1955.104,1955.500,128.9
2024-01-12T16:57:00+00:00,1955.500,1955.629,1954.975,1955.104,149.5
2024-01-12T16:58:00+00:00,1955.104,1956.350,1954.419,1955.665,115.6
2024-01-12T16:59:00+00:00,1955.665,1955.928,1955.253,1955.516,63.9
2024-01-12T17:00:00+00:00,1955.516,1955.614,1955.215,1955.313,95.9
2024-01-12T17:01:00+00:00,1955.313,1955.825,1954.218,1954.730,113.1
2024-01-12T17:02:00+00:00,1954.730,1954.947,1954.529,1954.746,176.6
2024-01-12T17:03:00+00:00,1954.746,1954.834,1954.420,1954.508,110.6
2024-01-12T17:04:00+00:00,1954.508,1955.111,1954.231,1954.834,167.1
2024-01-12T17:05:00+00:00,1954.834,1955.185,1954.336,1954.687,102.1
2024-01-12T17:06:00+00:00,1954.687,1954.824,1953.884,1954.021,58.6
2024-01-12T17:07:00+00:00,1954.021,1954.478,1953.708,1954.165,132.6
2024-01-12T17:08:00+00:00,1954.165,1954.754,1954.090,1954.678,115.8
2024-01-12T17:09:00+00:00,1954.678,1954.903,1954.471,1954.695,130.3
2024-01-12T17:10:00+00:00,1954.695,1954.786,1954.515,1954.606,95.5
2024-01-12T17:11:00+00:00,1954.606,1954.921,1954.474,1954.789,95.5
2024-01-12T17:12:00+00:00,1954.789,1955.171,1954.383,1954.765,77.5
2024-01-12T17:13:00+00:00,1954.765,1954.913,1954.249,1954.398,108.9
2024-01-12T17:14:00+00:00,1954.398,1954.516,1954.264,1954.383,111.3
2024-01-12T17:15:00+00:00,1954.383,1954.576,1954.136,1954.329,182.6
2024-01-12T17:16:00+00:00,1954.329,1954.527,1953.847,1954.046,112.4
2024-01-12T17:17:00+00:00,1954.046,1954.999,1953.709,1954.662,117.6
2024-01-12T17:18:00+00:00,1954.662,1954.965,1954.498,1954.801,183.3
2024-01-12T17:19:00+00:00,1954.801,1955.047,1954.652,1954.899,72.1
2024-01-12T17:20:00+00:00,1954.899,1955.385,1954.562,1955.049,136.4
2024-01-12T17:21:00+00:00,1955.049,1955.269,1954.965,1955.185,104.1
2024-01-12T17:22:00+00:00,1955.185,1955.386,1954.707,1954.908,165.8
2024-01-12T17:23:00+00:00,1954.908,1955.037,1954.523,1954.652,132.1
2024-01-12T17:24:00+00:00,1954.652,1954.800,1954.036,1954.185,153.6
2024-01-12T17:25:00+00:00,1954.185,1954.469,1953.999,1954.283,140.9
2024-01-12T17:26:00+00:00,1954.283,1954.897,1953.666,1954.280,142.3
2024-01-12T17:27:00+00:00,1954.280,1955.130,1953.636,1954.486,114.1
2024-01-12T17:28:00+00:00,1954.486,1955.315,1954.160,1954.989,147.8
2024-01-12T17:29:00+00:00,1954.989,1955.575,1954.907,1955.493,112.4
2024-01-12T17:30:00+00:00,1955.493,1955.699,1954.947,1955.152,126.8
2024-01-12T17:31:00+00:00,1955.152,1955.427,1955.084,1955.358,121.5
2024-01-12T17:32:00+00:00,1955.358,1955.667,1954.851,1955.160,115.3
2024-01-12T17:33:00+00:00,1955.160,1955.868,1954.891,1955.599,99.0
2024-01-12T17:34:00+00:00,1955.599,1955.899,1954.922,1955.222,131.4
2024-01-12T17:35:00+00:00,1955.222,1955.528,1954.817,1955.123,62.1
2024-01-12T17:36:00+00:00,1955.123,1955.470,1954.990,1955.338,141.5
2024-01-12T17:37:00+00:00,1955.338,1955.509,1954.995,1955.167,139.8
2024-01-12T17:38:00+00:00,1955.167,1955.705,1954.774,1955.312,135.3
2024-01-12T17:39:00+00:00,1955.312,1956.035,1954.849,1955.572,92.8
2024-01-12T17:40:00+00:00,1955.572,1955.855,1954.909,1955.193,98.9
2024-01-12T17:41:00+00:00,1955.193,1956.158,1954.889,1955.854,92.9
2024-01-12T17:42:00+00:00,1955.854,1956.222,1955.415,1955.784,107.4
2024-01-12T17:43:00+00:00,1955.784,1956.431,1955.481,1956.129,108.3
2024-01-12T17:44:00+00:00,1956.129,1956.576,1955.839,1956.287,126.4
2024-01-12T17:45:00+00:00,1956.287,1957.000,1956.143,1956.857,165.8
2024-01-12T17:46:00+00:00,1956.857,1956.965,1956.422,1956.530,48.0
2024-01-12T17:47:00+00:00,1956.530,1956.723,1955.890,1956.083,108.6
2024-01-12T17:48:00+00:00,1956.083,1956.259,1955.851,1956.027,76.2
2024-01-12T17:49:00+00:00,1956.027,1956.260,1955.250,1955.484,128.9
2024-01-12T17:50:00+00:00,1955.484,1956.088,1955.232,1955.836,128.9
2024-01-12T17:51:00+00:00,1955.836,1956.005,1955.524,1955.694,93.3
2024-01-12T17:52:00+00:00,1955.694,1955.822,1955.134,1955.262,186.0
2024-01-12T17:53:00+00:00,1955.262,1955.640,1954.593,1954.971,115.1
2024-01-12T17:54:00+00:00,1954.971,1955.763,1954.804,1955.595,84.2
2024-01-12T17:55:00+00:00,1955.595,1955.699,1955.308,1955.412,136.3
2024-01-12T17:56:00+00:00,1955.412,1955.512,1955.086,1955.186,189.7
2024-01-12T17:57:00+00:00,1955.186,1955.439,1954.977,1955.229,195.6
2024-01-12T17:58:00+00:00,1955.229,1955.281,1954.941,1954.992,109.3
2024-01-12T17:59:00+00:00,1954.992,1955.372,1954.738,1955.118,111.5
2024-01-12T18:00:00+00:00,1955.118,1955.453,1955.065,1955.400,61.8
2024-01-12T18:01:00+00:00,1955.400,1955.957,1955.263,1955.819,175.3
2024-01-12T18:02:00+00:00,1955.819,1955.956,1955.420,1955.556,92.1
2024-01-12T18:03:00+00:00,1955.556,1956.055,1955.358,1955.858,157.2
2024-01-12T18:04:00+00:00,1955.858,1956.494,1955.287,1955.924,85.4
2024-01-12T18:05:00+00:00,1955.924,1956.416,1955.693,1956.186,149.1
2024-01-12T18:06:00+00:00,1956.186,1956.550,1956.026,1956.391,123.1
2024-01-12T18:07:00+00:00,1956.391,1956.501,1956.338,1956.448,149.1
2024-01-12T18:08:00+00:00,1956.448,1956.571,1956.031,1956.154,158.6
2024-01-12T18:09:00+00:00,1956.154,1956.335,1955.969,1956.150,104.7
2024-01-12T18:10:00+00:00,1956.150,1956.562,1955.789,1956.201,167.0
2024-01-12T18:11:00+00:00,1956.201,1956.471,1955.986,1956.256,163.2
2024-01-12T18:12:00+00:00,1956.256,1956.350,1955.534,1955.628,140.8
2024-01-12T18:13:00+00:00,1955.628,1956.767,1955.323,1956.462,116.3
2024-01-12T18:14:00+00:00,1956.462,1956.534,1956.400,1956.472,90.9
2024-01-12T18:15:00+00:00,1956.472,1956.595,1956.255,1956.378,71.4
2024-01-12T18:16:00+00:00,1956.378,1957.139,1955.370,1956.130,147.2
2024-01-12T18:17:00+00:00,1956.130,1956.681,1955.662,1956.213,77.3
2024-01-12T18:18:00+00:00,1956.213,1956.656,1955.557,1956.001,133.5
2024-01-12T18:19:00+00:00,1956.001,1956.184,1955.487,1955.670,72.8
2024-01-12T18:20:00+00:00,1955.670,1956.134,1954.907,1955.371,172.9
2024-01-12T18:21:00+00:00,1955.371,1956.016,1955.005,1955.651,133.0
2024-01-12T18:22:00+00:00,1955.651,1955.937,1955.138,1955.424,133.5
2024-01-12T18:23:00+00:00,1955.424,1955.892,1954.761,1955.228,118.9
2024-01-12T18:24:00+00:00,1955.228,1955.349,1954.718,1954.838,58.0
2024-01-12T18:25:00+00:00,1954.838,1955.120,1953.983,1954.266,135.6
2024-01-12T18:26:00+00:00,1954.266,1954.465,1954.151,1954.350,124.9
2024-01-12T18:27:00+00:00,1954.350,1954.586,1953.837,1954.073,165.6
2024-01-12T18:28:00+00:00,1954.073,1954.496,1953.473,1953.896,119.5
2024-01-12T18:29:00+00:00,1953.896,1954.433,1952.825,1953.361,116.9
2024-01-12T18:30:00+00:00,1953.361,1953.636,1953.269,1953.544,103.8
2024-01-12T18:31:00+00:00,1953.544,1953.871,1953.010,1953.337,177.2
2024-01-12T18:32:00+00:00,1953.337,1953.709,1953.029,1953.401,164.1
2024-01-12T18:33:00+00:00,1953.401,1953.586,1953.161,1953.347,108.3
2024-01-12T18:34:00+00:00,1953.347,1953.804,1953.056,1953.513,147.8
2024-01-12T18:35:00+00:00,1953.513,1953.763,1953.225,1953.474,140.1
2024-01-12T18:36:00+00:00,1953.474,1954.279,1953.207,1954.012,113.5
2024-01-12T18:37:00+00:00,1954.012,1954.187,1953.826,1954.000,142.6
2024-01-12T18:38:00+00:00,1954.000,1954.276,1953.719,1953.995,101.0
2024-01-12T18:39:00+00:00,1953.995,1954.842,1953.490,1954.337,125.1
2024-01-12T18:40:00+00:00,1954.337,1954.996,1953.428,1954.087,153.7
2024-01-12T18:41:00+00:00,1954.087,1954.462,1953.510,1953.885,93.0
2024-01-12T18:42:00+00:00,1953.885,1955.315,1953.535,1954.965,89.1
2024-01-12T18:43:00+00:00,1954.965,1955.115,1954.597,1954.748,82.1
2024-01-12T18:44:00+00:00,1954.748,1955.311,1954.430,1954.993,111.8
2024-01-12T18:45:00+00:00,1954.993,1955.357,1954.872,1955.236,148.3
2024-01-12T18:46:00+00:00,1955.236,1955.568,1954.759,1955.091,99.0
2024-01-12T18:47:00+00:00,1955.091,1955.517,1954.510,1954.936,129.3
2024-01-12T18:48:00+00:00,1954.936,1955.267,1954.885,1955.216,162.4
2024-01-12T18:49:00+00:00,1955.216,1955.610,1955.087,1955.480,71.4
2024-01-12T18:50:00+00:00,1955.480,1955.614,1955.323,1955.457,83.0
2024-01-12T18:51:00+00:00,1955.457,1956.126,1955.333,1956.002,163.4
2024-01-12T18:52:00+00:00,1956.002,1956.486,1955.121,1955.604,160.6
2024-01-12T18:53:00+00:00,1955.604,1955.843,1955.459,1955.697,167.0
2024-01-12T18:54:00+00:00,1955.697,1955.804,1955.285,1955.391,153.1
2024-01-12T18:55:00+00:00,1955.391,1955.671,1955.129,1955.409,85.8
2024-01-12T18:56:00+00:00,1955.409,1955.764,1954.920,1955.275,202.0
2024-01-12T18:57:00+00:00,1955.275,1955.640,1954.621,1954.986,137.9
2024-01-12T18:58:00+00:00,1954.986,1955.142,1954.806,1954.963,114.6
2024-01-12T18:59:00+00:00,1954.963,1955.703,1954.726,1955.466,97.4
2024-01-12T19:00:00+00:00,1955.466,1956.039,1955.113,1955.686,153.1
2024-01-12T19:01:00+00:00,1955.686,1955.853,1954.867,1955.035,146.2
2024-01-12T19:02:00+00:00,1955.035,1955.852,1954.863,1955.680,59.3
2024-01-12T19:03:00+00:00,1955.680,1955.957,1955.381,1955.658,138.4
2024-01-12T19:04:00+00:00,1955.658,1956.027,1955.466,1955.835,60.6
2024-01-12T19:05:00+00:00,1955.835,1955.916,1955.634,1955.716,99.9
2024-01-12T19:06:00+00:00,1955.716,1955.857,1955.312,1955.452,108.9
2024-01-12T19:07:00+00:00,1955.452,1955.872,1955.139,1955.559,98.5
2024-01-12T19:08:00+00:00,1955.559,1956.280,1955.228,1955.949,145.7
2024-01-12T19:09:00+00:00,1955.949,1956.301,1955.781,1956.133,140.9
2024-01-12T19:10:00+00:00,1956.133,1956.729,1955.653,1956.249,170.2
2024-01-12T19:11:00+00:00,1956.249,1956.463,1956.154,1956.368,121.2
2024-01-12T19:12:00+00:00,1956.368,1956.656,1956.258,1956.546,78.3
2024-01-12T19:13:00+00:00,1956.546,1957.038,1955.694,1956.185,137.7
2024-01-12T19:14:00+00:00,1956.185,1956.626,1955.402,1955.844,127.8
2024-01-12T19:15:00+00:00,1955.844,1956.097,1955.252,1955.506,100.1
2024-01-12T19:16:00+00:00,1955.506,1956.181,1955.274,1955.950,111.5
2024-01-12T19:17:00+00:00,1955.950,1956.187,1955.674,1955.911,122.9
2024-01-12T19:18:00+00:00,1955.911,1956.174,1955.319,1955.583,116.2
2024-01-12T19:19:00+00:00,1955.583,1956.392,1955.143,1955.952,128.5
2024-01-12T19:20:00+00:00,1955.952,1957.107,1955.147,1956.302,90.9
2024-01-12T19:21:00+00:00,1956.302,1956.710,1956.023,1956.432,151.4
2024-01-12T19:22:00+00:00,1956.432,1956.530,1956.256,1956.354,55.0
2024-01-12T19:23:00+00:00,1956.354,1956.817,1956.169,1956.632,157.9
2024-01-12T19:24:00+00:00,1956.632,1956.921,1956.565,1956.854,145.7
2024-01-12T19:25:00+00:00,1956.854,1957.118,1956.540,1956.804,118.2
2024-01-12T19:26:00+00:00,1956.804,1957.118,1956.446,1956.760,98.2
2024-01-12T19:27:00+00:00,1956.760,1957.147,1956.046,1956.433,146.0
2024-01-12T19:28:00+00:00,1956.433,1956.510,1956.265,1956.342,70.0
2024-01-12T19:29:00+00:00,1956.342,1957.151,1956.149,1956.958,55.6
2024-01-12T19:30:00+00:00,1956.958,1957.129,1956.779,1956.951,139.3
2024-01-12T19:31:00+00:00,1956.951,1957.183,1956.845,1957.077,114.6
2024-01-12T19:32:00+00:00,1957.077,1957.198,1956.965,1957.087,195.1
2024-01-12T19:33:00+00:00,1957.087,1957.234,1957.006,1957.153,58.5
2024-01-12T19:34:00+00:00,1957.153,1957.364,1956.968,1957.178,140.8
2024-01-12T19:35:00+00:00,1957.178,1957.251,1956.610,1956.682,166.6
2024-01-12T19:36:00+00:00,1956.682,1956.784,1956.551,1956.652,137.5
2024-01-12T19:37:00+00:00,1956.652,1956.852,1956.462,1956.662,100.5
2024-01-12T19:38:00+00:00,1956.662,1956.754,1955.995,1956.087,136.7
2024-01-12T19:39:00+00:00,1956.087,1956.584,1955.840,1956.337,132.0
2024-01-12T19:40:00+00:00,1956.337,1956.794,1955.546,1956.003,138.7
2024-01-12T19:41:00+00:00,1956.003,1956.412,1955.194,1955.603,110.0
2024-01-12T19:42:00+00:00,1955.603,1956.032,1955.094,1955.523,150.8
2024-01-12T19:43:00+00:00,1955.523,1956.378,1955.432,1956.287,70.9
2024-01-12T19:44:00+00:00,1956.287,1956.401,1955.754,1955.868,77.6
2024-01-12T19:45:00+00:00,1955.868,1956.368,1955.558,1956.058,137.2
2024-01-12T19:46:00+00:00,1956.058,1956.382,1955.170,1955.494,171.9
2024-01-12T19:47:00+00:00,1955.494,1956.537,1954.848,1955.891,95.6
2024-01-12T19:48:00+00:00,1955.891,1956.149,1955.624,1955.882,150.0
2024-01-12T19:49:00+00:00,1955.882,1956.532,1955.788,1956.439,99.1
2024-01-12T19:50:00+00:00,1956.439,1956.670,1956.173,1956.404,122.3
2024-01-12T19:51:00+00:00,1956.404,1956.645,1956.083,1956.325,98.8
2024-01-12T19:52:00+00:00,1956.325,1956.934,1956.079,1956.689,156.8
2024-01-12T19:53:00+00:00,1956.689,1957.211,1956.628,1957.150,113.2
2024-01-12T19:54:00+00:00,1957.150,1957.468,1956.992,1957.310,88.3
2024-01-12T19:55:00+00:00,1957.310,1958.119,1956.784,1957.593,84.7
2024-01-12T19:56:00+00:00,1957.593,1957.690,1957.106,1957.203,94.0
2024-01-12T19:57:00+00:00,1957.203,1957.523,1956.098,1956.419,102.4
2024-01-12T19:58:00+00:00,1956.419,1956.549,1956.208,1956.338,130.3
2024-01-12T19:59:00+00:00,1956.338,1956.960,1955.957,1956.579,129.0
2024-01-12T20:00:00+00:00,1956.579,1957.192,1956.345,1956.958,164.3
2024-01-12T20:01:00+00:00,1956.958,1957.311,1956.137,1956.490,76.6
2024-01-12T20:02:00+00:00,1956.490,1956.587,1956.028,1956.125,190.9
2024-01-12T20:03:00+00:00,1956.125,1956.668,1956.037,1956.580,122.3
2024-01-12T20:04:00+00:00,1956.580,1957.363,1956.222,1957.005,108.8
2024-01-12T20:05:00+00:00,1957.005,1957.356,1956.484,1956.835,136.4
2024-01-12T20:06:00+00:00,1956.835,1957.334,1956.484,1956.982,112.0
2024-01-12T20:07:00+00:00,1956.982,1957.261,1956.423,1956.701,65.0
2024-01-12T20:08:00+00:00,1956.701,1956.892,1956.644,1956.835,70.6
2024-01-12T20:09:00+00:00,1956.835,1957.211,1956.562,1956.938,160.5
2024-01-12T20:10:00+00:00,1956.938,1957.519,1956.666,1957.247,149.7
2024-01-12T20:11:00+00:00,1957.247,1957.611,1956.918,1957.282,138.1
2024-01-12T20:12:00+00:00,1957.282,1957.833,1956.967,1957.519,180.1
2024-01-12T20:13:00+00:00,1957.519,1957.688,1956.799,1956.968,76.0
2024-01-12T20:14:00+00:00,1956.968,1957.188,1956.339,1956.560,90.2
2024-01-12T20:15:00+00:00,1956.560,1956.755,1956.327,1956.523,148.9
2024-01-12T20:16:00+00:00,1956.523,1957.208,1956.445,1957.130,98.8
2024-01-12T20:17:00+00:00,1957.130,1957.230,1956.867,1956.967,71.2
2024-01-12T20:18:00+00:00,1956.967,1957.063,1956.474,1956.570,127.3
2024-01-12T20:19:00+00:00,1956.570,1956.801,1956.436,1956.667,97.9
2024-01-12T20:20:00+00:00,1956.667,1956.969,1956.361,1956.663,127.1
2024-01-12T20:21:00+00:00,1956.663,1956.844,1955.819,1956.000,126.9
2024-01-12T20:22:00+00:00,1956.000,1956.086,1955.803,1955.889,151.0
2024-01-12T20:23:00+00:00,1955.889,1956.484,1955.352,1955.946,155.8
2024-01-12T20:24:00+00:00,1955.946,1956.124,1955.846,1956.023,84.1
2024-01-12T20:25:00+00:00,1956.023,1956.123,1955.585,1955.685,123.5
2024-01-12T20:26:00+00:00,1955.685,1956.311,1955.220,1955.846,132.6
2024-01-12T20:27:00+00:00,1955.846,1956.128,1955.738,1956.020,87.3
2024-01-12T20:28:00+00:00,1956.020,1956.094,1955.820,1955.894,141.6
2024-01-12T20:29:00+00:00,1955.894,1956.476,1955.588,1956.169,116.6
2024-01-12T20:30:00+00:00,1956.169,1956.878,1955.764,1956.473,112.6
2024-01-12T20:31:00+00:00,1956.473,1956.697,1955.780,1956.004,154.3
2024-01-12T20:32:00+00:00,1956.004,1956.759,1955.416,1956.171,88.8
2024-01-12T20:33:00+00:00,1956.171,1956.615,1956.081,1956.524,72.3
2024-01-12T20:34:00+00:00,1956.524,1956.736,1956.419,1956.630,111.9
2024-01-12T20:35:00+00:00,1956.630,1957.214,1956.502,1957.086,141.9
2024-01-12T20:36:00+00:00,1957.086,1957.306,1956.904,1957.124,131.7
2024-01-12T20:37:00+00:00,1957.124,1957.942,1956.710,1957.528,155.4
2024-01-12T20:38:00+00:00,1957.528,1957.910,1956.588,1956.969,112.2
2024-01-12T20:39:00+00:00,1956.969,1957.944,1956.444,1957.418,124.1
2024-01-12T20:40:00+00:00,1957.418,1957.663,1956.793,1957.038,151.4
2024-01-12T20:41:00+00:00,1957.038,1957.431,1956.585,1956.979,142.2
2024-01-12T20:42:00+00:00,1956.979,1957.388,1956.554,1956.963,184.5
2024-01-12T20:43:00+00:00,1956.963,1957.087,1956.847,1956.971,130.0
2024-01-12T20:44:00+00:00,1956.971,1957.450,1956.821,1957.300,113.6
2024-01-12T20:45:00+00:00,1957.300,1957.827,1957.222,1957.750,159.6
2024-01-12T20:46:00+00:00,1957.750,1958.364,1957.273,1957.887,165.1
2024-01-12T20:47:00+00:00,1957.887,1958.115,1957.297,1957.526,113.0
2024-01-12T20:48:00+00:00,1957.526,1957.793,1957.090,1957.357,152.5
2024-01-12T20:49:00+00:00,1957.357,1957.910,1957.026,1957.579,168.8
2024-01-12T20:50:00+00:00,1957.579,1957.955,1957.373,1957.749,135.3
2024-01-12T20:51:00+00:00,1957.749,1958.577,1957.485,1958.313,118.3
2024-01-12T20:52:00+00:00,1958.313,1958.498,1957.748,1957.933,131.3
2024-01-12T20:53:00+00:00,1957.933,1958.167,1957.618,1957.851,113.4
2024-01-12T20:54:00+00:00,1957.851,1958.861,1957.283,1958.293,124.6
2024-01-12T20:55:00+00:00,1958.293,1958.398,1957.976,1958.081,102.0
2024-01-12T20:56:00+00:00,1958.081,1958.467,1957.857,1958.243,179.0
2024-01-12T20:57:00+00:00,1958.243,1958.320,1957.949,1958.026,95.7
2024-01-12T20:58:00+00:00,1958.026,1958.733,1957.744,1958.451,159.8
2024-01-12T20:59:00+00:00,1958.451,1959.592,1957.980,1959.121,153.0
2024-01-12T21:00:00+00:00,1959.121,1960.055,1959.040,1959.973,119.2
2024-01-12T21:01:00+00:00,1959.973,1960.819,1959.877,1960.722,117.7
2024-01-12T21:02:00+00:00,1960.722,1960.940,1960.235,1960.452,160.7
2024-01-12T21:03:00+00:00,1960.452,1960.717,1959.962,1960.227,135.8
2024-01-12T21:04:00+00:00,1960.227,1960.897,1960.159,1960.828,97.9
2024-01-12T21:05:00+00:00,1960.828,1961.128,1960.654,1960.955,112.7
2024-01-12T21:06:00+00:00,1960.955,1961.170,1960.461,1960.676,73.1
2024-01-12T21:07:00+00:00,1960.676,1960.747,1960.251,1960.322,80.3
2024-01-12T21:08:00+00:00,1960.322,1960.994,1959.877,1960.549,115.2
2024-01-12T21:09:00+00:00,1960.549,1961.141,1960.152,1960.744,95.7
2024-01-12T21:10:00+00:00,1960.744,1961.247,1960.390,1960.893,96.6
2024-01-12T21:11:00+00:00,1960.893,1961.413,1960.551,1961.072,153.9
2024-01-12T21:12:00+00:00,1961.072,1961.247,1960.926,1961.101,99.5
2024-01-12T21:13:00+00:00,1961.101,1961.506,1960.936,1961.341,105.3
2024-01-12T21:14:00+00:00,1961.341,1962.452,1961.123,1962.234,96.0
2024-01-12T21:15:00+00:00,1962.234,1962.479,1962.053,1962.297,89.7
2024-01-12T21:16:00+00:00,1962.297,1962.540,1961.790,1962.033,118.8
2024-01-12T21:17:00+00:00,1962.033,1962.382,1961.713,1962.062,112.9
2024-01-12T21:18:00+00:00,1962.062,1962.383,1961.272,1961.593,116.4
2024-01-12T21:19:00+00:00,1961.593,1961.731,1961.439,1961.578,94.6
2024-01-12T21:20:00+00:00,1961.578,1961.682,1960.910,1961.015,133.7
2024-01-12T21:21:00+00:00,1961.015,1961.379,1960.800,1961.164,208.9
2024-01-12T21:22:00+00:00,1961.164,1961.359,1960.611,1960.807,125.8
2024-01-12T21:23:00+00:00,1960.807,1961.040,1959.786,1960.019,117.9
2024-01-12T21:24:00+00:00,1960.019,1961.258,1959.953,1961.191,117.8
2024-01-12T21:25:00+00:00,1961.191,1961.346,1961.092,1961.247,100.7
2024-01-12T21:26:00+00:00,1961.247,1961.827,1961.107,1961.687,130.7
2024-01-12T21:27:00+00:00,1961.687,1962.206,1961.129,1961.648,106.8
2024-01-12T21:28:00+00:00,1961.648,1961.848,1960.710,1960.910,131.6
2024-01-12T21:29:00+00:00,1960.910,1960.987,1960.795,1960.872,168.1
2024-01-12T21:30:00+00:00,1960.872,1961.428,1960.567,1961.123,111.0
2024-01-12T21:31:00+00:00,1961.123,1961.517,1960.668,1961.062,164.9
2024-01-12T21:32:00+00:00,1961.062,1961.578,1960.999,1961.516,134.7
2024-01-12T21:33:00+00:00,1961.516,1962.056,1961.117,1961.658,136.1
2024-01-12T21:34:00+00:00,1961.658,1961.986,1961.351,1961.679,46.8
2024-01-12T21:35:00+00:00,1961.679,1961.784,1960.811,1960.915,156.5
2024-01-12T21:36:00+00:00,1960.915,1961.020,1960.616,1960.720,139.5
2024-01-12T21:37:00+00:00,1960.720,1961.974,1960.085,1961.339,116.3
2024-01-12T21:38:00+00:00,1961.339,1961.599,1960.962,1961.221,108.8
2024-01-12T21:39:00+00:00,1961.221,1961.860,1960.029,1960.668,70.4
2024-01-12T21:40:00+00:00,1960.668,1960.979,1960.266,1960.577,79.0
2024-01-12T21:41:00+00:00,1960.577,1961.753,1960.152,1961.328,111.2
2024-01-12T21:42:00+00:00,1961.328,1961.863,1961.274,1961.810,59.1
2024-01-12T21:43:00+00:00,1961.810,1961.923,1961.756,1961.869,160.7
2024-01-12T21:44:00+00:00,1961.869,1962.300,1961.205,1961.635,108.3
2024-01-12T21:45:00+00:00,1961.635,1961.739,1961.196,1961.300,139.8
2024-01-12T21:46:00+00:00,1961.300,1961.389,1961.240,1961.329,83.2
2024-01-12T21:47:00+00:00,1961.329,1961.458,1960.771,1960.900,162.5
2024-01-12T21:48:00+00:00,1960.900,1961.899,1960.241,1961.241,90.1
2024-01-12T21:49:00+00:00,1961.241,1961.301,1960.489,1960.549,128.2
2024-01-12T21:50:00+00:00,1960.549,1961.070,1959.784,1960.305,161.4
2024-01-12T21:51:00+00:00,1960.305,1960.486,1959.517,1959.698,145.5
2024-01-12T21:52:00+00:00,1959.698,1960.281,1959.636,1960.220,148.6
2024-01-12T21:53:00+00:00,1960.220,1960.458,1959.950,1960.189,160.2
2024-01-12T21:54:00+00:00,1960.189,1960.718,1959.705,1960.235,133.2
2024-01-12T21:55:00+00:00,1960.235,1960.639,1958.835,1959.239,101.5
2024-01-12T21:56:00+00:00,1959.239,1959.540,1958.800,1959.101,147.0
2024-01-12T21:57:00+00:00,1959.101,1959.528,1958.906,1959.333,141.9
2024-01-12T21:58:00+00:00,1959.333,1959.578,1959.195,1959.440,96.0
2024-01-12T21:59:00+00:00,1959.440,1959.906,1959.200,1959.666,159.5
2024-01-12T22:00:00+00:00,1959.666,1959.967,1958.785,1959.086,125.7
2024-01-12T22:01:00+00:00,1959.086,1959.610,1958.024,1958.548,78.0
2024-01-12T22:02:00+00:00,1958.548,1958.701,1958.235,1958.388,125.4
2024-01-12T22:03:00+00:00,1958.388,1959.094,1958.230,1958.935,104.7
2024-01-12T22:04:00+00:00,1958.935,1959.506,1958.883,1959.454,143.8
2024-01-12T22:05:00+00:00,1959.454,1959.712,1959.273,1959.531,101.5
2024-01-12T22:06:00+00:00,1959.531,1959.779,1958.991,1959.239,125.3
2024-01-12T22:07:00+00:00,1959.239,1959.533,1958.987,1959.282,123.4
2024-01-12T22:08:00+00:00,1959.282,1959.756,1959.015,1959.488,70.3
2024-01-12T22:09:00+00:00,1959.488,1960.410,1958.983,1959.905,111.3
2024-01-12T22:10:00+00:00,1959.905,1960.547,1959.634,1960.276,92.4
2024-01-12T22:11:00+00:00,1960.276,1960.743,1960.007,1960.474,137.4
2024-01-12T22:12:00+00:00,1960.474,1961.003,1960.402,1960.930,115.6
2024-01-12T22:13:00+00:00,1960.930,1961.300,1960.656,1961.026,109.2
2024-01-12T22:14:00+00:00,1961.026,1961.369,1960.153,1960.496,143.8
2024-01-12T22:15:00+00:00,1960.496,1961.125,1959.738,1960.367,85.7
2024-01-12T22:16:00+00:00,1960.367,1960.775,1960.300,1960.708,117.4
2024-01-12T22:17:00+00:00,1960.708,1961.322,1960.364,1960.978,110.8
2024-01-12T22:18:00+00:00,1960.978,1961.678,1960.427,1961.128,138.4
2024-01-12T22:19:00+00:00,1961.128,1961.389,1960.740,1961.001,106.2
2024-01-12T22:20:00+00:00,1961.001,1962.043,1960.436,1961.478,139.3
2024-01-12T22:21:00+00:00,1961.478,1961.690,1961.181,1961.394,125.7
2024-01-12T22:22:00+00:00,1961.394,1961.566,1960.724,1960.896,59.2
2024-01-12T22:23:00+00:00,1960.896,1961.155,1960.651,1960.910,147.4
2024-01-12T22:24:00+00:00,1960.910,1961.031,1960.203,1960.324,90.2
2024-01-12T22:25:00+00:00,1960.324,1960.806,1959.732,1960.215,175.4
2024-01-12T22:26:00+00:00,1960.215,1960.284,1960.129,1960.199,189.9
2024-01-12T22:27:00+00:00,1960.199,1960.274,1959.582,1959.657,92.0
2024-01-12T22:28:00+00:00,1959.657,1959.812,1959.472,1959.626,135.5
2024-01-12T22:29:00+00:00,1959.626,1960.022,1959.559,1959.955,155.5
2024-01-12T22:30:00+00:00,1959.955,1960.327,1959.534,1959.906,67.9
2024-01-12T22:31:00+00:00,1959.906,1960.411,1959.766,1960.271,134.4
2024-01-12T22:32:00+00:00,1960.271,1960.872,1959.993,1960.594,159.6
2024-01-12T22:33:00+00:00,1960.594,1961.390,1960.126,1960.922,141.4
2024-01-12T22:34:00+00:00,1960.922,1961.117,1960.387,1960.582,123.9
2024-01-12T22:35:00+00:00,1960.582,1960.854,1959.874,1960.147,112.3
2024-01-12T22:36:00+00:00,1960.147,1960.824,1959.685,1960.362,160.0
2024-01-12T22:37:00+00:00,1960.362,1960.599,1960.050,1960.287,151.0
2024-01-12T22:38:00+00:00,1960.287,1960.735,1959.964,1960.413,137.7
2024-01-12T22:39:00+00:00,1960.413,1960.821,1959.920,1960.327,112.8
2024-01-12T22:40:00+00:00,1960.327,1960.472,1960.083,1960.228,65.3
2024-01-12T22:41:00+00:00,1960.228,1961.029,1959.871,1960.672,65.1
2024-01-12T22:42:00+00:00,1960.672,1961.461,1960.073,1960.862,111.3
2024-01-12T22:43:00+00:00,1960.862,1961.332,1960.724,1961.194,131.4
2024-01-12T22:44:00+00:00,1961.194,1961.483,1960.874,1961.163,128.8
2024-01-12T22:45:00+00:00,1961.163,1961.573,1961.098,1961.509,149.3
2024-01-12T22:46:00+00:00,1961.509,1961.789,1960.439,1960.719,39.7
2024-01-12T22:47:00+00:00,1960.719,1960.811,1960.548,1960.640,81.7
2024-01-12T22:48:00+00:00,1960.640,1960.712,1960.445,1960.517,95.1
2024-01-12T22:49:00+00:00,1960.517,1960.812,1960.213,1960.509,120.2
2024-01-12T22:50:00+00:00,1960.509,1961.116,1960.347,1960.955,104.2
2024-01-12T22:51:00+00:00,1960.955,1961.339,1960.670,1961.054,103.1
2024-01-12T22:52:00+00:00,1961.054,1961.413,1960.534,1960.893,145.6
2024-01-12T22:53:00+00:00,1960.893,1961.377,1960.708,1961.193,114.6
2024-01-12T22:54:00+00:00,1961.193,1961.560,1961.039,1961.406,146.8
2024-01-12T22:55:00+00:00,1961.406,1961.683,1960.816,1961.093,89.8
2024-01-12T22:56:00+00:00,1961.093,1961.265,1960.653,1960.825,103.7
2024-01-12T22:57:00+00:00,1960.825,1961.623,1960.467,1961.266,183.8
2024-01-12T22:58:00+00:00,1961.266,1961.355,1961.006,1961.095,160.3
2024-01-12T22:59:00+00:00,1961.095,1961.351,1960.308,1960.563,176.9
2024-01-12T23:00:00+00:00,1960.563,1961.221,1960.329,1960.987,117.4
2024-01-12T23:01:00+00:00,1960.987,1961.337,1960.765,1961.114,88.8
2024-01-12T23:02:00+00:00,1961.114,1961.869,1960.846,1961.601,152.6
2024-01-12T23:03:00+00:00,1961.601,1961.851,1961.046,1961.296,51.1
2024-01-12T23:04:00+00:00,1961.296,1961.816,1959.958,1960.478,100.4
2024-01-12T23:05:00+00:00,1960.478,1960.745,1960.148,1960.415,76.5
2024-01-12T23:06:00+00:00,1960.415,1960.824,1960.080,1960.489,144.8
2024-01-12T23:07:00+00:00,1960.489,1961.166,1960.406,1961.083,74.3
2024-01-12T23:08:00+00:00,1961.083,1961.347,1960.900,1961.164,88.5
2024-01-12T23:09:00+00:00,1961.164,1961.220,1961.071,1961.127,186.3
2024-01-12T23:10:00+00:00,1961.127,1961.375,1960.718,1960.967,114.2
2024-01-12T23:11:00+00:00,1960.967,1961.030,1960.753,1960.816,104.3
2024-01-12T23:12:00+00:00,1960.816,1961.043,1960.223,1960.449,61.4
2024-01-12T23:13:00+00:00,1960.449,1961.520,1960.047,1961.118,116.5
2024-01-12T23:14:00+00:00,1961.118,1961.491,1960.895,1961.268,130.0
2024-01-12T23:15:00+00:00,1961.268,1961.541,1960.755,1961.028,144.5
2024-01-12T23:16:00+00:00,1961.028,1961.185,1960.851,1961.008,107.9
2024-01-12T23:17:00+00:00,1961.008,1961.478,1960.922,1961.392,127.4
2024-01-12T23:18:00+00:00,1961.392,1962.229,1960.834,1961.671,148.0
2024-01-12T23:19:00+00:00,1961.671,1962.383,1961.501,1962.212,70.9
2024-01-12T23:20:00+00:00,1962.212,1962.698,1961.941,1962.426,89.8
2024-01-12T23:21:00+00:00,1962.426,1963.127,1962.349,1963.049,87.4
2024-01-12T23:22:00+00:00,1963.049,1963.198,1962.515,1962.663,130.5
2024-01-12T23:23:00+00:00,1962.663,1963.215,1962.325,1962.876,99.3
2024-01-12T23:24:00+00:00,1962.876,1963.091,1962.727,1962.942,122.2
2024-01-12T23:25:00+00:00,1962.942,1963.004,1962.833,1962.895,125.5
2024-01-12T23:26:00+00:00,1962.895,1963.573,1962.520,1963.198,118.8
2024-01-12T23:27:00+00:00,1963.198,1963.613,1962.136,1962.551,74.2
2024-01-12T23:28:00+00:00,1962.551,1963.064,1962.199,1962.712,139.2
2024-01-12T23:29:00+00:00,1962.712,1963.305,1962.658,1963.250,186.8
2024-01-12T23:30:00+00:00,1963.250,1963.975,1962.786,1963.511,142.3
2024-01-12T23:31:00+00:00,1963.511,1963.838,1963.142,1963.468,98.7
2024-01-12T23:32:00+00:00,1963.468,1964.217,1963.093,1963.842,111.7
2024-01-12T23:33:00+00:00,1963.842,1964.215,1963.501,1963.874,95.5
2024-01-12T23:34:00+00:00,1963.874,1964.393,1963.542,1964.062,65.2
2024-01-12T23:35:00+00:00,1964.062,1964.751,1963.990,1964.679,126.5
2024-01-12T23:36:00+00:00,1964.679,1965.506,1964.615,1965.442,142.2
2024-01-12T23:37:00+00:00,1965.442,1966.379,1965.018,1965.955,157.2
2024-01-12T23:38:00+00:00,1965.955,1966.101,1965.663,1965.810,76.4
2024-01-12T23:39:00+00:00,1965.810,1965.935,1965.318,1965.444,110.7
2024-01-12T23:40:00+00:00,1965.444,1965.687,1965.069,1965.313,171.9
2024-01-12T23:41:00+00:00,1965.313,1965.498,1964.730,1964.916,81.8
2024-01-12T23:42:00+00:00,1964.916,1965.361,1964.652,1965.097,68.4
2024-01-12T23:43:00+00:00,1965.097,1965.445,1964.100,1964.448,157.5
2024-01-12T23:44:00+00:00,1964.448,1964.543,1964.322,1964.416,130.5
2024-01-12T23:45:00+00:00,1964.416,1964.629,1963.719,1963.932,210.6
2024-01-12T23:46:00+00:00,1963.932,1964.401,1963.370,1963.840,102.6
2024-01-12T23:47:00+00:00,1963.840,1964.034,1963.711,1963.906,172.8
2024-01-12T23:48:00+00:00,1963.906,1964.390,1963.709,1964.194,127.3
2024-01-12T23:49:00+00:00,1964.194,1964.442,1963.850,1964.098,166.4
2024-01-12T23:50:00+00:00,1964.098,1964.297,1963.902,1964.101,163.4
2024-01-12T23:51:00+00:00,1964.101,1964.407,1963.757,1964.063,39.6
2024-01-12T23:52:00+00:00,1964.063,1964.709,1963.727,1964.373,108.3
2024-01-12T23:53:00+00:00,1964.373,1965.250,1963.876,1964.753,50.0
2024-01-12T23:54:00+00:00,1964.753,1965.418,1964.625,1965.290,105.5
2024-01-12T23:55:00+00:00,1965.290,1965.802,1965.208,1965.721,102.6
2024-01-12T23:56:00+00:00,1965.721,1965.828,1965.595,1965.703,104.6
2024-01-12T23:57:00+00:00,1965.703,1966.619,1965.232,1966.147,92.3
2024-01-12T23:58:00+00:00,1966.147,1966.232,1965.889,1965.974,96.7
2024-01-12T23:59:00+00:00,1965.974,1966.154,1965.885,1966.066,119.7
2024-01-13T00:00:00+00:00,1966.066,1966.192,1965.739,1965.865,81.4
2024-01-13T00:01:00+00:00,1965.865,1965.952,1965.696,1965.784,121.3
2024-01-13T00:02:00+00:00,1965.784,1966.236,1965.685,1966.137,89.6
2024-01-13T00:03:00+00:00,1966.137,1966.425,1966.052,1966.340,143.6
2024-01-13T00:04:00+00:00,1966.340,1967.416,1965.904,1966.981,119.3
2024-01-13T00:05:00+00:00,1966.981,1967.089,1966.576,1966.685,114.0
2024-01-13T00:06:00+00:00,1966.685,1967.124,1966.036,1966.475,154.9
2024-01-13T00:07:00+00:00,1966.475,1966.785,1965.868,1966.178,152.3
2024-01-13T00:08:00+00:00,1966.178,1966.330,1965.749,1965.901,117.5
2024-01-13T00:09:00+00:00,1965.901,1966.110,1965.226,1965.434,123.9
2024-01-13T00:10:00+00:00,1965.434,1966.061,1965.198,1965.825,113.6
2024-01-13T00:11:00+00:00,1965.825,1966.397,1965.672,1966.244,99.0
2024-01-13T00:12:00+00:00,1966.244,1966.401,1965.598,1965.755,98.5
2024-01-13T00:13:00+00:00,1965.755,1965.922,1965.290,1965.458,96.9
2024-01-13T00:14:00+00:00,1965.458,1966.730,1965.263,1966.536,143.1
2024-01-13T00:15:00+00:00,1966.536,1966.802,1965.862,1966.127,130.6
2024-01-13T00:16:00+00:00,1966.127,1966.744,1965.423,1966.040,91.0
2024-01-13T00:17:00+00:00,1966.040,1966.816,1964.920,1965.696,48.8
2024-01-13T00:18:00+00:00,1965.696,1965.766,1965.421,1965.491,143.4
2024-01-13T00:19:00+00:00,1965.491,1965.752,1965.243,1965.505,90.1
2024-01-13T00:20:00+00:00,1965.505,1966.292,1965.337,1966.125,172.5
2024-01-13T00:21:00+00:00,1966.125,1966.275,1965.980,1966.131,108.2
2024-01-13T00:22:00+00:00,1966.131,1966.601,1965.880,1966.350,108.7
2024-01-13T00:23:00+00:00,1966.350,1966.948,1965.973,1966.571,69.7
2024-01-13T00:24:00+00:00,1966.571,1966.744,1965.876,1966.049,99.5
2024-01-13T00:25:00+00:00,1966.049,1966.479,1965.908,1966.338,106.6
2024-01-13T00:26:00+00:00,1966.338,1966.764,1965.844,1966.270,82.0
2024-01-13T00:27:00+00:00,1966.270,1967.184,1966.077,1966.991,75.5
2024-01-13T00:28:00+00:00,1966.991,1967.129,1966.458,1966.597,53.3
2024-01-13T00:29:00+00:00,1966.597,1966.768,1965.641,1965.812,101.9
2024-01-13T00:30:00+00:00,1965.812,1966.449,1965.486,1966.122,80.9
2024-01-13T00:31:00+00:00,1966.122,1966.608,1965.826,1966.311,124.0
2024-01-13T00:32:00+00:00,1966.311,1966.462,1965.526,1965.677,174.7
2024-01-13T00:33:00+00:00,1965.677,1965.746,1965.131,1965.200,115.9
2024-01-13T00:34:00+00:00,1965.200,1965.371,1965.109,1965.280,141.9
2024-01-13T00:35:00+00:00,1965.280,1965.569,1964.781,1965.071,125.5
2024-01-13T00:36:00+00:00,1965.071,1965.697,1964.556,1965.182,142.1
2024-01-13T00:37:00+00:00,1965.182,1965.475,1964.784,1965.076,119.7
2024-01-13T00:38:00+00:00,1965.076,1965.226,1964.517,1964.667,140.5
2024-01-13T00:39:00+00:00,1964.667,1965.162,1964.569,1965.064,139.2
2024-01-13T00:40:00+00:00,1965.064,1965.680,1964.943,1965.559,163.3
2024-01-13T00:41:00+00:00,1965.559,1966.112,1965.267,1965.819,81.7
2024-01-13T00:42:00+00:00,1965.819,1966.301,1965.074,1965.556,155.2
2024-01-13T00:43:00+00:00,1965.556,1965.616,1965.200,1965.260,182.8
2024-01-13T00:44:00+00:00,1965.260,1965.310,1964.947,1964.997,109.1
2024-01-13T00:45:00+00:00,1964.997,1965.854,1964.471,1965.327,130.0
2024-01-13T00:46:00+00:00,1965.327,1965.759,1964.988,1965.420,132.7
2024-01-13T00:47:00+00:00,1965.420,1965.873,1965.130,1965.583,128.4
2024-01-13T00:48:00+00:00,1965.583,1966.091,1964.920,1965.429,129.6
2024-01-13T00:49:00+00:00,1965.429,1965.555,1965.341,1965.467,122.2
2024-01-13T00:50:00+00:00,1965.467,1965.682,1965.139,1965.353,119.5
2024-01-13T00:51:00+00:00,1965.353,1965.627,1964.787,1965.060,142.9
2024-01-13T00:52:00+00:00,1965.060,1965.637,1964.906,1965.483,148.3
2024-01-13T00:53:00+00:00,1965.483,1966.261,1965.269,1966.047,132.3
2024-01-13T00:54:00+00:00,1966.047,1966.501,1965.599,1966.054,89.3
2024-01-13T00:55:00+00:00,1966.054,1966.369,1965.740,1966.055,136.2
2024-01-13T00:56:00+00:00,1966.055,1966.161,1965.783,1965.889,116.7
2024-01-13T00:57:00+00:00,1965.889,1965.948,1965.594,1965.653,146.1
2024-01-13T00:58:00+00:00,1965.653,1965.806,1965.120,1965.274,118.9
2024-01-13T00:59:00+00:00,1965.274,1965.557,1964.652,1964.934,133.9
2024-01-13T01:00:00+00:00,1964.934,1965.781,1964.862,1965.709,104.5
2024-01-13T01:01:00+00:00,1965.709,1966.383,1965.621,1966.295,62.6
2024-01-13T01:02:00+00:00,1966.295,1966.835,1965.581,1966.121,110.5
2024-01-13T01:03:00+00:00,1966.121,1967.220,1965.560,1966.660,220.4
2024-01-13T01:04:00+00:00,1966.660,1967.155,1966.529,1967.025,100.8
2024-01-13T01:05:00+00:00,1967.025,1967.344,1966.585,1966.904,92.0
2024-01-13T01:06:00+00:00,1966.904,1967.131,1966.817,1967.044,125.9
2024-01-13T01:07:00+00:00,1967.044,1967.464,1966.587,1967.007,137.4
2024-01-13T01:08:00+00:00,1967.007,1967.288,1966.747,1967.029,124.9
2024-01-13T01:09:00+00:00,1967.029,1967.317,1966.405,1966.693,144.4
2024-01-13T01:10:00+00:00,1966.693,1966.928,1966.382,1966.617,133.7
2024-01-13T01:11:00+00:00,1966.617,1966.726,1966.358,1966.467,97.5
2024-01-13T01:12:00+00:00,1966.467,1967.111,1966.308,1966.952,149.0
2024-01-13T01:13:00+00:00,1966.952,1967.675,1966.885,1967.608,141.0
2024-01-13T01:14:00+00:00,1967.608,1968.657,1967.087,1968.136,184.5
2024-01-13T01:15:00+00:00,1968.136,1968.719,1967.785,1968.368,125.5
2024-01-13T01:16:00+00:00,1968.368,1969.216,1968.286,1969.134,161.7
2024-01-13T01:17:00+00:00,1969.134,1969.735,1968.926,1969.528,131.9
2024-01-13T01:18:00+00:00,1969.528,1970.391,1969.285,1970.148,123.5
2024-01-13T01:19:00+00:00,1970.148,1970.328,1969.789,1969.969,114.8
2024-01-13T01:20:00+00:00,1969.969,1970.173,1969.030,1969.235,69.0
2024-01-13T01:21:00+00:00,1969.235,1969.425,1968.719,1968.910,152.3
2024-01-13T01:22:00+00:00,1968.910,1969.188,1968.257,1968.536,108.0
2024-01-13T01:23:00+00:00,1968.536,1969.005,1967.807,1968.276,125.5
2024-01-13T01:24:00+00:00,1968.276,1968.533,1967.998,1968.255,101.8
2024-01-13T01:25:00+00:00,1968.255,1968.446,1967.344,1967.534,161.6
2024-01-13T01:26:00+00:00,1967.534,1967.641,1967.445,1967.552,135.2
2024-01-13T01:27:00+00:00,1967.552,1968.355,1966.854,1967.658,117.7
2024-01-13T01:28:00+00:00,1967.658,1968.130,1967.372,1967.844,136.4
2024-01-13T01:29:00+00:00,1967.844,1967.997,1967.100,1967.252,110.9
2024-01-13T01:30:00+00:00,1967.252,1967.546,1966.616,1966.910,100.5
2024-01-13T01:31:00+00:00,1966.910,1967.288,1966.689,1967.067,139.2
2024-01-13T01:32:00+00:00,1967.067,1967.796,1966.810,1967.539,96.7
2024-01-13T01:33:00+00:00,1967.539,1968.153,1967.268,1967.882,153.1
2024-01-13T01:34:00+00:00,1967.882,1968.291,1967.611,1968.020,103.6
2024-01-13T01:35:00+00:00,1968.020,1968.765,1967.756,1968.501,125.7
2024-01-13T01:36:00+00:00,1968.501,1968.918,1968.165,1968.582,102.1
2024-01-13T01:37:00+00:00,1968.582,1968.884,1968.414,1968.717,161.6
2024-01-13T01:38:00+00:00,1968.717,1968.803,1968.504,1968.591,128.4
2024-01-13T01:39:00+00:00,1968.591,1968.700,1968.416,1968.526,138.0
2024-01-13T01:40:00+00:00,1968.526,1968.634,1968.249,1968.358,128.3
2024-01-13T01:41:00+00:00,1968.358,1968.551,1968.219,1968.412,118.7
2024-01-13T01:42:00+00:00,1968.412,1968.640,1967.764,1967.992,99.0
2024-01-13T01:43:00+00:00,1967.992,1968.422,1967.186,1967.616,185.1
2024-01-13T01:44:00+00:00,1967.616,1967.679,1967.470,1967.533,116.3
2024-01-13T01:45:00+00:00,1967.533,1967.720,1967.229,1967.416,148.7
2024-01-13T01:46:00+00:00,1967.416,1967.965,1967.051,1967.600,126.7
2024-01-13T01:47:00+00:00,1967.600,1967.810,1967.106,1967.316,98.1
2024-01-13T01:48:00+00:00,1967.316,1967.647,1967.091,1967.421,114.7
2024-01-13T01:49:00+00:00,1967.421,1967.784,1967.197,1967.559,79.5
2024-01-13T01:50:00+00:00,1967.559,1967.805,1967.119,1967.365,69.7
2024-01-13T01:51:00+00:00,1967.365,1967.561,1967.263,1967.459,112.2
2024-01-13T01:52:00+00:00,1967.459,1967.967,1966.662,1967.171,93.8
2024-01-13T01:53:00+00:00,1967.171,1967.308,1966.117,1966.254,129.9
2024-01-13T01:54:00+00:00,1966.254,1966.328,1965.799,1965.873,51.4
2024-01-13T01:55:00+00:00,1965.873,1965.940,1965.722,1965.789,92.7
2024-01-13T01:56:00+00:00,1965.789,1966.097,1965.091,1965.399,104.3
2024-01-13T01:57:00+00:00,1965.399,1965.852,1965.323,1965.775,102.3
2024-01-13T01:58:00+00:00,1965.775,1966.031,1965.341,1965.596,100.0
2024-01-13T01:59:00+00:00,1965.596,1965.839,1965.042,1965.285,120.9
2024-01-13T02:00:00+00:00,1965.285,1965.839,1965.182,1965.736,111.0
2024-01-13T02:01:00+00:00,1965.736,1965.988,1965.637,1965.888,122.1
2024-01-13T02:02:00+00:00,1965.888,1966.099,1965.341,1965.551,97.3
2024-01-13T02:03:00+00:00,1965.551,1965.921,1965.007,1965.377,93.6
2024-01-13T02:04:00+00:00,1965.377,1965.697,1965.209,1965.529,73.8
2024-01-13T02:05:00+00:00,1965.529,1965.996,1965.422,1965.889,132.1
2024-01-13T02:06:00+00:00,1965.889,1966.256,1965.581,1965.948,131.7
2024-01-13T02:07:00+00:00,1965.948,1966.153,1965.513,1965.718,95.0
2024-01-13T02:08:00+00:00,1965.718,1965.976,1965.178,1965.436,126.9
2024-01-13T02:09:00+00:00,1965.436,1965.876,1965.336,1965.777,151.9
2024-01-13T02:10:00+00:00,1965.777,1966.387,1965.548,1966.159,71.1
2024-01-13T02:11:00+00:00,1966.159,1966.477,1964.931,1965.249,135.7
2024-01-13T02:12:00+00:00,1965.249,1965.479,1964.520,1964.750,126.8
2024-01-13T02:13:00+00:00,1964.750,1965.120,1964.371,1964.741,119.2
2024-01-13T02:14:00+00:00,1964.741,1964.848,1964.111,1964.217,138.5
2024-01-13T02:15:00+00:00,1964.217,1964.503,1964.023,1964.309,139.7
2024-01-13T02:16:00+00:00,1964.309,1965.087,1964.194,1964.972,123.9
2024-01-13T02:17:00+00:00,1964.972,1965.219,1964.218,1964.465,72.1
2024-01-13T02:18:00+00:00,1964.465,1964.750,1964.091,1964.376,137.7
2024-01-13T02:19:00+00:00,1964.376,1964.628,1962.972,1963.224,47.6
2024-01-13T02:20:00+00:00,1963.224,1963.636,1962.696,1963.109,187.0
2024-01-13T02:21:00+00:00,1963.109,1963.819,1962.811,1963.522,111.3
2024-01-13T02:22:00+00:00,1963.522,1963.831,1963.222,1963.531,161.6
2024-01-13T02:23:00+00:00,1963.531,1964.127,1963.164,1963.760,25.3
2024-01-13T02:24:00+00:00,1963.760,1964.098,1962.873,1963.211,143.0
2024-01-13T02:25:00+00:00,1963.211,1963.581,1962.365,1962.735,144.4
2024-01-13T02:26:00+00:00,1962.735,1963.014,1962.472,1962.750,98.6
2024-01-13T02:27:00+00:00,1962.750,1963.187,1962.675,1963.112,102.6
2024-01-13T02:28:00+00:00,1963.112,1963.683,1962.253,1962.824,110.2
2024-01-13T02:29:00+00:00,1962.824,1963.157,1962.673,1963.005,106.7
2024-01-13T02:30:00+00:00,1963.005,1964.371,1962.227,1963.593,79.5
2024-01-13T02:31:00+00:00,1963.593,1964.082,1963.536,1964.025,119.9
2024-01-13T02:32:00+00:00,1964.025,1964.138,1963.612,1963.724,129.1
2024-01-13T02:33:00+00:00,1963.724,1964.060,1963.531,1963.866,104.1
2024-01-13T02:34:00+00:00,1963.866,1964.514,1963.433,1964.080,107.2
2024-01-13T02:35:00+00:00,1964.080,1964.490,1963.846,1964.256,131.3
2024-01-13T02:36:00+00:00,1964.256,1964.316,1963.861,1963.921,122.6
2024-01-13T02:37:00+00:00,1963.921,1963.985,1963.456,1963.519,120.0
2024-01-13T02:38:00+00:00,1963.519,1963.989,1962.791,1963.262,129.2
2024-01-13T02:39:00+00:00,1963.262,1963.610,1962.604,1962.953,111.6
2024-01-13T02:40:00+00:00,1962.953,1963.302,1962.241,1962.590,152.2
2024-01-13T02:41:00+00:00,1962.590,1962.723,1962.031,1962.164,134.5
2024-01-13T02:42:00+00:00,1962.164,1962.406,1961.713,1961.954,151.2
2024-01-13T02:43:00+00:00,1961.954,1962.005,1961.871,1961.922,140.7
2024-01-13T02:44:00+00:00,1961.922,1962.324,1961.536,1961.938,143.0
2024-01-13T02:45:00+00:00,1961.938,1962.070,1961.830,1961.962,108.4
2024-01-13T02:46:00+00:00,1961.962,1962.416,1961.731,1962.185,119.1
2024-01-13T02:47:00+00:00,1962.185,1962.833,1961.085,1961.733,129.4
2024-01-13T02:48:00+00:00,1961.733,1961.914,1961.562,1961.742,70.1
2024-01-13T02:49:00+00:00,1961.742,1962.709,1961.283,1962.250,139.4
2024-01-13T02:50:00+00:00,1962.250,1962.493,1961.862,1962.105,139.5
2024-01-13T02:51:00+00:00,1962.105,1962.493,1961.801,1962.190,111.0
2024-01-13T02:52:00+00:00,1962.190,1962.392,1962.064,1962.266,99.7
2024-01-13T02:53:00+00:00,1962.266,1962.411,1961.729,1961.875,172.5
2024-01-13T02:54:00+00:00,1961.875,1962.046,1961.399,1961.570,99.4
2024-01-13T02:55:00+00:00,1961.570,1962.251,1961.022,1961.703,125.4
2024-01-13T02:56:00+00:00,1961.703,1962.005,1961.135,1961.436,127.6
2024-01-13T02:57:00+00:00,1961.436,1961.625,1961.312,1961.500,157.5
2024-01-13T02:58:00+00:00,1961.500,1961.834,1960.664,1960.999,136.4
2024-01-13T02:59:00+00:00,1960.999,1962.254,1960.601,1961.857,136.0
2024-01-13T03:00:00+00:00,1961.857,1961.975,1961.050,1961.168,166.3
2024-01-13T03:01:00+00:00,1961.168,1961.523,1961.101,1961.456,82.8
2024-01-13T03:02:00+00:00,1961.456,1961.886,1961.037,1961.467,96.5
2024-01-13T03:03:00+00:00,1961.467,1961.622,1961.160,1961.315,101.0
2024-01-13T03:04:00+00:00,1961.315,1961.369,1961.231,1961.285,128.3
2024-01-13T03:05:00+00:00,1961.285,1961.668,1961.114,1961.496,111.7
2024-01-13T03:06:00+00:00,1961.496,1961.753,1961.290,1961.546,83.7
2024-01-13T03:07:00+00:00,1961.546,1961.599,1961.281,1961.334,58.4
2024-01-13T03:08:00+00:00,1961.334,1961.743,1961.190,1961.599,72.9
2024-01-13T03:09:00+00:00,1961.599,1961.871,1960.952,1961.225,50.5
2024-01-13T03:10:00+00:00,1961.225,1961.384,1960.446,1960.605,59.9
2024-01-13T03:11:00+00:00,1960.605,1961.787,1960.201,1961.383,168.0
2024-01-13T03:12:00+00:00,1961.383,1961.901,1961.034,1961.551,160.1
2024-01-13T03:13:00+00:00,1961.551,1961.999,1960.749,1961.198,96.1
2024-01-13T03:14:00+00:00,1961.198,1961.917,1960.347,1961.066,110.2
2024-01-13T03:15:00+00:00,1961.066,1961.688,1959.824,1960.446,131.6
2024-01-13T03:16:00+00:00,1960.446,1960.926,1960.274,1960.753,148.5
2024-01-13T03:17:00+00:00,1960.753,1961.087,1960.609,1960.942,136.9
2024-01-13T03:18:00+00:00,1960.942,1961.321,1960.409,1960.787,58.8
2024-01-13T03:19:00+00:00,1960.787,1960.988,1959.995,1960.196,180.4
2024-01-13T03:20:00+00:00,1960.196,1960.401,1959.818,1960.022,159.9
2024-01-13T03:21:00+00:00,1960.022,1960.159,1959.823,1959.960,120.7
2024-01-13T03:22:00+00:00,1959.960,1960.357,1958.692,1959.089,129.7
2024-01-13T03:23:00+00:00,1959.089,1959.238,1958.969,1959.118,79.0
2024-01-13T03:24:00+00:00,1959.118,1959.282,1958.994,1959.159,89.7
2024-01-13T03:25:00+00:00,1959.159,1959.272,1958.953,1959.067,186.3
2024-01-13T03:26:00+00:00,1959.067,1959.734,1958.784,1959.451,144.2
2024-01-13T03:27:00+00:00,1959.451,1960.099,1958.232,1958.880,95.7
2024-01-13T03:28:00+00:00,1958.880,1959.797,1958.639,1959.556,98.8
2024-01-13T03:29:00+00:00,1959.556,1960.275,1958.977,1959.696,114.0
2024-01-13T03:30:00+00:00,1959.696,1960.069,1958.968,1959.341,108.1
2024-01-13T03:31:00+00:00,1959.341,1959.473,1958.911,1959.043,81.0
2024-01-13T03:32:00+00:00,1959.043,1959.340,1958.876,1959.173,145.0
2024-01-13T03:33:00+00:00,1959.173,1959.627,1958.945,1959.399,152.7
2024-01-13T03:34:00+00:00,1959.399,1960.169,1959.073,1959.843,156.2
2024-01-13T03:35:00+00:00,1959.843,1959.957,1959.244,1959.358,165.5
2024-01-13T03:36:00+00:00,1959.358,1959.601,1958.894,1959.137,152.8
2024-01-13T03:37:00+00:00,1959.137,1959.820,1958.933,1959.617,127.7
2024-01-13T03:38:00+00:00,1959.617,1959.836,1959.345,1959.564,61.5
2024-01-13T03:39:00+00:00,1959.564,1959.915,1959.179,1959.530,119.7
2024-01-13T03:40:00+00:00,1959.530,1960.307,1959.110,1959.886,124.8
2024-01-13T03:41:00+00:00,1959.886,1960.077,1959.537,1959.728,82.8
2024-01-13T03:42:00+00:00,1959.728,1959.826,1959.469,1959.567,149.7
2024-01-13T03:43:00+00:00,1959.567,1959.792,1959.086,1959.311,118.3
2024-01-13T03:44:00+00:00,1959.311,1959.692,1958.847,1959.227,120.9
2024-01-13T03:45:00+00:00,1959.227,1959.810,1959.153,1959.736,38.8
2024-01-13T03:46:00+00:00,1959.736,1960.074,1959.328,1959.666,120.6
2024-01-13T03:47:00+00:00,1959.666,1959.950,1959.038,1959.323,111.3
2024-01-13T03:48:00+00:00,1959.323,1959.914,1958.597,1959.188,110.3
2024-01-13T03:49:00+00:00,1959.188,1959.324,1958.876,1959.012,143.0
2024-01-13T03:50:00+00:00,1959.012,1959.156,1958.951,1959.095,156.1
2024-01-13T03:51:00+00:00,1959.095,1959.336,1958.629,1958.870,145.9
2024-01-13T03:52:00+00:00,1958.870,1959.154,1958.691,1958.975,116.0
2024-01-13T03:53:00+00:00,1958.975,1960.113,1958.235,1959.373,167.2
2024-01-13T03:54:00+00:00,1959.373,1959.669,1958.737,1959.033,136.5
2024-01-13T03:55:00+00:00,1959.033,1959.368,1958.846,1959.181,105.1
2024-01-13T03:56:00+00:00,1959.181,1959.823,1959.114,1959.757,145.7
2024-01-13T03:57:00+00:00,1959.757,1959.887,1959.546,1959.676,154.0
2024-01-13T03:58:00+00:00,1959.676,1959.733,1959.267,1959.324,94.9
2024-01-13T03:59:00+00:00,1959.324,1959.629,1958.429,1958.735,120.9
2024-01-13T04:00:00+00:00,1958.735,1958.801,1958.005,1958.071,192.1
2024-01-13T04:01:00+00:00,1958.071,1958.552,1957.968,1958.449,131.5
2024-01-13T04:02:00+00:00,1958.449,1958.562,1958.232,1958.344,116.5
2024-01-13T04:03:00+00:00,1958.344,1958.571,1958.179,1958.406,147.0
2024-01-13T04:04:00+00:00,1958.406,1958.901,1957.482,1957.976,68.8
2024-01-13T04:05:00+00:00,1957.976,1958.059,1957.639,1957.721,137.9
2024-01-13T04:06:00+00:00,1957.721,1958.443,1957.274,1957.996,72.4
2024-01-13T04:07:00+00:00,1957.996,1958.721,1957.489,1958.214,139.7
2024-01-13T04:08:00+00:00,1958.214,1958.534,1957.840,1958.160,170.9
2024-01-13T04:09:00+00:00,1958.160,1958.621,1958.053,1958.514,110.8
2024-01-13T04:10:00+00:00,1958.514,1958.676,1958.149,1958.311,83.5
2024-01-13T04:11:00+00:00,1958.311,1958.746,1957.994,1958.430,111.2
2024-01-13T04:12:00+00:00,1958.430,1958.928,1958.203,1958.701,116.7
2024-01-13T04:13:00+00:00,1958.701,1959.135,1958.238,1958.672,96.8
2024-01-13T04:14:00+00:00,1958.672,1958.827,1958.262,1958.417,97.2
2024-01-13T04:15:00+00:00,1958.417,1958.821,1958.210,1958.614,111.6
2024-01-13T04:16:00+00:00,1958.614,1959.348,1958.100,1958.835,123.7
2024-01-13T04:17:00+00:00,1958.835,1959.990,1958.534,1959.689,88.4
2024-01-13T04:18:00+00:00,1959.689,1960.213,1959.472,1959.996,139.1
2024-01-13T04:19:00+00:00,1959.996,1960.646,1959.587,1960.237,177.8
2024-01-13T04:20:00+00:00,1960.237,1960.400,1959.572,1959.735,141.6
2024-01-13T04:21:00+00:00,1959.735,1960.059,1959.625,1959.949,110.4
2024-01-13T04:22:00+00:00,1959.949,1960.376,1959.799,1960.227,110.6
2024-01-13T04:23:00+00:00,1960.227,1961.080,1959.772,1960.625,102.0
2024-01-13T04:24:00+00:00,1960.625,1960.944,1960.155,1960.474,83.9
2024-01-13T04:25:00+00:00,1960.474,1960.832,1960.172,1960.530,75.7
2024-01-13T04:26:00+00:00,1960.530,1960.670,1960.298,1960.438,102.8
2024-01-13T04:27:00+00:00,1960.438,1960.954,1960.228,1960.744,118.8
2024-01-13T04:28:00+00:00,1960.744,1961.303,1960.597,1961.156,154.5
2024-01-13T04:29:00+00:00,1961.156,1961.477,1961.047,1961.369,167.8
2024-01-13T04:30:00+00:00,1961.369,1961.524,1960.964,1961.118,110.8
2024-01-13T04:31:00+00:00,1961.118,1961.491,1960.435,1960.807,157.1
2024-01-13T04:32:00+00:00,1960.807,1961.623,1960.466,1961.281,60.8
2024-01-13T04:33:00+00:00,1961.281,1961.596,1961.195,1961.510,139.6
2024-01-13T04:34:00+00:00,1961.510,1961.808,1961.298,1961.596,135.1
2024-01-13T04:35:00+00:00,1961.596,1962.078,1961.500,1961.981,104.1
2024-01-13T04:36:00+00:00,1961.981,1962.117,1961.052,1961.188,56.3
2024-01-13T04:37:00+00:00,1961.188,1961.239,1960.913,1960.964,116.8
2024-01-13T04:38:00+00:00,1960.964,1961.477,1960.173,1960.686,77.5
2024-01-13T04:39:00+00:00,1960.686,1961.231,1960.568,1961.114,116.8
2024-01-13T04:40:00+00:00,1961.114,1961.304,1960.936,1961.126,67.6
2024-01-13T04:41:00+00:00,1961.126,1961.380,1961.041,1961.295,119.8
2024-01-13T04:42:00+00:00,1961.295,1961.371,1961.214,1961.290,154.2
2024-01-13T04:43:00+00:00,1961.290,1961.527,1960.716,1960.953,136.4
2024-01-13T04:44:00+00:00,1960.953,1961.248,1960.573,1960.869,33.6
2024-01-13T04:45:00+00:00,1960.869,1960.944,1960.688,1960.764,176.1
2024-01-13T04:46:00+00:00,1960.764,1961.396,1960.478,1961.111,153.4
2024-01-13T04:47:00+00:00,1961.111,1961.247,1960.653,1960.789,109.2
2024-01-13T04:48:00+00:00,1960.789,1961.056,1960.009,1960.276,138.1
2024-01-13T04:49:00+00:00,1960.276,1960.536,1959.884,1960.143,96.7
2024-01-13T04:50:00+00:00,1960.143,1960.486,1959.730,1960.074,107.0
2024-01-13T04:51:00+00:00,1960.074,1960.220,1959.885,1960.031,82.3
2024-01-13T04:52:00+00:00,1960.031,1960.240,1959.668,1959.876,156.9
2024-01-13T04:53:00+00:00,1959.876,1960.297,1959.495,1959.917,118.2
2024-01-13T04:54:00+00:00,1959.917,1960.372,1959.499,1959.954,134.7
2024-01-13T04:55:00+00:00,1959.954,1960.140,1959.776,1959.961,131.2
2024-01-13T04:56:00+00:00,1959.961,1960.545,1959.759,1960.343,106.5
2024-01-13T04:57:00+00:00,1960.343,1960.706,1959.634,1959.997,140.7
2024-01-13T04:58:00+00:00,1959.997,1960.199,1959.664,1959.866,179.0
2024-01-13T04:59:00+00:00,1959.866,1960.193,1959.801,1960.128,91.2
2024-01-13T05:00:00+00:00,1960.128,1961.037,1959.399,1960.308,156.7
2024-01-13T05:01:00+00:00,1960.308,1960.747,1959.735,1960.173,150.8
2024-01-13T05:02:00+00:00,1960.173,1960.321,1959.701,1959.849,186.7
2024-01-13T05:03:00+00:00,1959.849,1959.953,1959.571,1959.674,202.5
2024-01-13T05:04:00+00:00,1959.674,1960.906,1959.022,1960.254,144.8
2024-01-13T05:05:00+00:00,1960.254,1960.354,1960.037,1960.137,101.6
2024-01-13T05:06:00+00:00,1960.137,1960.440,1959.914,1960.217,111.5
2024-01-13T05:07:00+00:00,1960.217,1960.724,1959.970,1960.477,84.6
2024-01-13T05:08:00+00:00,1960.477,1961.183,1960.381,1961.087,147.1
2024-01-13T05:09:00+00:00,1961.087,1961.625,1961.037,1961.575,195.3
2024-01-13T05:10:00+00:00,1961.575,1961.892,1960.911,1961.229,110.0
2024-01-13T05:11:00+00:00,1961.229,1962.328,1960.764,1961.863,146.1
2024-01-13T05:12:00+00:00,1961.863,1962.008,1961.346,1961.491,114.6
2024-01-13T05:13:00+00:00,1961.491,1961.829,1961.157,1961.495,121.8
2024-01-13T05:14:00+00:00,1961.495,1961.666,1961.122,1961.293,91.4
2024-01-13T05:15:00+00:00,1961.293,1961.382,1960.973,1961.062,141.1
2024-01-13T05:16:00+00:00,1961.062,1961.161,1960.958,1961.057,116.0
2024-01-13T05:17:00+00:00,1961.057,1961.210,1960.644,1960.798,93.6
2024-01-13T05:18:00+00:00,1960.798,1961.105,1960.642,1960.950,115.5
2024-01-13T05:19:00+00:00,1960.950,1961.098,1960.453,1960.601,115.2
2024-01-13T05:20:00+00:00,1960.601,1961.060,1960.466,1960.925,126.9
2024-01-13T05:21:00+00:00,1960.925,1961.144,1960.427,1960.646,112.0
2024-01-13T05:22:00+00:00,1960.646,1961.186,1959.766,1960.306,110.3
2024-01-13T05:23:00+00:00,1960.306,1960.653,1959.788,1960.136,81.5
2024-01-13T05:24:00+00:00,1960.136,1960.501,1959.516,1959.881,143.9
2024-01-13T05:25:00+00:00,1959.881,1960.074,1959.741,1959.934,139.0
2024-01-13T05:26:00+00:00,1959.934,1960.119,1959.760,1959.945,118.7
2024-01-13T05:27:00+00:00,1959.945,1960.401,1959.658,1960.113,174.1
2024-01-13T05:28:00+00:00,1960.113,1960.237,1960.045,1960.169,123.2
2024-01-13T05:29:00+00:00,1960.169,1960.258,1959.738,1959.826,137.4
2024-01-13T05:30:00+00:00,1959.826,1959.951,1959.518,1959.643,81.6
2024-01-13T05:31:00+00:00,1959.643,1960.128,1959.324,1959.809,120.2
2024-01-13T05:32:00+00:00,1959.809,1959.924,1959.707,1959.822,121.8
2024-01-13T05:33:00+00:00,1959.822,1960.121,1959.396,1959.695,188.8
2024-01-13T05:34:00+00:00,1959.695,1960.131,1959.567,1960.003,109.3
2024-01-13T05:35:00+00:00,1960.003,1960.312,1959.204,1959.513,114.0
2024-01-13T05:36:00+00:00,1959.513,1959.842,1959.334,1959.663,45.9
2024-01-13T05:37:00+00:00,1959.663,1960.705,1959.310,1960.352,138.5
2024-01-13T05:38:00+00:00,1960.352,1961.178,1959.884,1960.709,125.7
2024-01-13T05:39:00+00:00,1960.709,1961.145,1960.180,1960.616,173.5
2024-01-13T05:40:00+00:00,1960.616,1960.800,1960.207,1960.391,121.0
2024-01-13T05:41:00+00:00,1960.391,1961.283,1960.116,1961.008,108.2
2024-01-13T05:42:00+00:00,1961.008,1961.287,1960.774,1961.053,120.2
2024-01-13T05:43:00+00:00,1961.053,1961.743,1960.712,1961.402,132.8
2024-01-13T05:44:00+00:00,1961.402,1961.691,1960.579,1960.868,71.4
2024-01-13T05:45:00+00:00,1960.868,1961.146,1960.361,1960.640,169.5
2024-01-13T05:46:00+00:00,1960.640,1960.929,1960.366,1960.655,108.7
2024-01-13T05:47:00+00:00,1960.655,1960.891,1960.259,1960.495,69.9
2024-01-13T05:48:00+00:00,1960.495,1960.763,1960.101,1960.369,128.0
2024-01-13T05:49:00+00:00,1960.369,1960.620,1960.266,1960.517,161.9
2024-01-13T05:50:00+00:00,1960.517,1960.888,1960.121,1960.492,127.5
2024-01-13T05:51:00+00:00,1960.492,1960.547,1959.655,1959.709,93.3
2024-01-13T05:52:00+00:00,1959.709,1960.364,1958.865,1959.520,112.8
2024-01-13T05:53:00+00:00,1959.520,1959.848,1959.010,1959.337,113.1
2024-01-13T05:54:00+00:00,1959.337,1959.632,1959.268,1959.562,140.7
2024-01-13T05:55:00+00:00,1959.562,1960.044,1958.702,1959.184,92.3
2024-01-13T05:56:00+00:00,1959.184,1959.286,1958.590,1958.692,138.0
2024-01-13T05:57:00+00:00,1958.692,1959.329,1958.453,1959.091,149.5
2024-01-13T05:58:00+00:00,1959.091,1959.190,1958.389,1958.489,102.2
2024-01-13T05:59:00+00:00,1958.489,1958.913,1957.234,1957.658,84.2
2024-01-13T06:00:00+00:00,1957.658,1958.087,1957.393,1957.821,111.0
2024-01-13T06:01:00+00:00,1957.821,1958.204,1957.021,1957.404,120.3
2024-01-13T06:02:00+00:00,1957.404,1957.489,1957.312,1957.396,130.4
2024-01-13T06:03:00+00:00,1957.396,1957.645,1957.301,1957.550,150.1
2024-01-13T06:04:00+00:00,1957.550,1957.940,1957.080,1957.471,96.3
2024-01-13T06:05:00+00:00,1957.471,1957.874,1957.198,1957.602,127.0
2024-01-13T06:06:00+00:00,1957.602,1958.013,1957.388,1957.799,119.3
2024-01-13T06:07:00+00:00,1957.799,1958.159,1956.924,1957.284,135.0
2024-01-13T06:08:00+00:00,1957.284,1957.619,1956.956,1957.291,107.2
2024-01-13T06:09:00+00:00,1957.291,1957.423,1956.844,1956.976,100.7
2024-01-13T06:10:00+00:00,1956.976,1957.594,1956.113,1956.731,105.1
2024-01-13T06:11:00+00:00,1956.731,1956.881,1956.040,1956.191,157.3
2024-01-13T06:12:00+00:00,1956.191,1956.408,1955.828,1956.046,110.0
2024-01-13T06:13:00+00:00,1956.046,1956.458,1955.415,1955.827,128.2
2024-01-13T06:14:00+00:00,1955.827,1956.056,1955.327,1955.556,78.4
2024-01-13T06:15:00+00:00,1955.556,1955.678,1954.831,1954.954,107.2
2024-01-13T06:16:00+00:00,1954.954,1955.317,1954.549,1954.912,132.9
2024-01-13T06:17:00+00:00,1954.912,1955.025,1954.655,1954.768,129.9
2024-01-13T06:18:00+00:00,1954.768,1955.081,1954.256,1954.570,93.8
2024-01-13T06:19:00+00:00,1954.570,1954.690,1954.481,1954.601,50.6
2024-01-13T06:20:00+00:00,1954.601,1954.779,1954.004,1954.182,133.0
2024-01-13T06:21:00+00:00,1954.182,1954.376,1953.454,1953.649,105.0
2024-01-13T06:22:00+00:00,1953.649,1953.835,1952.883,1953.070,148.3
2024-01-13T06:23:00+00:00,1953.070,1953.634,1952.761,1953.324,96.5
2024-01-13T06:24:00+00:00,1953.324,1953.918,1952.400,1952.993,186.5
2024-01-13T06:25:00+00:00,1952.993,1953.116,1952.527,1952.649,104.6
2024-01-13T06:26:00+00:00,1952.649,1953.089,1952.024,1952.464,87.6
2024-01-13T06:27:00+00:00,1952.464,1952.690,1952.097,1952.323,140.1
2024-01-13T06:28:00+00:00,1952.323,1952.468,1951.907,1952.052,134.6
2024-01-13T06:29:00+00:00,1952.052,1952.397,1951.199,1951.544,113.4
2024-01-13T06:30:00+00:00,1951.544,1952.510,1951.348,1952.314,149.9
2024-01-13T06:31:00+00:00,1952.314,1952.919,1951.883,1952.488,72.0
2024-01-13T06:32:00+00:00,1952.488,1952.744,1951.635,1951.891,119.6
2024-01-13T06:33:00+00:00,1951.891,1952.470,1951.563,1952.142,142.8
2024-01-13T06:34:00+00:00,1952.142,1952.340,1951.847,1952.045,137.9
2024-01-13T06:35:00+00:00,1952.045,1952.430,1951.618,1952.003,77.1
2024-01-13T06:36:00+00:00,1952.003,1952.309,1951.480,1951.787,88.4
2024-01-13T06:37:00+00:00,1951.787,1952.020,1951.732,1951.965,128.6
2024-01-13T06:38:00+00:00,1951.965,1952.239,1950.770,1951.044,139.8
2024-01-13T06:39:00+00:00,1951.044,1951.284,1950.301,1950.541,141.3
2024-01-13T06:40:00+00:00,1950.541,1950.618,1949.353,1949.430,85.4
2024-01-13T06:41:00+00:00,1949.430,1949.887,1948.515,1948.972,128.7
2024-01-13T06:42:00+00:00,1948.972,1950.007,1948.287,1949.322,162.4
2024-01-13T06:43:00+00:00,1949.322,1949.784,1948.610,1949.073,151.9
2024-01-13T06:44:00+00:00,1949.073,1949.315,1949.011,1949.254,78.0
2024-01-13T06:45:00+00:00,1949.254,1949.371,1948.626,1948.744,165.6
2024-01-13T06:46:00+00:00,1948.744,1949.480,1948.451,1949.188,66.4
2024-01-13T06:47:00+00:00,1949.188,1949.433,1948.819,1949.065,96.5
2024-01-13T06:48:00+00:00,1949.065,1949.342,1948.738,1949.015,68.7
2024-01-13T06:49:00+00:00,1949.015,1949.980,1948.616,1949.581,122.0
2024-01-13T06:50:00+00:00,1949.581,1949.782,1949.392,1949.593,97.7
2024-01-13T06:51:00+00:00,1949.593,1949.840,1949.528,1949.776,96.6
2024-01-13T06:52:00+00:00,1949.776,1949.899,1949.531,1949.654,104.9
2024-01-13T06:53:00+00:00,1949.654,1950.065,1949.415,1949.825,148.7
2024-01-13T06:54:00+00:00,1949.825,1950.043,1949.361,1949.579,111.0
2024-01-13T06:55:00+00:00,1949.579,1950.421,1949.254,1950.096,151.3
2024-01-13T06:56:00+00:00,1950.096,1950.584,1949.330,1949.819,141.3
2024-01-13T06:57:00+00:00,1949.819,1950.095,1948.995,1949.271,117.9
2024-01-13T06:58:00+00:00,1949.271,1949.410,1949.189,1949.329,131.2
2024-01-13T06:59:00+00:00,1949.329,1949.817,1948.860,1949.348,157.5
2024-01-13T07:00:00+00:00,1949.348,1949.957,1949.150,1949.758,140.1
2024-01-13T07:01:00+00:00,1949.758,1950.023,1949.311,1949.576,111.4
2024-01-13T07:02:00+00:00,1949.576,1949.789,1948.594,1948.807,139.1
2024-01-13T07:03:00+00:00,1948.807,1949.247,1948.646,1949.085,127.2
2024-01-13T07:04:00+00:00,1949.085,1949.379,1948.479,1948.772,175.9
2024-01-13T07:05:00+00:00,1948.772,1949.296,1948.294,1948.818,123.7
2024-01-13T07:06:00+00:00,1948.818,1949.095,1948.371,1948.648,122.9
2024-01-13T07:07:00+00:00,1948.648,1948.839,1948.297,1948.488,124.0
2024-01-13T07:08:00+00:00,1948.488,1948.944,1947.936,1948.391,133.7
2024-01-13T07:09:00+00:00,1948.391,1949.052,1948.258,1948.919,134.1
2024-01-13T07:10:00+00:00,1948.919,1949.295,1948.643,1949.019,142.2
2024-01-13T07:11:00+00:00,1949.019,1949.356,1948.490,1948.827,133.9
2024-01-13T07:12:00+00:00,1948.827,1949.078,1948.641,1948.892,111.5
2024-01-13T07:13:00+00:00,1948.892,1949.419,1948.457,1948.984,102.1
2024-01-13T07:14:00+00:00,1948.984,1949.036,1948.527,1948.579,95.7
2024-01-13T07:15:00+00:00,1948.579,1948.868,1948.044,1948.332,155.7
2024-01-13T07:16:00+00:00,1948.332,1948.501,1948.236,1948.405,166.7
2024-01-13T07:17:00+00:00,1948.405,1949.648,1948.212,1949.455,146.4
2024-01-13T07:18:00+00:00,1949.455,1949.652,1948.846,1949.043,101.4
2024-01-13T07:19:00+00:00,1949.043,1949.188,1948.301,1948.446,103.0
2024-01-13T07:20:00+00:00,1948.446,1948.982,1948.333,1948.868,111.6
2024-01-13T07:21:00+00:00,1948.868,1948.962,1948.404,1948.497,117.8
2024-01-13T07:22:00+00:00,1948.497,1948.877,1948.258,1948.639,98.3
2024-01-13T07:23:00+00:00,1948.639,1948.860,1947.975,1948.196,108.2
2024-01-13T07:24:00+00:00,1948.196,1948.411,1947.850,1948.065,146.3
2024-01-13T07:25:00+00:00,1948.065,1948.171,1947.634,1947.741,116.0
2024-01-13T07:26:00+00:00,1947.741,1947.865,1947.667,1947.792,107.0
2024-01-13T07:27:00+00:00,1947.792,1947.973,1947.535,1947.717,115.9
2024-01-13T07:28:00+00:00,1947.717,1948.298,1947.454,1948.035,159.5
2024-01-13T07:29:00+00:00,1948.035,1948.375,1947.336,1947.676,133.4
2024-01-13T07:30:00+00:00,1947.676,1947.938,1947.560,1947.823,171.2
2024-01-13T07:31:00+00:00,1947.823,1947.930,1947.338,1947.446,80.0
2024-01-13T07:32:00+00:00,1947.446,1947.595,1947.125,1947.273,126.9
2024-01-13T07:33:00+00:00,1947.273,1947.673,1946.905,1947.304,89.3
2024-01-13T07:34:00+00:00,1947.304,1947.612,1946.325,1946.633,75.3
2024-01-13T07:35:00+00:00,1946.633,1947.250,1945.842,1946.459,142.1
2024-01-13T07:36:00+00:00,1946.459,1946.745,1946.053,1946.340,95.0
2024-01-13T07:37:00+00:00,1946.340,1946.685,1946.189,1946.534,99.7
2024-01-13T07:38:00+00:00,1946.534,1946.729,1945.932,1946.127,127.1
2024-01-13T07:39:00+00:00,1946.127,1946.975,1945.847,1946.695,148.3
2024-01-13T07:40:00+00:00,1946.695,1947.173,1946.101,1946.580,116.8
2024-01-13T07:41:00+00:00,1946.580,1947.374,1946.227,1947.021,138.6
2024-01-13T07:42:00+00:00,1947.021,1947.148,1946.463,1946.590,114.2
2024-01-13T07:43:00+00:00,1946.590,1946.732,1945.754,1945.896,122.7
2024-01-13T07:44:00+00:00,1945.896,1945.970,1945.165,1945.240,116.3
2024-01-13T07:45:00+00:00,1945.240,1945.453,1944.415,1944.629,151.0
2024-01-13T07:46:00+00:00,1944.629,1944.723,1944.323,1944.417,116.3
2024-01-13T07:47:00+00:00,1944.417,1944.736,1943.964,1944.283,115.9
2024-01-13T07:48:00+00:00,1944.283,1944.374,1943.453,1943.544,110.6
2024-01-13T07:49:00+00:00,1943.544,1943.966,1942.598,1943.020,126.5
2024-01-13T07:50:00+00:00,1943.020,1943.225,1942.595,1942.799,103.3
2024-01-13T07:51:00+00:00,1942.799,1943.116,1942.502,1942.818,107.6
2024-01-13T07:52:00+00:00,1942.818,1943.084,1941.830,1942.097,92.0
2024-01-13T07:53:00+00:00,1942.097,1942.507,1941.780,1942.189,130.9
2024-01-13T07:54:00+00:00,1942.189,1942.477,1941.546,1941.834,106.6
2024-01-13T07:55:00+00:00,1941.834,1941.934,1941.266,1941.367,180.9
2024-01-13T07:56:00+00:00,1941.367,1941.586,1941.073,1941.292,141.3
2024-01-13T07:57:00+00:00,1941.292,1941.618,1940.638,1940.964,141.4
2024-01-13T07:58:00+00:00,1940.964,1941.115,1940.302,1940.453,108.8
2024-01-13T07:59:00+00:00,1940.453,1940.587,1939.985,1940.120,113.2
2024-01-13T08:00:00+00:00,1940.120,1940.757,1940.001,1940.638,147.1
2024-01-13T08:01:00+00:00,1940.638,1941.074,1940.483,1940.919,144.7
2024-01-13T08:02:00+00:00,1940.919,1941.220,1940.323,1940.623,148.2
2024-01-13T08:03:00+00:00,1940.623,1941.130,1940.435,1940.942,103.9
2024-01-13T08:04:00+00:00,1940.942,1941.343,1940.876,1941.277,194.1
2024-01-13T08:05:00+00:00,1941.277,1941.737,1940.945,1941.404,139.3
2024-01-13T08:06:00+00:00,1941.404,1941.946,1940.889,1941.431,102.4
2024-01-13T08:07:00+00:00,1941.431,1942.119,1939.933,1940.621,85.6
2024-01-13T08:08:00+00:00,1940.621,1940.752,1940.150,1940.281,96.3
2024-01-13T08:09:00+00:00,1940.281,1940.768,1940.165,1940.652,78.3
2024-01-13T08:10:00+00:00,1940.652,1940.992,1940.517,1940.856,78.3
2024-01-13T08:11:00+00:00,1940.856,1941.509,1940.478,1941.131,93.6
2024-01-13T08:12:00+00:00,1941.131,1941.748,1940.959,1941.577,121.1
2024-01-13T08:13:00+00:00,1941.577,1941.702,1941.116,1941.242,60.0
2024-01-13T08:14:00+00:00,1941.242,1941.484,1940.842,1941.084,146.7
2024-01-13T08:15:00+00:00,1941.084,1941.342,1940.626,1940.885,105.8
2024-01-13T08:16:00+00:00,1940.885,1941.036,1940.030,1940.181,67.7
2024-01-13T08:17:00+00:00,1940.181,1940.291,1939.598,1939.708,110.6
2024-01-13T08:18:00+00:00,1939.708,1940.741,1939.315,1940.348,129.6
2024-01-13T08:19:00+00:00,1940.348,1941.127,1940.139,1940.919,81.4
2024-01-13T08:20:00+00:00,1940.919,1941.724,1940.409,1941.214,97.0
2024-01-13T08:21:00+00:00,1941.214,1941.668,1941.004,1941.457,123.6
2024-01-13T08:22:00+00:00,1941.457,1941.804,1941.341,1941.688,138.6
2024-01-13T08:23:00+00:00,1941.688,1941.781,1941.462,1941.555,88.0
2024-01-13T08:24:00+00:00,1941.555,1941.629,1941.415,1941.490,93.3
2024-01-13T08:25:00+00:00,1941.490,1941.636,1941.048,1941.195,161.6
2024-01-13T08:26:00+00:00,1941.195,1941.524,1940.979,1941.309,158.1
2024-01-13T08:27:00+00:00,1941.309,1941.962,1940.855,1941.507,161.9
2024-01-13T08:28:00+00:00,1941.507,1941.783,1941.434,1941.710,123.7
2024-01-13T08:29:00+00:00,1941.710,1941.942,1941.408,1941.640,74.6
2024-01-13T08:30:00+00:00,1941.640,1942.118,1941.259,1941.737,140.2
2024-01-13T08:31:00+00:00,1941.737,1942.373,1941.664,1942.299,92.5
2024-01-13T08:32:00+00:00,1942.299,1942.499,1941.838,1942.038,117.2
2024-01-13T08:33:00+00:00,1942.038,1942.151,1941.735,1941.849,85.8
2024-01-13T08:34:00+00:00,1941.849,1941.996,1941.311,1941.458,98.7
2024-01-13T08:35:00+00:00,1941.458,1941.803,1941.289,1941.633,122.3
2024-01-13T08:36:00+00:00,1941.633,1941.997,1941.176,1941.539,111.8
2024-01-13T08:37:00+00:00,1941.539,1941.864,1941.205,1941.530,124.3
2024-01-13T08:38:00+00:00,1941.530,1941.656,1941.310,1941.435,60.7
2024-01-13T08:39:00+00:00,1941.435,1941.680,1941.368,1941.613,129.2
2024-01-13T08:40:00+00:00,1941.613,1942.008,1941.312,1941.708,91.6
2024-01-13T08:41:00+00:00,1941.708,1941.816,1941.382,1941.491,76.2
2024-01-13T08:42:00+00:00,1941.491,1942.747,1940.949,1942.206,135.5
2024-01-13T08:43:00+00:00,1942.206,1942.410,1941.799,1942.004,164.4
2024-01-13T08:44:00+00:00,1942.004,1942.829,1941.781,1942.606,121.8
2024-01-13T08:45:00+00:00,1942.606,1942.989,1941.926,1942.310,123.8
2024-01-13T08:46:00+00:00,1942.310,1942.662,1941.709,1942.062,110.3
2024-01-13T08:47:00+00:00,1942.062,1942.389,1941.494,1941.820,125.9
2024-01-13T08:48:00+00:00,1941.820,1942.109,1941.678,1941.966,99.9
2024-01-13T08:49:00+00:00,1941.966,1942.574,1941.016,1941.624,140.6
2024-01-13T08:50:00+00:00,1941.624,1942.184,1941.361,1941.922,80.1
2024-01-13T08:51:00+00:00,1941.922,1942.311,1941.089,1941.478,114.3
2024-01-13T08:52:00+00:00,1941.478,1941.546,1941.229,1941.296,120.2
2024-01-13T08:53:00+00:00,1941.296,1941.389,1941.063,1941.156,139.0
2024-01-13T08:54:00+00:00,1941.156,1941.761,1940.837,1941.443,116.0
2024-01-13T08:55:00+00:00,1941.443,1941.535,1941.295,1941.387,189.9
2024-01-13T08:56:00+00:00,1941.387,1941.817,1941.155,1941.585,116.9
2024-01-13T08:57:00+00:00,1941.585,1942.086,1941.243,1941.743,155.8
2024-01-13T08:58:00+00:00,1941.743,1941.837,1941.339,1941.433,130.2
2024-01-13T08:59:00+00:00,1941.433,1941.567,1940.903,1941.037,106.6
2024-01-13T09:00:00+00:00,1941.037,1941.369,1940.975,1941.307,178.0
2024-01-13T09:01:00+00:00,1941.307,1941.617,1941.152,1941.462,128.0
2024-01-13T09:02:00+00:00,1941.462,1941.707,1941.219,1941.464,130.6
2024-01-13T09:03:00+00:00,1941.464,1941.560,1940.868,1940.964,106.4
2024-01-13T09:04:00+00:00,1940.964,1941.185,1940.746,1940.968,170.3
2024-01-13T09:05:00+00:00,1940.968,1941.209,1940.474,1940.715,122.1
2024-01-13T09:06:00+00:00,1940.715,1941.294,1940.501,1941.080,83.2
2024-01-13T09:07:00+00:00,1941.080,1941.591,1940.778,1941.289,139.3
2024-01-13T09:08:00+00:00,1941.289,1941.754,1939.494,1939.959,162.4
2024-01-13T09:09:00+00:00,1939.959,1940.226,1939.677,1939.944,135.1
2024-01-13T09:10:00+00:00,1939.944,1940.068,1939.209,1939.333,137.7
2024-01-13T09:11:00+00:00,1939.333,1939.922,1939.186,1939.775,114.0
2024-01-13T09:12:00+00:00,1939.775,1939.856,1939.204,1939.285,99.7
2024-01-13T09:13:00+00:00,1939.285,1939.517,1939.032,1939.264,133.2
2024-01-13T09:14:00+00:00,1939.264,1939.477,1938.988,1939.201,136.8
2024-01-13T09:15:00+00:00,1939.201,1939.467,1939.089,1939.355,114.8
2024-01-13T09:16:00+00:00,1939.355,1939.777,1939.182,1939.604,115.3
2024-01-13T09:17:00+00:00,1939.604,1940.410,1939.436,1940.242,82.7
2024-01-13T09:18:00+00:00,1940.242,1940.345,1939.893,1939.996,69.1
2024-01-13T09:19:00+00:00,1939.996,1940.882,1939.725,1940.611,92.5
2024-01-13T09:20:00+00:00,1940.611,1941.066,1940.256,1940.711,119.0
2024-01-13T09:21:00+00:00,1940.711,1941.135,1940.185,1940.609,66.6
2024-01-13T09:22:00+00:00,1940.609,1941.112,1939.908,1940.411,105.8
2024-01-13T09:23:00+00:00,1940.411,1940.463,1940.229,1940.280,150.2
2024-01-13T09:24:00+00:00,1940.280,1940.461,1939.763,1939.944,162.4
2024-01-13T09:25:00+00:00,1939.944,1940.230,1939.649,1939.934,120.8
2024-01-13T09:26:00+00:00,1939.934,1940.193,1939.274,1939.534,104.3
2024-01-13T09:27:00+00:00,1939.534,1940.017,1938.517,1939.001,108.7
2024-01-13T09:28:00+00:00,1939.001,1939.160,1938.891,1939.050,116.7
2024-01-13T09:29:00+00:00,1939.050,1939.201,1938.603,1938.753,107.5
2024-01-13T09:30:00+00:00,1938.753,1939.025,1938.168,1938.440,163.8
2024-01-13T09:31:00+00:00,1938.440,1938.738,1938.266,1938.565,110.8
2024-01-13T09:32:00+00:00,1938.565,1938.801,1938.342,1938.578,120.8
2024-01-13T09:33:00+00:00,1938.578,1939.395,1938.185,1939.001,127.0
2024-01-13T09:34:00+00:00,1939.001,1939.300,1938.752,1939.050,107.1
2024-01-13T09:35:00+00:00,1939.050,1939.186,1938.672,1938.807,94.3
2024-01-13T09:36:00+00:00,1938.807,1939.037,1938.678,1938.908,115.3
2024-01-13T09:37:00+00:00,1938.908,1939.541,1938.799,1939.432,118.4
2024-01-13T09:38:00+00:00,1939.432,1939.662,1939.240,1939.470,141.8
2024-01-13T09:39:00+00:00,1939.470,1939.532,1939.081,1939.142,177.2
2024-01-13T09:40:00+00:00,1939.142,1939.514,1938.840,1939.211,87.3
2024-01-13T09:41:00+00:00,1939.211,1940.075,1938.707,1939.572,167.7
2024-01-13T09:42:00+00:00,1939.572,1940.152,1939.412,1939.993,127.4
2024-01-13T09:43:00+00:00,1939.993,1940.271,1939.532,1939.810,132.6
2024-01-13T09:44:00+00:00,1939.810,1940.006,1939.358,1939.553,129.3
2024-01-13T09:45:00+00:00,1939.553,1939.621,1939.255,1939.322,121.4
2024-01-13T09:46:00+00:00,1939.322,1939.425,1939.137,1939.240,155.3
2024-01-13T09:47:00+00:00,1939.240,1939.325,1938.887,1938.972,149.7
2024-01-13T09:48:00+00:00,1938.972,1939.226,1938.824,1939.079,86.7
2024-01-13T09:49:00+00:00,1939.079,1939.602,1938.441,1938.964,107.4
2024-01-13T09:50:00+00:00,1938.964,1939.330,1938.565,1938.930,138.1
2024-01-13T09:51:00+00:00,1938.930,1939.413,1938.770,1939.253,127.0
2024-01-13T09:52:00+00:00,1939.253,1939.439,1938.503,1938.688,113.1
2024-01-13T09:53:00+00:00,1938.688,1939.040,1938.284,1938.636,76.3
2024-01-13T09:54:00+00:00,1938.636,1938.783,1938.522,1938.669,120.1
2024-01-13T09:55:00+00:00,1938.669,1938.778,1938.461,1938.570,87.3
2024-01-13T09:56:00+00:00,1938.570,1938.980,1938.425,1938.834,119.0
2024-01-13T09:57:00+00:00,1938.834,1939.608,1938.610,1939.383,143.6
2024-01-13T09:58:00+00:00,1939.383,1939.439,1939.279,1939.335,144.9
2024-01-13T09:59:00+00:00,1939.335,1939.392,1939.253,1939.310,86.0
2024-01-13T10:00:00+00:00,1939.310,1939.523,1939.164,1939.378,107.5
2024-01-13T10:01:00+00:00,1939.378,1939.660,1938.681,1938.963,124.1
2024-01-13T10:02:00+00:00,1938.963,1939.392,1938.898,1939.327,194.1
2024-01-13T10:03:00+00:00,1939.327,1939.549,1938.678,1938.900,124.1
2024-01-13T10:04:00+00:00,1938.900,1939.053,1938.802,1938.955,136.0
2024-01-13T10:05:00+00:00,1938.955,1939.283,1938.883,1939.212,91.0
2024-01-13T10:06:00+00:00,1939.212,1939.796,1938.926,1939.511,86.1
2024-01-13T10:07:00+00:00,1939.511,1939.981,1939.096,1939.566,137.6
2024-01-13T10:08:00+00:00,1939.566,1939.683,1939.250,1939.368,130.0
2024-01-13T10:09:00+00:00,1939.368,1939.485,1938.865,1938.983,111.0
2024-01-13T10:10:00+00:00,1938.983,1939.347,1938.477,1938.841,68.5
2024-01-13T10:11:00+00:00,1938.841,1939.064,1938.257,1938.480,155.7
2024-01-13T10:12:00+00:00,1938.480,1938.589,1938.313,1938.422,113.5
2024-01-13T10:13:00+00:00,1938.422,1939.429,1937.906,1938.912,126.9
2024-01-13T10:14:00+00:00,1938.912,1939.026,1938.443,1938.556,69.4
2024-01-13T10:15:00+00:00,1938.556,1938.937,1938.456,1938.837,151.5
2024-01-13T10:16:00+00:00,1938.837,1939.061,1938.387,1938.610,57.7
2024-01-13T10:17:00+00:00,1938.610,1938.972,1938.307,1938.669,59.4
2024-01-13T10:18:00+00:00,1938.669,1938.738,1938.212,1938.281,150.1
2024-01-13T10:19:00+00:00,1938.281,1939.318,1937.836,1938.873,128.0
2024-01-13T10:20:00+00:00,1938.873,1939.117,1938.115,1938.358,134.7
2024-01-13T10:21:00+00:00,1938.358,1938.602,1938.092,1938.336,117.8
2024-01-13T10:22:00+00:00,1938.336,1938.936,1937.756,1938.356,110.6
2024-01-13T10:23:00+00:00,1938.356,1938.638,1938.235,1938.518,141.5
2024-01-13T10:24:00+00:00,1938.518,1938.919,1937.855,1938.256,158.8
2024-01-13T10:25:00+00:00,1938.256,1938.709,1937.944,1938.397,89.9
2024-01-13T10:26:00+00:00,1938.397,1938.474,1938.222,1938.298,94.4
2024-01-13T10:27:00+00:00,1938.298,1938.726,1937.804,1938.231,115.0
2024-01-13T10:28:00+00:00,1938.231,1938.348,1937.630,1937.747,48.5
2024-01-13T10:29:00+00:00,1937.747,1937.903,1937.318,1937.474,79.2
2024-01-13T10:30:00+00:00,1937.474,1937.571,1937.194,1937.291,157.4
2024-01-13T10:31:00+00:00,1937.291,1937.638,1937.139,1937.487,143.0
2024-01-13T10:32:00+00:00,1937.487,1937.727,1937.192,1937.432,107.2
2024-01-13T10:33:00+00:00,1937.432,1937.626,1937.300,1937.494,146.8
2024-01-13T10:34:00+00:00,1937.494,1938.477,1937.067,1938.049,160.3
2024-01-13T10:35:00+00:00,1938.049,1938.480,1937.539,1937.970,112.0
2024-01-13T10:36:00+00:00,1937.970,1938.228,1937.672,1937.929,146.8
2024-01-13T10:37:00+00:00,1937.929,1938.002,1937.295,1937.368,139.5
2024-01-13T10:38:00+00:00,1937.368,1937.532,1936.791,1936.954,88.4
2024-01-13T10:39:00+00:00,1936.954,1937.085,1936.687,1936.818,159.5
2024-01-13T10:40:00+00:00,1936.818,1937.766,1936.536,1937.485,71.4
2024-01-13T10:41:00+00:00,1937.485,1937.585,1937.112,1937.213,117.0
2024-01-13T10:42:00+00:00,1937.213,1937.467,1936.484,1936.738,125.8
2024-01-13T10:43:00+00:00,1936.738,1937.273,1936.188,1936.722,87.1
2024-01-13T10:44:00+00:00,1936.722,1937.586,1935.630,1936.494,84.1
2024-01-13T10:45:00+00:00,1936.494,1937.000,1936.316,1936.822,123.4
2024-01-13T10:46:00+00:00,1936.822,1937.380,1936.640,1937.199,112.2
2024-01-13T10:47:00+00:00,1937.199,1937.253,1937.121,1937.176,168.0
2024-01-13T10:48:00+00:00,1937.176,1937.825,1936.975,1937.624,156.4
2024-01-13T10:49:00+00:00,1937.624,1937.842,1936.878,1937.096,99.8
2024-01-13T10:50:00+00:00,1937.096,1937.183,1936.761,1936.848,127.3
2024-01-13T10:51:00+00:00,1936.848,1936.987,1936.381,1936.520,101.5
2024-01-13T10:52:00+00:00,1936.520,1936.777,1936.404,1936.661,87.0
2024-01-13T10:53:00+00:00,1936.661,1936.941,1936.048,1936.328,117.6
2024-01-13T10:54:00+00:00,1936.328,1936.518,1936.198,1936.388,164.4
2024-01-13T10:55:00+00:00,1936.388,1936.725,1936.164,1936.502,125.8
2024-01-13T10:56:00+00:00,1936.502,1936.649,1935.949,1936.096,109.1
2024-01-13T10:57:00+00:00,1936.096,1936.358,1935.463,1935.725,149.6
2024-01-13T10:58:00+00:00,1935.725,1935.830,1935.281,1935.386,84.0
2024-01-13T10:59:00+00:00,1935.386,1936.042,1935.103,1935.759,140.6
2024-01-13T11:00:00+00:00,1935.759,1936.107,1935.586,1935.934,105.1
2024-01-13T11:01:00+00:00,1935.934,1936.204,1934.911,1935.181,113.1
2024-01-13T11:02:00+00:00,1935.181,1935.505,1934.330,1934.654,128.7
2024-01-13T11:03:00+00:00,1934.654,1934.950,1934.321,1934.617,132.3
2024-01-13T11:04:00+00:00,1934.617,1935.123,1934.505,1935.011,115.3
2024-01-13T11:05:00+00:00,1935.011,1935.293,1934.754,1935.036,146.5
2024-01-13T11:06:00+00:00,1935.036,1935.381,1934.873,1935.218,89.4
2024-01-13T11:07:00+00:00,1935.218,1935.810,1934.919,1935.511,91.5
2024-01-13T11:08:00+00:00,1935.511,1935.792,1935.205,1935.486,122.1
2024-01-13T11:09:00+00:00,1935.486,1936.284,1935.347,1936.145,108.0
2024-01-13T11:10:00+00:00,1936.145,1936.304,1935.931,1936.090,130.8
2024-01-13T11:11:00+00:00,1936.090,1936.317,1935.313,1935.540,98.4
2024-01-13T11:12:00+00:00,1935.540,1936.169,1934.886,1935.515,155.1
2024-01-13T11:13:00+00:00,1935.515,1935.633,1935.428,1935.545,133.6
2024-01-13T11:14:00+00:00,1935.545,1936.653,1934.713,1935.821,176.7
2024-01-13T11:15:00+00:00,1935.821,1936.515,1935.574,1936.268,160.9
2024-01-13T11:16:00+00:00,1936.268,1936.358,1936.089,1936.179,109.4
2024-01-13T11:17:00+00:00,1936.179,1936.364,1935.845,1936.030,125.4
2024-01-13T11:18:00+00:00,1936.030,1936.418,1935.860,1936.247,94.5
2024-01-13T11:19:00+00:00,1936.247,1936.363,1935.964,1936.079,130.2
2024-01-13T11:20:00+00:00,1936.079,1936.747,1935.998,1936.666,112.5
2024-01-13T11:21:00+00:00,1936.666,1937.945,1936.178,1937.457,145.5
2024-01-13T11:22:00+00:00,1937.457,1938.225,1936.991,1937.759,109.5
2024-01-13T11:23:00+00:00,1937.759,1937.810,1937.669,1937.720,65.2
2024-01-13T11:24:00+00:00,1937.720,1938.260,1937.246,1937.785,160.0
2024-01-13T11:25:00+00:00,1937.785,1938.023,1937.609,1937.847,120.1
2024-01-13T11:26:00+00:00,1937.847,1938.023,1936.917,1937.094,147.4
2024-01-13T11:27:00+00:00,1937.094,1937.705,1935.980,1936.592,141.8
2024-01-13T11:28:00+00:00,1936.592,1937.125,1936.203,1936.736,92.1
2024-01-13T11:29:00+00:00,1936.736,1937.145,1936.268,1936.677,147.0
2024-01-13T11:30:00+00:00,1936.677,1937.397,1936.090,1936.810,141.9
2024-01-13T11:31:00+00:00,1936.810,1937.351,1936.104,1936.646,110.7
2024-01-13T11:32:00+00:00,1936.646,1936.708,1936.438,1936.501,105.0
2024-01-13T11:33:00+00:00,1936.501,1936.584,1936.281,1936.365,103.1
2024-01-13T11:34:00+00:00,1936.365,1936.469,1935.953,1936.057,76.0
2024-01-13T11:35:00+00:00,1936.057,1936.122,1935.214,1935.278,91.9
2024-01-13T11:36:00+00:00,1935.278,1935.363,1934.660,1934.745,120.3
2024-01-13T11:37:00+00:00,1934.745,1935.321,1934.557,1935.133,119.3
2024-01-13T11:38:00+00:00,1935.133,1935.331,1934.839,1935.038,81.0
2024-01-13T11:39:00+00:00,1935.038,1935.536,1933.871,1934.369,89.0
2024-01-13T11:40:00+00:00,1934.369,1934.545,1933.855,1934.030,65.4
2024-01-13T11:41:00+00:00,1934.030,1934.221,1933.898,1934.088,84.6
2024-01-13T11:42:00+00:00,1934.088,1934.247,1933.655,1933.813,137.2
2024-01-13T11:43:00+00:00,1933.813,1934.363,1933.623,1934.173,139.3
2024-01-13T11:44:00+00:00,1934.173,1934.778,1933.966,1934.571,125.6
2024-01-13T11:45:00+00:00,1934.571,1935.003,1934.289,1934.722,124.4
2024-01-13T11:46:00+00:00,1934.722,1935.218,1934.541,1935.038,87.4
2024-01-13T11:47:00+00:00,1935.038,1935.217,1934.819,1934.999,177.5
2024-01-13T11:48:00+00:00,1934.999,1935.294,1934.613,1934.908,67.7
2024-01-13T11:49:00+00:00,1934.908,1935.045,1934.445,1934.582,107.9
2024-01-13T11:50:00+00:00,1934.582,1934.723,1934.528,1934.669,102.0
2024-01-13T11:51:00+00:00,1934.669,1935.659,1934.477,1935.467,112.0
2024-01-13T11:52:00+00:00,1935.467,1935.670,1934.810,1935.014,127.3
2024-01-13T11:53:00+00:00,1935.014,1935.147,1934.287,1934.420,98.0
2024-01-13T11:54:00+00:00,1934.420,1934.607,1934.230,1934.417,116.4
2024-01-13T11:55:00+00:00,1934.417,1934.889,1934.233,1934.705,129.3
2024-01-13T11:56:00+00:00,1934.705,1935.144,1933.920,1934.359,89.3
2024-01-13T11:57:00+00:00,1934.359,1934.525,1934.073,1934.239,171.5
2024-01-13T11:58:00+00:00,1934.239,1934.548,1934.045,1934.354,94.4
2024-01-13T11:59:00+00:00,1934.354,1935.101,1934.142,1934.889,116.0
2024-01-13T12:00:00+00:00,1934.889,1935.782,1934.625,1935.518,182.8
2024-01-13T12:01:00+00:00,1935.518,1935.661,1935.157,1935.300,85.0
2024-01-13T12:02:00+00:00,1935.300,1935.608,1935.097,1935.404,157.9
2024-01-13T12:03:00+00:00,1935.404,1936.028,1934.936,1935.560,109.0
2024-01-13T12:04:00+00:00,1935.560,1935.628,1935.205,1935.273,149.4
2024-01-13T12:05:00+00:00,1935.273,1935.384,1934.746,1934.857,138.6
2024-01-13T12:06:00+00:00,1934.857,1935.010,1934.375,1934.528,99.9
2024-01-13T12:07:00+00:00,1934.528,1935.083,1934.299,1934.854,87.5
2024-01-13T12:08:00+00:00,1934.854,1935.629,1934.424,1935.199,110.0
2024-01-13T12:09:00+00:00,1935.199,1935.481,1935.010,1935.292,139.6
2024-01-13T12:10:00+00:00,1935.292,1936.093,1935.219,1936.021,110.7
2024-01-13T12:11:00+00:00,1936.021,1936.155,1935.945,1936.079,68.0
2024-01-13T12:12:00+00:00,1936.079,1936.475,1935.962,1936.358,95.2
2024-01-13T12:13:00+00:00,1936.358,1936.792,1935.622,1936.057,124.3
2024-01-13T12:14:00+00:00,1936.057,1936.225,1935.973,1936.141,147.6
2024-01-13T12:15:00+00:00,1936.141,1936.474,1935.712,1936.045,121.5
2024-01-13T12:16:00+00:00,1936.045,1936.932,1935.674,1936.562,119.6
2024-01-13T12:17:00+00:00,1936.562,1937.456,1936.282,1937.176,103.7
2024-01-13T12:18:00+00:00,1937.176,1937.707,1936.505,1937.036,34.4
2024-01-13T12:19:00+00:00,1937.036,1937.186,1936.974,1937.124,94.0
2024-01-13T12:20:00+00:00,1937.124,1937.776,1936.603,1937.255,126.4
2024-01-13T12:21:00+00:00,1937.255,1937.485,1936.693,1936.923,127.4
2024-01-13T12:22:00+00:00,1936.923,1937.099,1936.701,1936.877,120.1
2024-01-13T12:23:00+00:00,1936.877,1937.240,1936.266,1936.629,129.4
2024-01-13T12:24:00+00:00,1936.629,1937.104,1936.251,1936.726,173.9
2024-01-13T12:25:00+00:00,1936.726,1936.806,1936.141,1936.222,85.1
2024-01-13T12:26:00+00:00,1936.222,1936.625,1936.032,1936.435,99.8
2024-01-13T12:27:00+00:00,1936.435,1936.761,1936.014,1936.341,92.2
2024-01-13T12:28:00+00:00,1936.341,1936.579,1936.223,1936.461,110.1
2024-01-13T12:29:00+00:00,1936.461,1936.976,1935.985,1936.499,107.4
2024-01-13T12:30:00+00:00,1936.499,1936.707,1936.361,1936.568,75.2
2024-01-13T12:31:00+00:00,1936.568,1936.748,1936.296,1936.476,130.0
2024-01-13T12:32:00+00:00,1936.476,1936.796,1936.188,1936.508,109.2
2024-01-13T12:33:00+00:00,1936.508,1936.926,1936.280,1936.698,146.2
2024-01-13T12:34:00+00:00,1936.698,1937.262,1936.271,1936.836,73.4
2024-01-13T12:35:00+00:00,1936.836,1937.269,1936.395,1936.829,87.8
2024-01-13T12:36:00+00:00,1936.829,1937.716,1936.610,1937.498,130.3
2024-01-13T12:37:00+00:00,1937.498,1937.553,1937.095,1937.150,133.3
2024-01-13T12:38:00+00:00,1937.150,1938.133,1936.620,1937.604,117.2
2024-01-13T12:39:00+00:00,1937.604,1938.180,1936.643,1937.219,164.8
2024-01-13T12:40:00+00:00,1937.219,1937.367,1937.092,1937.239,162.2
2024-01-13T12:41:00+00:00,1937.239,1937.944,1937.087,1937.791,146.4
2024-01-13T12:42:00+00:00,1937.791,1938.006,1937.690,1937.904,77.4
2024-01-13T12:43:00+00:00,1937.904,1938.677,1937.829,1938.602,89.3
2024-01-13T12:44:00+00:00,1938.602,1939.008,1937.747,1938.153,128.0
2024-01-13T12:45:00+00:00,1938.153,1938.554,1938.076,1938.477,80.3
2024-01-13T12:46:00+00:00,1938.477,1938.718,1938.178,1938.419,88.2
2024-01-13T12:47:00+00:00,1938.419,1938.708,1938.192,1938.480,128.8
2024-01-13T12:48:00+00:00,1938.480,1938.713,1938.307,1938.540,93.9
2024-01-13T12:49:00+00:00,1938.540,1938.841,1938.165,1938.466,150.1
2024-01-13T12:50:00+00:00,1938.466,1939.143,1938.210,1938.888,94.1
2024-01-13T12:51:00+00:00,1938.888,1939.035,1938.828,1938.976,138.2
2024-01-13T12:52:00+00:00,1938.976,1939.527,1938.583,1939.135,126.5
2024-01-13T12:53:00+00:00,1939.135,1939.727,1939.057,1939.649,117.9
2024-01-13T12:54:00+00:00,1939.649,1940.110,1939.223,1939.685,140.2
2024-01-13T12:55:00+00:00,1939.685,1940.094,1939.431,1939.840,104.1
2024-01-13T12:56:00+00:00,1939.840,1940.144,1939.311,1939.616,115.6
2024-01-13T12:57:00+00:00,1939.616,1939.809,1939.429,1939.622,92.3
2024-01-13T12:58:00+00:00,1939.622,1939.951,1939.059,1939.388,105.1
2024-01-13T12:59:00+00:00,1939.388,1939.952,1939.126,1939.690,120.4
2024-01-13T13:00:00+00:00,1939.690,1940.240,1939.540,1940.090,106.8
2024-01-13T13:01:00+00:00,1940.090,1940.685,1939.732,1940.327,99.1
2024-01-13T13:02:00+00:00,1940.327,1940.470,1940.277,1940.420,100.6
2024-01-13T13:03:00+00:00,1940.420,1940.732,1940.020,1940.332,97.2
2024-01-13T13:04:00+00:00,1940.332,1941.466,1940.143,1941.277,147.7
2024-01-13T13:05:00+00:00,1941.277,1942.126,1940.851,1941.701,140.9
2024-01-13T13:06:00+00:00,1941.701,1942.091,1941.085,1941.476,103.7
2024-01-13T13:07:00+00:00,1941.476,1941.844,1941.168,1941.536,150.7
2024-01-13T13:08:00+00:00,1941.536,1941.954,1941.196,1941.613,61.3
2024-01-13T13:09:00+00:00,1941.613,1941.810,1941.402,1941.598,189.7
2024-01-13T13:10:00+00:00,1941.598,1942.247,1940.435,1941.085,113.7
2024-01-13T13:11:00+00:00,1941.085,1941.259,1940.847,1941.022,113.3
2024-01-13T13:12:00+00:00,1941.022,1941.183,1940.570,1940.732,127.8
2024-01-13T13:13:00+00:00,1940.732,1942.335,1939.982,1941.586,85.2
2024-01-13T13:14:00+00:00,1941.586,1941.753,1941.378,1941.546,75.5
2024-01-13T13:15:00+00:00,1941.546,1941.739,1941.218,1941.411,123.0
2024-01-13T13:16:00+00:00,1941.411,1941.783,1941.259,1941.631,137.1
2024-01-13T13:17:00+00:00,1941.631,1941.823,1941.212,1941.404,128.6
2024-01-13T13:18:00+00:00,1941.404,1941.616,1941.086,1941.298,143.5
2024-01-13T13:19:00+00:00,1941.298,1941.860,1940.559,1941.122,139.1
2024-01-13T13:20:00+00:00,1941.122,1941.460,1940.610,1940.948,115.0
2024-01-13T13:21:00+00:00,1940.948,1941.193,1940.746,1940.990,128.6
2024-01-13T13:22:00+00:00,1940.990,1941.651,1940.579,1941.240,102.6
2024-01-13T13:23:00+00:00,1941.240,1941.482,1941.005,1941.247,115.6
2024-01-13T13:24:00+00:00,1941.247,1941.660,1940.953,1941.365,153.2
2024-01-13T13:25:00+00:00,1941.365,1941.796,1940.991,1941.422,111.2
2024-01-13T13:26:00+00:00,1941.422,1941.501,1941.294,1941.374,176.3
2024-01-13T13:27:00+00:00,1941.374,1941.742,1940.640,1941.008,83.9
2024-01-13T13:28:00+00:00,1941.008,1941.339,1940.682,1941.013,117.8
2024-01-13T13:29:00+00:00,1941.013,1941.878,1940.548,1941.413,144.9
2024-01-13T13:30:00+00:00,1941.413,1941.655,1941.166,1941.407,75.8
2024-01-13T13:31:00+00:00,1941.407,1941.634,1941.163,1941.390,58.7
2024-01-13T13:32:00+00:00,1941.390,1941.755,1940.964,1941.329,154.1
2024-01-13T13:33:00+00:00,1941.329,1941.663,1940.726,1941.061,112.3
2024-01-13T13:34:00+00:00,1941.061,1941.655,1940.868,1941.462,159.4
2024-01-13T13:35:00+00:00,1941.462,1941.829,1940.828,1941.196,124.2
2024-01-13T13:36:00+00:00,1941.196,1942.381,1940.860,1942.045,121.9
2024-01-13T13:37:00+00:00,1942.045,1942.502,1941.989,1942.446,125.0
2024-01-13T13:38:00+00:00,1942.446,1943.032,1942.325,1942.911,116.3
2024-01-13T13:39:00+00:00,1942.911,1943.322,1942.577,1942.988,156.4
2024-01-13T13:40:00+00:00,1942.988,1943.714,1942.831,1943.556,91.2
2024-01-13T13:41:00+00:00,1943.556,1944.013,1943.433,1943.889,96.3
2024-01-13T13:42:00+00:00,1943.889,1944.131,1943.661,1943.903,82.8
2024-01-13T13:43:00+00:00,1943.903,1944.249,1943.627,1943.974,144.6
2024-01-13T13:44:00+00:00,1943.974,1944.490,1943.619,1944.135,132.8
2024-01-13T13:45:00+00:00,1944.135,1944.647,1943.801,1944.313,142.2
2024-01-13T13:46:00+00:00,1944.313,1944.438,1944.104,1944.229,140.7
2024-01-13T13:47:00+00:00,1944.229,1944.409,1943.369,1943.550,139.3
2024-01-13T13:48:00+00:00,1943.550,1944.119,1943.163,1943.732,136.6
2024-01-13T13:49:00+00:00,1943.732,1944.132,1943.401,1943.801,115.0
2024-01-13T13:50:00+00:00,1943.801,1944.796,1943.129,1944.123,77.6
2024-01-13T13:51:00+00:00,1944.123,1944.842,1943.811,1944.529,134.3
2024-01-13T13:52:00+00:00,1944.529,1945.404,1944.060,1944.935,133.1
2024-01-13T13:53:00+00:00,1944.935,1945.114,1944.356,1944.535,96.3
2024-01-13T13:54:00+00:00,1944.535,1945.205,1944.286,1944.956,148.1
2024-01-13T13:55:00+00:00,1944.956,1945.393,1944.821,1945.258,131.1
2024-01-13T13:56:00+00:00,1945.258,1945.826,1945.158,1945.726,141.2
2024-01-13T13:57:00+00:00,1945.726,1946.398,1945.273,1945.946,174.2
2024-01-13T13:58:00+00:00,1945.946,1946.259,1945.872,1946.185,138.6
2024-01-13T13:59:00+00:00,1946.185,1946.274,1945.833,1945.922,85.6
2024-01-13T14:00:00+00:00,1945.922,1946.241,1945.617,1945.937,82.1
2024-01-13T14:01:00+00:00,1945.937,1946.117,1945.465,1945.645,100.7
2024-01-13T14:02:00+00:00,1945.645,1946.861,1945.378,1946.594,153.7
2024-01-13T14:03:00+00:00,1946.594,1946.821,1946.429,1946.657,149.7
2024-01-13T14:04:00+00:00,1946.657,1947.757,1946.286,1947.386,140.3
2024-01-13T14:05:00+00:00,1947.386,1947.649,1947.139,1947.401,144.2
2024-01-13T14:06:00+00:00,1947.401,1947.709,1947.139,1947.446,93.5
2024-01-13T14:07:00+00:00,1947.446,1947.587,1946.879,1947.020,151.1
2024-01-13T14:08:00+00:00,1947.020,1947.379,1946.913,1947.273,88.2
2024-01-13T14:09:00+00:00,1947.273,1948.217,1946.536,1947.481,164.8
2024-01-13T14:10:00+00:00,1947.481,1947.912,1947.091,1947.522,120.8
2024-01-13T14:11:00+00:00,1947.522,1947.658,1947.441,1947.577,81.2
2024-01-13T14:12:00+00:00,1947.577,1948.352,1947.416,1948.190,124.2
2024-01-13T14:13:00+00:00,1948.190,1948.530,1947.990,1948.330,97.0
2024-01-13T14:14:00+00:00,1948.330,1948.449,1948.044,1948.163,92.8
2024-01-13T14:15:00+00:00,1948.163,1948.399,1947.699,1947.935,111.0
2024-01-13T14:16:00+00:00,1947.935,1948.337,1947.815,1948.217,131.2
2024-01-13T14:17:00+00:00,1948.217,1948.644,1947.627,1948.055,102.4
2024-01-13T14:18:00+00:00,1948.055,1948.768,1947.574,1948.287,165.6
2024-01-13T14:19:00+00:00,1948.287,1948.497,1947.907,1948.117,127.1
2024-01-13T14:20:00+00:00,1948.117,1948.634,1947.764,1948.281,107.9
2024-01-13T14:21:00+00:00,1948.281,1948.621,1948.195,1948.535,102.7
2024-01-13T14:22:00+00:00,1948.535,1949.506,1948.133,1949.104,138.9
2024-01-13T14:23:00+00:00,1949.104,1949.405,1948.971,1949.273,172.0
2024-01-13T14:24:00+00:00,1949.273,1949.600,1948.708,1949.035,102.6
2024-01-13T14:25:00+00:00,1949.035,1949.404,1948.941,1949.310,109.5
2024-01-13T14:26:00+00:00,1949.310,1949.420,1949.205,1949.314,108.1
2024-01-13T14:27:00+00:00,1949.314,1949.708,1948.746,1949.139,97.6
2024-01-13T14:28:00+00:00,1949.139,1949.573,1948.816,1949.249,84.7
2024-01-13T14:29:00+00:00,1949.249,1949.837,1948.552,1949.141,125.1
2024-01-13T14:30:00+00:00,1949.141,1949.720,1948.888,1949.468,91.1
2024-01-13T14:31:00+00:00,1949.468,1949.531,1949.149,1949.213,149.1
2024-01-13T14:32:00+00:00,1949.213,1949.680,1948.874,1949.341,118.3
2024-01-13T14:33:00+00:00,1949.341,1949.468,1948.733,1948.859,80.9
2024-01-13T14:34:00+00:00,1948.859,1949.358,1948.118,1948.616,97.3
2024-01-13T14:35:00+00:00,1948.616,1948.877,1948.209,1948.470,107.2
2024-01-13T14:36:00+00:00,1948.470,1948.651,1948.274,1948.455,122.9
2024-01-13T14:37:00+00:00,1948.455,1948.794,1948.040,1948.379,112.1
2024-01-13T14:38:00+00:00,1948.379,1949.099,1947.929,1948.649,63.6
2024-01-13T14:39:00+00:00,1948.649,1949.057,1948.566,1948.974,94.8
2024-01-13T14:40:00+00:00,1948.974,1949.097,1948.396,1948.519,151.6
2024-01-13T14:41:00+00:00,1948.519,1948.615,1948.267,1948.363,185.2
2024-01-13T14:42:00+00:00,1948.363,1948.753,1948.277,1948.667,86.4
2024-01-13T14:43:00+00:00,1948.667,1949.433,1948.370,1949.136,110.0
2024-01-13T14:44:00+00:00,1949.136,1949.660,1948.952,1949.477,168.3
2024-01-13T14:45:00+00:00,1949.477,1949.926,1949.393,1949.843,141.9
2024-01-13T14:46:00+00:00,1949.843,1950.148,1949.536,1949.841,110.9
2024-01-13T14:47:00+00:00,1949.841,1950.190,1949.399,1949.748,122.1
2024-01-13T14:48:00+00:00,1949.748,1950.247,1949.503,1950.002,142.7
2024-01-13T14:49:00+00:00,1950.002,1950.416,1949.452,1949.867,137.8
2024-01-13T14:50:00+00:00,1949.867,1950.404,1949.478,1950.015,170.2
2024-01-13T14:51:00+00:00,1950.015,1950.440,1949.644,1950.069,56.7
2024-01-13T14:52:00+00:00,1950.069,1950.528,1949.691,1950.150,159.9
2024-01-13T14:53:00+00:00,1950.150,1950.713,1949.815,1950.379,63.4
2024-01-13T14:54:00+00:00,1950.379,1951.271,1950.068,1950.961,150.7
2024-01-13T14:55:00+00:00,1950.961,1951.717,1950.777,1951.533,98.7
2024-01-13T14:56:00+00:00,1951.533,1951.730,1951.477,1951.675,102.7
2024-01-13T14:57:00+00:00,1951.675,1952.421,1950.943,1951.689,86.0
2024-01-13T14:58:00+00:00,1951.689,1952.295,1951.069,1951.674,126.1
2024-01-13T14:59:00+00:00,1951.674,1952.332,1950.847,1951.506,161.0
2024-01-13T15:00:00+00:00,1951.506,1951.992,1951.403,1951.889,62.0
2024-01-13T15:01:00+00:00,1951.889,1952.025,1951.417,1951.554,147.8
2024-01-13T15:02:00+00:00,1951.554,1951.655,1950.795,1950.896,156.4
2024-01-13T15:03:00+00:00,1950.896,1951.442,1950.600,1951.146,114.9
2024-01-13T15:04:00+00:00,1951.146,1951.646,1950.842,1951.342,106.9
2024-01-13T15:05:00+00:00,1951.342,1951.432,1951.217,1951.307,85.9
2024-01-13T15:06:00+00:00,1951.307,1951.525,1950.941,1951.160,107.3
2024-01-13T15:07:00+00:00,1951.160,1951.391,1950.797,1951.027,95.3
2024-01-13T15:08:00+00:00,1951.027,1951.455,1950.911,1951.338,132.7
2024-01-13T15:09:00+00:00,1951.338,1951.517,1951.271,1951.450,138.4
2024-01-13T15:10:00+00:00,1951.450,1951.590,1951.122,1951.263,86.5
2024-01-13T15:11:00+00:00,1951.263,1951.974,1951.026,1951.737,121.7
2024-01-13T15:12:00+00:00,1951.737,1952.159,1951.523,1951.945,141.7
2024-01-13T15:13:00+00:00,1951.945,1952.257,1951.891,1952.203,116.5
2024-01-13T15:14:00+00:00,1952.203,1952.827,1951.983,1952.607,131.9
2024-01-13T15:15:00+00:00,1952.607,1953.279,1952.371,1953.043,120.4
2024-01-13T15:16:00+00:00,1953.043,1953.360,1952.405,1952.722,140.6
2024-01-13T15:17:00+00:00,1952.722,1952.940,1952.567,1952.786,115.7
2024-01-13T15:18:00+00:00,1952.786,1953.032,1951.707,1951.953,139.3
2024-01-13T15:19:00+00:00,1951.953,1952.435,1951.709,1952.191,108.3
2024-01-13T15:20:00+00:00,1952.191,1952.264,1952.009,1952.081,100.6
2024-01-13T15:21:00+00:00,1952.081,1952.589,1951.317,1951.825,100.3
2024-01-13T15:22:00+00:00,1951.825,1952.105,1951.680,1951.960,158.3
2024-01-13T15:23:00+00:00,1951.960,1952.565,1951.830,1952.435,138.0
2024-01-13T15:24:00+00:00,1952.435,1952.932,1952.301,1952.798,60.4
2024-01-13T15:25:00+00:00,1952.798,1953.028,1951.992,1952.222,169.9
2024-01-13T15:26:00+00:00,1952.222,1952.715,1952.133,1952.625,123.4
2024-01-13T15:27:00+00:00,1952.625,1952.811,1952.573,1952.759,141.0
2024-01-13T15:28:00+00:00,1952.759,1952.926,1952.380,1952.547,113.6
2024-01-13T15:29:00+00:00,1952.547,1952.903,1951.796,1952.151,95.1
2024-01-13T15:30:00+00:00,1952.151,1952.401,1951.525,1951.775,150.3
2024-01-13T15:31:00+00:00,1951.775,1952.295,1951.459,1951.980,128.8
2024-01-13T15:32:00+00:00,1951.980,1952.463,1951.585,1952.069,153.4
2024-01-13T15:33:00+00:00,1952.069,1952.480,1951.850,1952.261,57.1
2024-01-13T15:34:00+00:00,1952.261,1952.817,1951.429,1951.985,93.0
2024-01-13T15:35:00+00:00,1951.985,1952.755,1951.826,1952.596,102.3
2024-01-13T15:36:00+00:00,1952.596,1952.870,1952.100,1952.374,106.1
2024-01-13T15:37:00+00:00,1952.374,1952.772,1951.213,1951.611,193.6
2024-01-13T15:38:00+00:00,1951.611,1951.784,1951.553,1951.727,101.8
2024-01-13T15:39:00+00:00,1951.727,1951.911,1951.529,1951.713,152.0
2024-01-13T15:40:00+00:00,1951.713,1951.805,1951.397,1951.489,163.6
2024-01-13T15:41:00+00:00,1951.489,1952.236,1951.272,1952.019,66.9
2024-01-13T15:42:00+00:00,1952.019,1952.967,1951.755,1952.703,109.7
2024-01-13T15:43:00+00:00,1952.703,1952.993,1952.462,1952.752,104.8
2024-01-13T15:44:00+00:00,1952.752,1952.914,1952.510,1952.671,85.4
2024-01-13T15:45:00+00:00,1952.671,1953.218,1952.506,1953.052,124.2
2024-01-13T15:46:00+00:00,1953.052,1953.303,1952.600,1952.851,177.2
2024-01-13T15:47:00+00:00,1952.851,1952.913,1952.598,1952.660,118.1
2024-01-13T15:48:00+00:00,1952.660,1953.403,1952.473,1953.216,153.6
2024-01-13T15:49:00+00:00,1953.216,1953.626,1952.944,1953.354,104.4
2024-01-13T15:50:00+00:00,1953.354,1953.485,1953.001,1953.131,146.4
2024-01-13T15:51:00+00:00,1953.131,1953.375,1952.883,1953.127,165.3
2024-01-13T15:52:00+00:00,1953.127,1953.445,1952.310,1952.629,101.9
2024-01-13T15:53:00+00:00,1952.629,1952.809,1952.255,1952.434,86.2
2024-01-13T15:54:00+00:00,1952.434,1952.524,1952.083,1952.173,118.2
2024-01-13T15:55:00+00:00,1952.173,1952.302,1952.112,1952.241,72.4
2024-01-13T15:56:00+00:00,1952.241,1952.400,1951.935,1952.094,128.6
2024-01-13T15:57:00+00:00,1952.094,1952.599,1951.764,1952.269,99.0
2024-01-13T15:58:00+00:00,1952.269,1952.393,1951.569,1951.694,90.5
2024-01-13T15:59:00+00:00,1951.694,1952.082,1951.561,1951.949,152.9
2024-01-13T16:00:00+00:00,1951.949,1952.838,1951.839,1952.727,132.0
2024-01-13T16:01:00+00:00,1952.727,1952.912,1952.155,1952.340,47.8
2024-01-13T16:02:00+00:00,1952.340,1952.953,1951.527,1952.141,138.2
2024-01-13T16:03:00+00:00,1952.141,1952.729,1952.030,1952.618,110.7
2024-01-13T16:04:00+00:00,1952.618,1952.874,1952.449,1952.705,134.1
2024-01-13T16:05:00+00:00,1952.705,1953.349,1952.316,1952.959,57.8
2024-01-13T16:06:00+00:00,1952.959,1953.068,1952.804,1952.913,76.0
2024-01-13T16:07:00+00:00,1952.913,1953.563,1952.534,1953.184,134.8
2024-01-13T16:08:00+00:00,1953.184,1953.273,1952.640,1952.729,90.7
2024-01-13T16:09:00+00:00,1952.729,1953.224,1952.604,1953.099,129.5
2024-01-13T16:10:00+00:00,1953.099,1953.626,1952.905,1953.432,196.1
2024-01-13T16:11:00+00:00,1953.432,1953.510,1952.907,1952.985,144.1
2024-01-13T16:12:00+00:00,1952.985,1953.995,1952.276,1953.286,151.2
2024-01-13T16:13:00+00:00,1953.286,1953.596,1952.841,1953.152,170.5
2024-01-13T16:14:00+00:00,1953.152,1953.382,1952.897,1953.128,136.5
2024-01-13T16:15:00+00:00,1953.128,1953.673,1952.819,1953.365,129.3
2024-01-13T16:16:00+00:00,1953.365,1953.897,1953.310,1953.842,92.5
2024-01-13T16:17:00+00:00,1953.842,1954.428,1953.782,1954.367,141.8
2024-01-13T16:18:00+00:00,1954.367,1955.051,1953.213,1953.896,123.1
2024-01-13T16:19:00+00:00,1953.896,1954.440,1953.474,1954.019,81.8
2024-01-13T16:20:00+00:00,1954.019,1954.126,1953.646,1953.754,155.2
2024-01-13T16:21:00+00:00,1953.754,1954.057,1953.580,1953.882,143.8
2024-01-13T16:22:00+00:00,1953.882,1955.065,1953.477,1954.660,111.1
2024-01-13T16:23:00+00:00,1954.660,1955.145,1953.657,1954.142,110.2
2024-01-13T16:24:00+00:00,1954.142,1954.213,1953.784,1953.856,114.5
2024-01-13T16:25:00+00:00,1953.856,1954.142,1952.806,1953.092,137.7
2024-01-13T16:26:00+00:00,1953.092,1953.473,1952.447,1952.827,162.3
2024-01-13T16:27:00+00:00,1952.827,1953.064,1952.710,1952.946,90.2
2024-01-13T16:28:00+00:00,1952.946,1953.375,1952.312,1952.740,97.5
2024-01-13T16:29:00+00:00,1952.740,1952.920,1952.585,1952.765,114.2
2024-01-13T16:30:00+00:00,1952.765,1953.116,1952.020,1952.371,121.9
2024-01-13T16:31:00+00:00,1952.371,1952.978,1952.069,1952.676,113.7
2024-01-13T16:32:00+00:00,1952.676,1953.469,1952.607,1953.400,106.2
2024-01-13T16:33:00+00:00,1953.400,1953.621,1952.725,1952.946,135.4
2024-01-13T16:34:00+00:00,1952.946,1953.163,1952.599,1952.816,152.3
2024-01-13T16:35:00+00:00,1952.816,1953.488,1952.734,1953.406,199.5
2024-01-13T16:36:00+00:00,1953.406,1953.563,1953.146,1953.304,71.6
2024-01-13T16:37:00+00:00,1953.304,1953.547,1952.750,1952.993,191.1
2024-01-13T16:38:00+00:00,1952.993,1953.069,1952.553,1952.629,123.7
2024-01-13T16:39:00+00:00,1952.629,1953.443,1952.010,1952.824,113.2
2024-01-13T16:40:00+00:00,1952.824,1952.912,1952.350,1952.437,60.8
2024-01-13T16:41:00+00:00,1952.437,1952.566,1952.187,1952.316,84.5
2024-01-13T16:42:00+00:00,1952.316,1952.531,1952.180,1952.394,142.9
2024-01-13T16:43:00+00:00,1952.394,1952.783,1951.625,1952.013,119.3
2024-01-13T16:44:00+00:00,1952.013,1952.266,1951.808,1952.060,69.4
2024-01-13T16:45:00+00:00,1952.060,1952.395,1951.748,1952.083,91.2
2024-01-13T16:46:00+00:00,1952.083,1952.668,1951.714,1952.299,138.9
2024-01-13T16:47:00+00:00,1952.299,1952.598,1951.551,1951.851,116.7
2024-01-13T16:48:00+00:00,1951.851,1952.428,1951.687,1952.265,77.5
2024-01-13T16:49:00+00:00,1952.265,1952.575,1951.644,1951.954,126.6
2024-01-13T16:50:00+00:00,1951.954,1952.133,1951.577,1951.756,115.0
2024-01-13T16:51:00+00:00,1951.756,1951.948,1951.423,1951.615,110.7
2024-01-13T16:52:00+00:00,1951.615,1952.176,1951.250,1951.811,104.2
2024-01-13T16:53:00+00:00,1951.811,1952.150,1951.515,1951.854,160.1
2024-01-13T16:54:00+00:00,1951.854,1952.209,1951.220,1951.575,101.6
2024-01-13T16:55:00+00:00,1951.575,1952.204,1951.404,1952.033,147.3
2024-01-13T16:56:00+00:00,1952.033,1952.222,1951.815,1952.004,131.8
2024-01-13T16:57:00+00:00,1952.004,1952.225,1951.774,1951.995,121.2
2024-01-13T16:58:00+00:00,1951.995,1953.157,1951.690,1952.852,142.3
2024-01-13T16:59:00+00:00,1952.852,1953.245,1952.408,1952.801,115.9
2024-01-13T17:00:00+00:00,1952.801,1953.500,1952.436,1953.136,85.5
2024-01-13T17:01:00+00:00,1953.136,1953.829,1952.734,1953.427,154.1
2024-01-13T17:02:00+00:00,1953.427,1954.075,1953.202,1953.850,123.8
2024-01-13T17:03:00+00:00,1953.850,1954.556,1953.582,1954.288,59.4
2024-01-13T17:04:00+00:00,1954.288,1954.355,1953.738,1953.805,152.7
2024-01-13T17:05:00+00:00,1953.805,1954.521,1953.665,1954.382,115.9
2024-01-13T17:06:00+00:00,1954.382,1954.603,1953.891,1954.112,119.7
2024-01-13T17:07:00+00:00,1954.112,1955.352,1953.589,1954.829,143.1
2024-01-13T17:08:00+00:00,1954.829,1954.902,1954.510,1954.583,152.1
2024-01-13T17:09:00+00:00,1954.583,1954.898,1954.404,1954.719,102.1
2024-01-13T17:10:00+00:00,1954.719,1954.946,1953.724,1953.950,174.4
2024-01-13T17:11:00+00:00,1953.950,1954.050,1953.749,1953.849,65.1
2024-01-13T17:12:00+00:00,1953.849,1955.036,1953.206,1954.393,161.2
2024-01-13T17:13:00+00:00,1954.393,1954.471,1954.001,1954.079,124.5
2024-01-13T17:14:00+00:00,1954.079,1954.441,1953.883,1954.245,133.6
2024-01-13T17:15:00+00:00,1954.245,1954.690,1953.900,1954.346,90.2
2024-01-13T17:16:00+00:00,1954.346,1955.082,1954.234,1954.970,133.3
2024-01-13T17:17:00+00:00,1954.970,1955.941,1954.756,1955.727,156.5
2024-01-13T17:18:00+00:00,1955.727,1956.397,1955.498,1956.169,114.7
2024-01-13T17:19:00+00:00,1956.169,1956.772,1955.728,1956.331,69.6
2024-01-13T17:20:00+00:00,1956.331,1956.705,1955.785,1956.160,112.3
2024-01-13T17:21:00+00:00,1956.160,1957.235,1955.680,1956.755,110.5
2024-01-13T17:22:00+00:00,1956.755,1957.249,1956.427,1956.920,142.9
2024-01-13T17:23:00+00:00,1956.920,1957.564,1956.697,1957.340,125.0
2024-01-13T17:24:00+00:00,1957.340,1958.185,1957.087,1957.932,100.6
2024-01-13T17:25:00+00:00,1957.932,1958.490,1957.728,1958.286,125.9
2024-01-13T17:26:00+00:00,1958.286,1958.656,1958.172,1958.542,108.2
2024-01-13T17:27:00+00:00,1958.542,1958.696,1957.884,1958.038,161.7
2024-01-13T17:28:00+00:00,1958.038,1958.183,1957.042,1957.186,138.3
2024-01-13T17:29:00+00:00,1957.186,1957.906,1956.743,1957.462,118.9
2024-01-13T17:30:00+00:00,1957.462,1957.912,1957.145,1957.594,122.7
2024-01-13T17:31:00+00:00,1957.594,1957.785,1957.230,1957.421,123.7
2024-01-13T17:32:00+00:00,1957.421,1957.478,1957.022,1957.079,128.2
2024-01-13T17:33:00+00:00,1957.079,1957.267,1956.917,1957.105,119.4
2024-01-13T17:34:00+00:00,1957.105,1957.410,1956.878,1957.183,86.6
2024-01-13T17:35:00+00:00,1957.183,1957.387,1956.861,1957.064,107.2
2024-01-13T17:36:00+00:00,1957.064,1957.425,1956.431,1956.792,77.0
2024-01-13T17:37:00+00:00,1956.792,1956.862,1956.441,1956.511,138.9
2024-01-13T17:38:00+00:00,1956.511,1956.700,1956.422,1956.611,137.8
2024-01-13T17:39:00+00:00,1956.611,1957.015,1956.234,1956.639,122.9
2024-01-13T17:40:00+00:00,1956.639,1957.306,1956.073,1956.740,120.0
2024-01-13T17:41:00+00:00,1956.740,1957.615,1956.650,1957.524,80.1
2024-01-13T17:42:00+00:00,1957.524,1957.636,1957.367,1957.479,116.6
2024-01-13T17:43:00+00:00,1957.479,1958.108,1956.791,1957.420,129.3
2024-01-13T17:44:00+00:00,1957.420,1957.477,1957.355,1957.412,118.6
2024-01-13T17:45:00+00:00,1957.412,1957.893,1957.358,1957.839,147.9
2024-01-13T17:46:00+00:00,1957.839,1957.949,1957.444,1957.553,116.7
2024-01-13T17:47:00+00:00,1957.553,1958.027,1957.202,1957.676,101.5
2024-01-13T17:48:00+00:00,1957.676,1957.833,1957.026,1957.184,157.3
2024-01-13T17:49:00+00:00,1957.184,1957.633,1956.781,1957.231,109.8
2024-01-13T17:50:00+00:00,1957.231,1958.107,1956.783,1957.659,109.5
2024-01-13T17:51:00+00:00,1957.659,1957.928,1957.487,1957.755,127.9
2024-01-13T17:52:00+00:00,1957.755,1958.098,1957.614,1957.957,146.1
2024-01-13T17:53:00+00:00,1957.957,1958.822,1957.509,1958.374,88.9
2024-01-13T17:54:00+00:00,1958.374,1958.449,1958.272,1958.347,125.3
2024-01-13T17:55:00+00:00,1958.347,1958.715,1957.646,1958.014,171.9
2024-01-13T17:56:00+00:00,1958.014,1958.256,1957.876,1958.118,171.2
2024-01-13T17:57:00+00:00,1958.118,1958.220,1957.429,1957.532,113.4
2024-01-13T17:58:00+00:00,1957.532,1957.935,1957.140,1957.544,116.4
2024-01-13T17:59:00+00:00,1957.544,1957.888,1956.768,1957.112,81.8
2024-01-13T18:00:00+00:00,1957.112,1957.760,1956.915,1957.563,85.1
2024-01-13T18:01:00+00:00,1957.563,1957.959,1957.160,1957.557,133.2
2024-01-13T18:02:00+00:00,1957.557,1957.753,1957.452,1957.647,153.4
2024-01-13T18:03:00+00:00,1957.647,1957.918,1957.304,1957.575,71.2
2024-01-13T18:04:00+00:00,1957.575,1958.450,1957.080,1957.954,94.6
2024-01-13T18:05:00+00:00,1957.954,1958.594,1957.648,1958.288,123.5
2024-01-13T18:06:00+00:00,1958.288,1958.700,1958.109,1958.522,86.7
2024-01-13T18:07:00+00:00,1958.522,1958.622,1958.449,1958.550,131.7
2024-01-13T18:08:00+00:00,1958.550,1959.098,1958.080,1958.629,151.9
2024-01-13T18:09:00+00:00,1958.629,1959.283,1958.202,1958.856,115.8
2024-01-13T18:10:00+00:00,1958.856,1959.842,1958.289,1959.275,115.1
2024-01-13T18:11:00+00:00,1959.275,1959.631,1958.799,1959.154,118.7
2024-01-13T18:12:00+00:00,1959.154,1959.635,1958.719,1959.200,88.2
2024-01-13T18:13:00+00:00,1959.200,1959.912,1958.691,1959.403,131.5
2024-01-13T18:14:00+00:00,1959.403,1959.541,1959.264,1959.401,84.8
2024-01-13T18:15:00+00:00,1959.401,1959.634,1958.828,1959.061,174.7
2024-01-13T18:16:00+00:00,1959.061,1959.318,1958.748,1959.005,72.3
2024-01-13T18:17:00+00:00,1959.005,1959.309,1958.614,1958.918,72.0
2024-01-13T18:18:00+00:00,1958.918,1959.269,1958.518,1958.870,166.7
2024-01-13T18:19:00+00:00,1958.870,1958.980,1958.589,1958.699,134.6
2024-01-13T18:20:00+00:00,1958.699,1958.879,1958.633,1958.813,125.3
2024-01-13T18:21:00+00:00,1958.813,1959.044,1958.714,1958.944,114.7
2024-01-13T18:22:00+00:00,1958.944,1959.558,1958.261,1958.875,119.5
2024-01-13T18:23:00+00:00,1958.875,1959.597,1958.596,1959.318,163.6
2024-01-13T18:24:00+00:00,1959.318,1959.836,1959.228,1959.747,193.3
2024-01-13T18:25:00+00:00,1959.747,1960.607,1959.235,1960.095,94.7
2024-01-13T18:26:00+00:00,1960.095,1960.332,1959.136,1959.373,121.1
2024-01-13T18:27:00+00:00,1959.373,1959.685,1958.911,1959.223,136.4
2024-01-13T18:28:00+00:00,1959.223,1959.906,1958.897,1959.579,118.6
2024-01-13T18:29:00+00:00,1959.579,1959.977,1959.107,1959.504,91.9
2024-01-13T18:30:00+00:00,1959.504,1960.409,1959.135,1960.039,116.4
2024-01-13T18:31:00+00:00,1960.039,1960.266,1959.716,1959.943,82.7
2024-01-13T18:32:00+00:00,1959.943,1960.113,1959.689,1959.859,111.1
2024-01-13T18:33:00+00:00,1959.859,1960.264,1959.634,1960.039,90.1
2024-01-13T18:34:00+00:00,1960.039,1960.455,1959.962,1960.379,111.8
2024-01-13T18:35:00+00:00,1960.379,1960.918,1960.089,1960.629,103.9
2024-01-13T18:36:00+00:00,1960.629,1960.813,1960.526,1960.710,160.0
2024-01-13T18:37:00+00:00,1960.710,1960.948,1960.084,1960.321,118.2
2024-01-13T18:38:00+00:00,1960.321,1960.741,1959.107,1959.526,133.8
2024-01-13T18:39:00+00:00,1959.526,1960.432,1959.069,1959.975,111.5
2024-01-13T18:40:00+00:00,1959.975,1960.284,1959.911,1960.220,96.3
2024-01-13T18:41:00+00:00,1960.220,1960.439,1960.152,1960.370,158.0
2024-01-13T18:42:00+00:00,1960.370,1960.764,1959.946,1960.339,127.0
2024-01-13T18:43:00+00:00,1960.339,1960.415,1960.126,1960.202,131.8
2024-01-13T18:44:00+00:00,1960.202,1960.663,1959.176,1959.638,129.8
2024-01-13T18:45:00+00:00,1959.638,1960.192,1959.433,1959.987,118.7
2024-01-13T18:46:00+00:00,1959.987,1960.404,1959.795,1960.212,116.7
2024-01-13T18:47:00+00:00,1960.212,1960.512,1959.806,1960.105,119.5
2024-01-13T18:48:00+00:00,1960.105,1960.214,1959.712,1959.821,97.3
2024-01-13T18:49:00+00:00,1959.821,1960.190,1959.410,1959.779,113.6
2024-01-13T18:50:00+00:00,1959.779,1960.333,1959.557,1960.111,137.1
2024-01-13T18:51:00+00:00,1960.111,1960.173,1959.821,1959.883,118.9
2024-01-13T18:52:00+00:00,1959.883,1960.004,1959.732,1959.853,74.2
2024-01-13T18:53:00+00:00,1959.853,1960.802,1959.609,1960.558,124.2
2024-01-13T18:54:00+00:00,1960.558,1960.996,1960.241,1960.679,100.8
2024-01-13T18:55:00+00:00,1960.679,1960.932,1960.614,1960.868,135.5
2024-01-13T18:56:00+00:00,1960.868,1960.938,1960.498,1960.568,90.7
2024-01-13T18:57:00+00:00,1960.568,1960.859,1960.347,1960.638,105.1
2024-01-13T18:58:00+00:00,1960.638,1961.218,1960.317,1960.897,117.1
2024-01-13T18:59:00+00:00,1960.897,1961.339,1960.603,1961.044,105.7
2024-01-13T19:00:00+00:00,1961.044,1961.193,1960.798,1960.947,170.8
2024-01-13T19:01:00+00:00,1960.947,1961.279,1960.045,1960.377,160.8
2024-01-13T19:02:00+00:00,1960.377,1960.765,1960.247,1960.635,141.7
2024-01-13T19:03:00+00:00,1960.635,1961.028,1959.810,1960.203,124.8
2024-01-13T19:04:00+00:00,1960.203,1960.433,1959.817,1960.047,92.5
2024-01-13T19:05:00+00:00,1960.047,1960.143,1959.384,1959.481,137.1
2024-01-13T19:06:00+00:00,1959.481,1959.551,1958.946,1959.016,122.1
2024-01-13T19:07:00+00:00,1959.016,1959.466,1958.771,1959.221,128.2
2024-01-13T19:08:00+00:00,1959.221,1959.590,1958.664,1959.034,138.0
2024-01-13T19:09:00+00:00,1959.034,1959.308,1958.730,1959.004,155.6
2024-01-13T19:10:00+00:00,1959.004,1959.188,1958.657,1958.841,157.4
2024-01-13T19:11:00+00:00,1958.841,1959.308,1958.507,1958.973,115.0
2024-01-13T19:12:00+00:00,1958.973,1959.326,1958.533,1958.885,81.3
2024-01-13T19:13:00+00:00,1958.885,1959.134,1958.475,1958.723,145.0
2024-01-13T19:14:00+00:00,1958.723,1959.025,1958.550,1958.852,91.4
2024-01-13T19:15:00+00:00,1958.852,1959.067,1957.818,1958.032,128.4
2024-01-13T19:16:00+00:00,1958.032,1958.468,1957.670,1958.106,65.9
2024-01-13T19:17:00+00:00,1958.106,1958.270,1957.861,1958.025,155.5
2024-01-13T19:18:00+00:00,1958.025,1959.273,1957.644,1958.892,96.4
2024-01-13T19:19:00+00:00,1958.892,1959.522,1958.604,1959.233,143.6
2024-01-13T19:20:00+00:00,1959.233,1959.405,1959.061,1959.233,106.1
2024-01-13T19:21:00+00:00,1959.233,1959.461,1958.596,1958.824,97.3
2024-01-13T19:22:00+00:00,1958.824,1959.667,1958.428,1959.271,127.8
2024-01-13T19:23:00+00:00,1959.271,1959.370,1958.696,1958.795,104.8
2024-01-13T19:24:00+00:00,1958.795,1959.555,1958.505,1959.265,131.5
2024-01-13T19:25:00+00:00,1959.265,1959.555,1959.010,1959.300,103.3
2024-01-13T19:26:00+00:00,1959.300,1960.053,1959.168,1959.920,114.3
2024-01-13T19:27:00+00:00,1959.920,1960.092,1959.728,1959.901,152.1
2024-01-13T19:28:00+00:00,1959.901,1960.339,1959.792,1960.230,203.6
2024-01-13T19:29:00+00:00,1960.230,1960.728,1959.949,1960.447,166.9
2024-01-13T19:30:00+00:00,1960.447,1961.047,1960.283,1960.883,90.3
2024-01-13T19:31:00+00:00,1960.883,1961.126,1960.381,1960.625,117.6
2024-01-13T19:32:00+00:00,1960.625,1960.983,1960.213,1960.571,141.1
2024-01-13T19:33:00+00:00,1960.571,1961.246,1960.444,1961.119,91.5
2024-01-13T19:34:00+00:00,1961.119,1961.394,1960.851,1961.126,87.4
2024-01-13T19:35:00+00:00,1961.126,1961.365,1960.926,1961.166,126.7
2024-01-13T19:36:00+00:00,1961.166,1962.024,1960.513,1961.371,135.2
2024-01-13T19:37:00+00:00,1961.371,1962.039,1961.090,1961.758,129.8
2024-01-13T19:38:00+00:00,1961.758,1961.847,1961.704,1961.793,218.8
2024-01-13T19:39:00+00:00,1961.793,1962.159,1961.369,1961.736,97.3
2024-01-13T19:40:00+00:00,1961.736,1961.802,1961.472,1961.539,131.6
2024-01-13T19:41:00+00:00,1961.539,1962.189,1960.769,1961.420,134.2
2024-01-13T19:42:00+00:00,1961.420,1961.607,1961.283,1961.471,126.3
2024-01-13T19:43:00+00:00,1961.471,1961.572,1961.120,1961.221,104.5
2024-01-13T19:44:00+00:00,1961.221,1961.774,1960.981,1961.534,85.1
2024-01-13T19:45:00+00:00,1961.534,1961.855,1961.113,1961.434,131.7
2024-01-13T19:46:00+00:00,1961.434,1961.507,1961.251,1961.324,95.6
2024-01-13T19:47:00+00:00,1961.324,1961.447,1960.965,1961.087,100.2
2024-01-13T19:48:00+00:00,1961.087,1961.222,1960.686,1960.820,121.0
2024-01-13T19:49:00+00:00,1960.820,1961.226,1960.644,1961.050,126.2
2024-01-13T19:50:00+00:00,1961.050,1961.707,1960.573,1961.230,123.6
2024-01-13T19:51:00+00:00,1961.230,1961.353,1960.390,1960.513,89.5
2024-01-13T19:52:00+00:00,1960.513,1960.760,1960.427,1960.674,87.9
2024-01-13T19:53:00+00:00,1960.674,1960.848,1959.736,1959.910,96.1
2024-01-13T19:54:00+00:00,1959.910,1960.705,1959.512,1960.307,80.5
2024-01-13T19:55:00+00:00,1960.307,1960.415,1959.727,1959.835,163.2
2024-01-13T19:56:00+00:00,1959.835,1960.280,1959.487,1959.933,136.7
2024-01-13T19:57:00+00:00,1959.933,1959.991,1959.412,1959.470,164.1
2024-01-13T19:58:00+00:00,1959.470,1959.879,1959.064,1959.472,119.2
2024-01-13T19:59:00+00:00,1959.472,1960.070,1959.029,1959.627,133.9
2024-01-13T20:00:00+00:00,1959.627,1960.288,1959.015,1959.676,134.6
2024-01-13T20:01:00+00:00,1959.676,1959.850,1959.168,1959.342,153.7
2024-01-13T20:02:00+00:00,1959.342,1959.781,1959.151,1959.590,141.3
2024-01-13T20:03:00+00:00,1959.590,1960.743,1959.161,1960.314,104.0
2024-01-13T20:04:00+00:00,1960.314,1961.088,1960.198,1960.973,85.7
2024-01-13T20:05:00+00:00,1960.973,1961.510,1960.130,1960.667,101.9
2024-01-13T20:06:00+00:00,1960.667,1961.152,1960.156,1960.640,110.1
2024-01-13T20:07:00+00:00,1960.640,1960.788,1960.181,1960.329,121.7
2024-01-13T20:08:00+00:00,1960.329,1961.072,1960.011,1960.753,141.7
2024-01-13T20:09:00+00:00,1960.753,1960.926,1960.249,1960.421,147.9
2024-01-13T20:10:00+00:00,1960.421,1960.590,1960.076,1960.245,105.9
2024-01-13T20:11:00+00:00,1960.245,1960.720,1960.118,1960.594,133.7
2024-01-13T20:12:00+00:00,1960.594,1961.532,1960.254,1961.193,142.4
2024-01-13T20:13:00+00:00,1961.193,1961.600,1960.878,1961.285,118.0
2024-01-13T20:14:00+00:00,1961.285,1961.752,1960.953,1961.420,104.9
2024-01-13T20:15:00+00:00,1961.420,1962.017,1961.282,1961.878,79.2
2024-01-13T20:16:00+00:00,1961.878,1963.201,1961.411,1962.734,105.0
2024-01-13T20:17:00+00:00,1962.734,1963.026,1962.603,1962.896,131.6
2024-01-13T20:18:00+00:00,1962.896,1963.754,1962.302,1963.160,147.6
2024-01-13T20:19:00+00:00,1963.160,1963.979,1963.057,1963.876,98.9
2024-01-13T20:20:00+00:00,1963.876,1964.106,1963.774,1964.005,41.8
2024-01-13T20:21:00+00:00,1964.005,1964.730,1963.776,1964.501,174.3
2024-01-13T20:22:00+00:00,1964.501,1964.659,1963.870,1964.028,170.6
2024-01-13T20:23:00+00:00,1964.028,1964.099,1963.720,1963.791,165.0
2024-01-13T20:24:00+00:00,1963.791,1964.080,1963.165,1963.454,126.9
2024-01-13T20:25:00+00:00,1963.454,1963.511,1963.148,1963.205,136.9
2024-01-13T20:26:00+00:00,1963.205,1964.497,1962.567,1963.859,129.3
2024-01-13T20:27:00+00:00,1963.859,1963.997,1963.564,1963.702,128.3
2024-01-13T20:28:00+00:00,1963.702,1964.081,1962.960,1963.340,96.4
2024-01-13T20:29:00+00:00,1963.340,1963.412,1963.249,1963.322,141.9
2024-01-13T20:30:00+00:00,1963.322,1963.392,1963.164,1963.234,155.6
2024-01-13T20:31:00+00:00,1963.234,1963.732,1962.315,1962.814,161.6
2024-01-13T20:32:00+00:00,1962.814,1963.425,1962.562,1963.173,157.4
2024-01-13T20:33:00+00:00,1963.173,1963.517,1962.951,1963.294,169.2
2024-01-13T20:34:00+00:00,1963.294,1963.536,1962.506,1962.748,123.1
2024-01-13T20:35:00+00:00,1962.748,1963.094,1962.675,1963.020,148.1
2024-01-13T20:36:00+00:00,1963.020,1963.130,1962.538,1962.648,162.2
2024-01-13T20:37:00+00:00,1962.648,1962.841,1962.355,1962.549,102.4
2024-01-13T20:38:00+00:00,1962.549,1962.660,1962.439,1962.550,49.7
2024-01-13T20:39:00+00:00,1962.550,1962.982,1961.506,1961.938,158.9
2024-01-13T20:40:00+00:00,1961.938,1962.214,1961.627,1961.903,98.2
2024-01-13T20:41:00+00:00,1961.903,1962.423,1961.603,1962.123,106.2
2024-01-13T20:42:00+00:00,1962.123,1962.248,1961.910,1962.035,152.8
2024-01-13T20:43:00+00:00,1962.035,1962.263,1961.642,1961.871,118.9
2024-01-13T20:44:00+00:00,1961.871,1962.200,1961.330,1961.660,163.9
2024-01-13T20:45:00+00:00,1961.660,1961.755,1961.140,1961.236,110.1
2024-01-13T20:46:00+00:00,1961.236,1961.312,1960.744,1960.820,118.1
2024-01-13T20:47:00+00:00,1960.820,1961.206,1960.223,1960.609,142.7
2024-01-13T20:48:00+00:00,1960.609,1961.055,1960.544,1960.990,57.0
2024-01-13T20:49:00+00:00,1960.990,1961.680,1960.527,1961.217,117.8
2024-01-13T20:50:00+00:00,1961.217,1961.575,1960.279,1960.638,116.8
2024-01-13T20:51:00+00:00,1960.638,1960.769,1960.364,1960.494,119.2
2024-01-13T20:52:00+00:00,1960.494,1961.170,1960.059,1960.735,133.2
2024-01-13T20:53:00+00:00,1960.735,1960.921,1960.468,1960.654,73.2
2024-01-13T20:54:00+00:00,1960.654,1961.287,1960.517,1961.150,115.8
2024-01-13T20:55:00+00:00,1961.150,1961.300,1960.516,1960.666,117.5
2024-01-13T20:56:00+00:00,1960.666,1960.829,1960.215,1960.378,190.3
2024-01-13T20:57:00+00:00,1960.378,1960.480,1960.175,1960.277,137.5
2024-01-13T20:58:00+00:00,1960.277,1960.402,1959.900,1960.026,165.7
2024-01-13T20:59:00+00:00,1960.026,1960.118,1959.836,1959.928,92.9
2024-01-13T21:00:00+00:00,1959.928,1960.052,1959.348,1959.472,116.1
2024-01-13T21:01:00+00:00,1959.472,1959.657,1958.862,1959.047,130.3
2024-01-13T21:02:00+00:00,1959.047,1959.573,1958.581,1959.107,97.0
2024-01-13T21:03:00+00:00,1959.107,1959.261,1958.533,1958.687,108.7
2024-01-13T21:04:00+00:00,1958.687,1959.121,1958.452,1958.886,64.4
2024-01-13T21:05:00+00:00,1958.886,1959.678,1958.717,1959.509,138.1
2024-01-13T21:06:00+00:00,1959.509,1960.208,1959.344,1960.044,77.3
2024-01-13T21:07:00+00:00,1960.044,1960.332,1959.829,1960.118,135.2
2024-01-13T21:08:00+00:00,1960.118,1960.244,1959.380,1959.506,185.5
2024-01-13T21:09:00+00:00,1959.506,1959.877,1958.687,1959.059,75.7
2024-01-13T21:10:00+00:00,1959.059,1959.419,1958.462,1958.822,153.0
2024-01-13T21:11:00+00:00,1958.822,1959.332,1958.636,1959.146,94.9
2024-01-13T21:12:00+00:00,1959.146,1959.467,1958.981,1959.302,167.4
2024-01-13T21:13:00+00:00,1959.302,1959.388,1958.764,1958.849,138.0
2024-01-13T21:14:00+00:00,1958.849,1959.151,1958.473,1958.774,108.1
2024-01-13T21:15:00+00:00,1958.774,1959.759,1958.512,1959.497,153.6
2024-01-13T21:16:00+00:00,1959.497,1959.716,1959.420,1959.639,109.6
2024-01-13T21:17:00+00:00,1959.639,1959.763,1959.415,1959.540,112.1
2024-01-13T21:18:00+00:00,1959.540,1959.699,1958.924,1959.084,123.0
2024-01-13T21:19:00+00:00,1959.084,1959.494,1958.309,1958.718,167.2
2024-01-13T21:20:00+00:00,1958.718,1959.060,1958.039,1958.381,51.3
2024-01-13T21:21:00+00:00,1958.381,1958.609,1958.135,1958.364,114.5
2024-01-13T21:22:00+00:00,1958.364,1958.479,1957.680,1957.795,88.5
2024-01-13T21:23:00+00:00,1957.795,1957.973,1957.664,1957.842,142.2
2024-01-13T21:24:00+00:00,1957.842,1958.066,1957.385,1957.609,106.2
2024-01-13T21:25:00+00:00,1957.609,1957.894,1956.865,1957.150,121.2
2024-01-13T21:26:00+00:00,1957.150,1957.734,1957.100,1957.684,115.0
2024-01-13T21:27:00+00:00,1957.684,1958.606,1957.419,1958.342,84.0
2024-01-13T21:28:00+00:00,1958.342,1958.808,1957.968,1958.435,115.8
2024-01-13T21:29:00+00:00,1958.435,1958.826,1957.412,1957.803,139.3
2024-01-13T21:30:00+00:00,1957.803,1958.141,1957.593,1957.931,76.4
2024-01-13T21:31:00+00:00,1957.931,1958.605,1957.715,1958.389,110.5
2024-01-13T21:32:00+00:00,1958.389,1958.443,1957.907,1957.961,102.3
2024-01-13T21:33:00+00:00,1957.961,1958.374,1957.410,1957.823,159.6
2024-01-13T21:34:00+00:00,1957.823,1958.394,1957.279,1957.850,131.9
2024-01-13T21:35:00+00:00,1957.850,1958.067,1957.581,1957.798,107.6
2024-01-13T21:36:00+00:00,1957.798,1958.305,1957.551,1958.058,160.3
2024-01-13T21:37:00+00:00,1958.058,1958.155,1957.934,1958.030,159.2
2024-01-13T21:38:00+00:00,1958.030,1958.228,1957.752,1957.950,151.2
2024-01-13T21:39:00+00:00,1957.950,1958.222,1957.510,1957.781,154.6
2024-01-13T21:40:00+00:00,1957.781,1957.838,1957.411,1957.468,124.0
2024-01-13T21:41:00+00:00,1957.468,1957.590,1957.276,1957.398,160.1
2024-01-13T21:42:00+00:00,1957.398,1957.512,1957.303,1957.417,121.2
2024-01-13T21:43:00+00:00,1957.417,1957.557,1957.055,1957.195,147.8
2024-01-13T21:44:00+00:00,1957.195,1957.369,1956.635,1956.808,165.2
2024-01-13T21:45:00+00:00,1956.808,1957.470,1956.403,1957.065,123.5
2024-01-13T21:46:00+00:00,1957.065,1957.239,1956.680,1956.854,116.3
2024-01-13T21:47:00+00:00,1956.854,1957.697,1956.777,1957.620,96.1
2024-01-13T21:48:00+00:00,1957.620,1958.377,1957.301,1958.058,133.3
2024-01-13T21:49:00+00:00,1958.058,1958.345,1957.899,1958.187,83.2
2024-01-13T21:50:00+00:00,1958.187,1958.343,1957.955,1958.111,75.3
2024-01-13T21:51:00+00:00,1958.111,1959.076,1957.986,1958.950,93.2
2024-01-13T21:52:00+00:00,1958.950,1959.101,1958.705,1958.855,122.6
2024-01-13T21:53:00+00:00,1958.855,1959.394,1958.772,1959.311,166.6
2024-01-13T21:54:00+00:00,1959.311,1959.382,1959.196,1959.267,127.1
2024-01-13T21:55:00+00:00,1959.267,1959.533,1958.995,1959.261,69.9
2024-01-13T21:56:00+00:00,1959.261,1959.454,1958.471,1958.663,103.5
2024-01-13T21:57:00+00:00,1958.663,1958.741,1958.490,1958.567,148.7
2024-01-13T21:58:00+00:00,1958.567,1958.802,1957.709,1957.944,135.3
2024-01-13T21:59:00+00:00,1957.944,1958.088,1957.469,1957.613,96.9
2024-01-13T22:00:00+00:00,1957.613,1957.854,1956.883,1957.124,105.7
2024-01-13T22:01:00+00:00,1957.124,1957.229,1956.453,1956.558,98.1
2024-01-13T22:02:00+00:00,1956.558,1957.256,1956.182,1956.880,132.5
2024-01-13T22:03:00+00:00,1956.880,1957.108,1956.381,1956.609,136.9
2024-01-13T22:04:00+00:00,1956.609,1957.117,1956.303,1956.810,80.3
2024-01-13T22:05:00+00:00,1956.810,1957.067,1955.996,1956.252,146.7
2024-01-13T22:06:00+00:00,1956.252,1956.318,1955.856,1955.922,80.1
2024-01-13T22:07:00+00:00,1955.922,1956.256,1955.530,1955.865,139.5
2024-01-13T22:08:00+00:00,1955.865,1956.048,1955.512,1955.696,92.3
2024-01-13T22:09:00+00:00,1955.696,1955.931,1954.839,1955.074,67.5
2024-01-13T22:10:00+00:00,1955.074,1955.485,1954.795,1955.206,121.5
2024-01-13T22:11:00+00:00,1955.206,1955.429,1955.086,1955.309,105.7
2024-01-13T22:12:00+00:00,1955.309,1955.799,1955.002,1955.492,64.8
2024-01-13T22:13:00+00:00,1955.492,1955.969,1955.234,1955.711,176.0
2024-01-13T22:14:00+00:00,1955.711,1956.118,1955.150,1955.557,134.0
2024-01-13T22:15:00+00:00,1955.557,1955.873,1954.829,1955.145,153.6
2024-01-13T22:16:00+00:00,1955.145,1955.786,1954.739,1955.380,172.7
2024-01-13T22:17:00+00:00,1955.380,1956.092,1955.136,1955.848,110.9
2024-01-13T22:18:00+00:00,1955.848,1956.224,1955.167,1955.543,153.0
2024-01-13T22:19:00+00:00,1955.543,1955.876,1955.062,1955.396,131.7
2024-01-13T22:20:00+00:00,1955.396,1956.259,1955.037,1955.900,91.0
2024-01-13T22:21:00+00:00,1955.900,1956.013,1955.307,1955.420,106.4
2024-01-13T22:22:00+00:00,1955.420,1955.841,1954.824,1955.244,136.8
2024-01-13T22:23:00+00:00,1955.244,1955.875,1954.984,1955.614,118.0
2024-01-13T22:24:00+00:00,1955.614,1956.194,1955.407,1955.987,158.6
2024-01-13T22:25:00+00:00,1955.987,1956.469,1955.847,1956.328,107.8
2024-01-13T22:26:00+00:00,1956.328,1956.652,1955.705,1956.029,99.3
2024-01-13T22:27:00+00:00,1956.029,1956.089,1955.769,1955.829,191.7
2024-01-13T22:28:00+00:00,1955.829,1955.996,1955.654,1955.821,127.1
2024-01-13T22:29:00+00:00,1955.821,1956.289,1955.653,1956.121,126.1
2024-01-13T22:30:00+00:00,1956.121,1956.812,1955.832,1956.523,108.8
2024-01-13T22:31:00+00:00,1956.523,1956.958,1956.384,1956.819,139.5
2024-01-13T22:32:00+00:00,1956.819,1957.388,1956.229,1956.799,108.7
2024-01-13T22:33:00+00:00,1956.799,1957.023,1956.512,1956.736,104.1
2024-01-13T22:34:00+00:00,1956.736,1957.420,1956.591,1957.275,119.2
2024-01-13T22:35:00+00:00,1957.275,1957.726,1956.173,1956.623,162.6
2024-01-13T22:36:00+00:00,1956.623,1957.194,1956.267,1956.837,166.9
2024-01-13T22:37:00+00:00,1956.837,1957.164,1956.444,1956.771,147.9
2024-01-13T22:38:00+00:00,1956.771,1956.868,1956.144,1956.242,60.0
2024-01-13T22:39:00+00:00,1956.242,1956.298,1955.797,1955.854,90.2
2024-01-13T22:40:00+00:00,1955.854,1956.282,1955.407,1955.835,118.4
2024-01-13T22:41:00+00:00,1955.835,1956.532,1955.646,1956.343,112.1
2024-01-13T22:42:00+00:00,1956.343,1956.513,1955.743,1955.912,64.9
2024-01-13T22:43:00+00:00,1955.912,1956.128,1955.596,1955.811,59.2
2024-01-13T22:44:00+00:00,1955.811,1956.618,1955.328,1956.135,122.4
2024-01-13T22:45:00+00:00,1956.135,1956.644,1955.566,1956.075,147.1
2024-01-13T22:46:00+00:00,1956.075,1956.698,1955.270,1955.893,171.4
2024-01-13T22:47:00+00:00,1955.893,1956.500,1955.501,1956.108,115.7
2024-01-13T22:48:00+00:00,1956.108,1956.169,1955.587,1955.647,99.8
2024-01-13T22:49:00+00:00,1955.647,1955.897,1955.564,1955.814,89.8
2024-01-13T22:50:00+00:00,1955.814,1955.913,1955.597,1955.697,200.5
2024-01-13T22:51:00+00:00,1955.697,1955.812,1955.511,1955.627,169.2
2024-01-13T22:52:00+00:00,1955.627,1955.797,1954.856,1955.026,138.3
2024-01-13T22:53:00+00:00,1955.026,1956.014,1954.636,1955.624,127.4
2024-01-13T22:54:00+00:00,1955.624,1955.729,1955.434,1955.539,72.1
2024-01-13T22:55:00+00:00,1955.539,1955.741,1955.266,1955.468,146.3
2024-01-13T22:56:00+00:00,1955.468,1955.551,1955.130,1955.214,124.4
2024-01-13T22:57:00+00:00,1955.214,1955.579,1954.561,1954.926,127.0
2024-01-13T22:58:00+00:00,1954.926,1955.659,1954.492,1955.226,137.5
2024-01-13T22:59:00+00:00,1955.226,1955.333,1955.095,1955.202,76.8
2024-01-13T23:00:00+00:00,1955.202,1955.763,1954.455,1955.016,103.4
2024-01-13T23:01:00+00:00,1955.016,1955.232,1954.185,1954.400,189.0
2024-01-13T23:02:00+00:00,1954.400,1954.684,1954.006,1954.290,126.1
2024-01-13T23:03:00+00:00,1954.290,1954.497,1953.805,1954.012,77.7
2024-01-13T23:04:00+00:00,1954.012,1954.888,1953.566,1954.442,114.9
2024-01-13T23:05:00+00:00,1954.442,1954.573,1953.904,1954.035,87.3
2024-01-13T23:06:00+00:00,1954.035,1954.184,1953.943,1954.092,160.3
2024-01-13T23:07:00+00:00,1954.092,1954.670,1953.744,1954.322,120.5
2024-01-13T23:08:00+00:00,1954.322,1954.712,1953.694,1954.085,153.4
2024-01-13T23:09:00+00:00,1954.085,1954.180,1953.940,1954.035,89.9
2024-01-13T23:10:00+00:00,1954.035,1954.146,1953.486,1953.598,133.9
2024-01-13T23:11:00+00:00,1953.598,1954.062,1952.836,1953.300,134.3
2024-01-13T23:12:00+00:00,1953.300,1954.327,1952.846,1953.874,108.4
2024-01-13T23:13:00+00:00,1953.874,1954.239,1953.655,1954.020,130.3
2024-01-13T23:14:00+00:00,1954.020,1954.144,1953.586,1953.710,78.1
2024-01-13T23:15:00+00:00,1953.710,1954.197,1953.428,1953.915,125.5
2024-01-13T23:16:00+00:00,1953.915,1954.696,1953.455,1954.236,155.9
2024-01-13T23:17:00+00:00,1954.236,1954.885,1953.632,1954.280,115.9
2024-01-13T23:18:00+00:00,1954.280,1954.582,1953.584,1953.886,66.2
2024-01-13T23:19:00+00:00,1953.886,1954.539,1953.159,1953.812,109.5
2024-01-13T23:20:00+00:00,1953.812,1953.904,1953.529,1953.621,132.2
2024-01-13T23:21:00+00:00,1953.621,1953.900,1953.260,1953.539,128.5
2024-01-13T23:22:00+00:00,1953.539,1953.877,1952.903,1953.241,155.5
2024-01-13T23:23:00+00:00,1953.241,1953.641,1953.075,1953.475,75.8
2024-01-13T23:24:00+00:00,1953.475,1953.646,1953.013,1953.185,133.6
2024-01-13T23:25:00+00:00,1953.185,1953.476,1952.944,1953.236,145.5
2024-01-13T23:26:00+00:00,1953.236,1953.531,1952.650,1952.946,107.2
2024-01-13T23:27:00+00:00,1952.946,1953.127,1952.454,1952.635,156.7
2024-01-13T23:28:00+00:00,1952.635,1953.033,1952.371,1952.769,156.7
2024-01-13T23:29:00+00:00,1952.769,1953.726,1952.437,1953.394,147.8
2024-01-13T23:30:00+00:00,1953.394,1953.608,1952.863,1953.077,136.3
2024-01-13T23:31:00+00:00,1953.077,1953.348,1952.632,1952.903,58.7
2024-01-13T23:32:00+00:00,1952.903,1954.098,1952.220,1953.415,122.7
2024-01-13T23:33:00+00:00,1953.415,1953.513,1953.155,1953.253,131.9
2024-01-13T23:34:00+00:00,1953.253,1953.576,1952.819,1953.141,65.8
2024-01-13T23:35:00+00:00,1953.141,1953.953,1952.715,1953.527,106.2
2024-01-13T23:36:00+00:00,1953.527,1953.644,1952.687,1952.804,127.9
2024-01-13T23:37:00+00:00,1952.804,1953.111,1952.521,1952.828,95.8
2024-01-13T23:38:00+00:00,1952.828,1953.480,1952.487,1953.138,91.8
2024-01-13T23:39:00+00:00,1953.138,1953.208,1952.946,1953.016,47.9
2024-01-13T23:40:00+00:00,1953.016,1953.099,1952.656,1952.739,99.3
2024-01-13T23:41:00+00:00,1952.739,1953.046,1952.575,1952.882,96.6
2024-01-13T23:42:00+00:00,1952.882,1953.008,1952.395,1952.521,179.6
2024-01-13T23:43:00+00:00,1952.521,1953.104,1952.269,1952.851,78.2
2024-01-13T23:44:00+00:00,1952.851,1953.458,1951.846,1952.453,90.4
2024-01-13T23:45:00+00:00,1952.453,1952.910,1952.041,1952.497,134.1
2024-01-13T23:46:00+00:00,1952.497,1952.839,1951.838,1952.179,142.7
2024-01-13T23:47:00+00:00,1952.179,1952.538,1952.072,1952.431,122.0
2024-01-13T23:48:00+00:00,1952.431,1952.933,1952.325,1952.827,155.1
2024-01-13T23:49:00+00:00,1952.827,1953.262,1952.701,1953.137,173.1
2024-01-13T23:50:00+00:00,1953.137,1953.401,1952.702,1952.966,90.2
2024-01-13T23:51:00+00:00,1952.966,1953.856,1952.498,1953.388,84.6
2024-01-13T23:52:00+00:00,1953.388,1953.936,1952.514,1953.063,130.5
2024-01-13T23:53:00+00:00,1953.063,1953.933,1952.831,1953.702,78.5
2024-01-13T23:54:00+00:00,1953.702,1953.857,1953.537,1953.692,104.3
2024-01-13T23:55:00+00:00,1953.692,1954.237,1953.459,1954.004,116.1
2024-01-13T23:56:00+00:00,1954.004,1954.296,1953.528,1953.820,195.1
2024-01-13T23:57:00+00:00,1953.820,1954.392,1953.757,1954.329,134.6
2024-01-13T23:58:00+00:00,1954.329,1954.477,1954.223,1954.370,116.3
2024-01-13T23:59:00+00:00,1954.370,1954.433,1954.246,1954.309,99.4
2024-01-14T00:00:00+00:00,1954.309,1954.818,1953.572,1954.082,153.1
2024-01-14T00:01:00+00:00,1954.082,1955.045,1953.567,1954.531,112.8
2024-01-14T00:02:00+00:00,1954.531,1954.729,1954.255,1954.453,126.3
2024-01-14T00:03:00+00:00,1954.453,1954.740,1954.021,1954.308,150.3
2024-01-14T00:04:00+00:00,1954.308,1954.835,1953.956,1954.483,93.9
2024-01-14T00:05:00+00:00,1954.483,1954.651,1954.301,1954.468,73.7
2024-01-14T00:06:00+00:00,1954.468,1954.888,1954.169,1954.588,122.7
2024-01-14T00:07:00+00:00,1954.588,1954.829,1953.971,1954.212,153.9
2024-01-14T00:08:00+00:00,1954.212,1954.466,1954.117,1954.372,148.0
2024-01-14T00:09:00+00:00,1954.372,1955.027,1953.681,1954.336,94.4
2024-01-14T00:10:00+00:00,1954.336,1954.838,1953.444,1953.946,168.9
2024-01-14T00:11:00+00:00,1953.946,1954.069,1953.510,1953.633,152.1
2024-01-14T00:12:00+00:00,1953.633,1954.037,1952.960,1953.364,148.3
2024-01-14T00:13:00+00:00,1953.364,1953.429,1953.073,1953.138,109.8
2024-01-14T00:14:00+00:00,1953.138,1953.508,1952.922,1953.292,119.0
2024-01-14T00:15:00+00:00,1953.292,1953.578,1952.916,1953.202,139.3
2024-01-14T00:16:00+00:00,1953.202,1953.279,1952.671,1952.749,177.8
2024-01-14T00:17:00+00:00,1952.749,1952.861,1952.557,1952.669,127.3
2024-01-14T00:18:00+00:00,1952.669,1953.308,1952.178,1952.817,111.6
2024-01-14T00:19:00+00:00,1952.817,1952.879,1952.305,1952.366,99.7
2024-01-14T00:20:00+00:00,1952.366,1952.458,1951.855,1951.946,103.0
2024-01-14T00:21:00+00:00,1951.946,1952.539,1951.664,1952.257,147.3
2024-01-14T00:22:00+00:00,1952.257,1952.556,1951.660,1951.959,133.1
2024-01-14T00:23:00+00:00,1951.959,1952.182,1951.039,1951.262,94.5
2024-01-14T00:24:00+00:00,1951.262,1951.482,1950.795,1951.015,129.9
2024-01-14T00:25:00+00:00,1951.015,1951.219,1950.719,1950.923,142.9
2024-01-14T00:26:00+00:00,1950.923,1951.473,1950.539,1951.089,164.3
2024-01-14T00:27:00+00:00,1951.089,1951.427,1950.598,1950.936,109.3
2024-01-14T00:28:00+00:00,1950.936,1951.183,1950.346,1950.592,113.6
2024-01-14T00:29:00+00:00,1950.592,1950.684,1950.160,1950.251,139.0
2024-01-14T00:30:00+00:00,1950.251,1950.766,1950.146,1950.660,112.0
2024-01-14T00:31:00+00:00,1950.660,1950.960,1950.120,1950.420,104.5
2024-01-14T00:32:00+00:00,1950.420,1950.658,1950.268,1950.505,128.0
2024-01-14T00:33:00+00:00,1950.505,1950.646,1949.547,1949.687,158.6
2024-01-14T00:34:00+00:00,1949.687,1949.863,1949.081,1949.257,103.8
2024-01-14T00:35:00+00:00,1949.257,1949.759,1949.098,1949.600,139.0
2024-01-14T00:36:00+00:00,1949.600,1950.084,1949.289,1949.772,90.9
2024-01-14T00:37:00+00:00,1949.772,1949.957,1949.243,1949.428,159.6
2024-01-14T00:38:00+00:00,1949.428,1949.720,1948.364,1948.656,110.1
2024-01-14T00:39:00+00:00,1948.656,1949.012,1948.410,1948.766,130.5
2024-01-14T00:40:00+00:00,1948.766,1949.401,1948.353,1948.988,152.7
2024-01-14T00:41:00+00:00,1948.988,1949.071,1948.744,1948.828,76.7
2024-01-14T00:42:00+00:00,1948.828,1949.016,1948.723,1948.912,177.0
2024-01-14T00:43:00+00:00,1948.912,1949.027,1948.246,1948.361,127.4
2024-01-14T00:44:00+00:00,1948.361,1948.986,1947.859,1948.484,87.3
2024-01-14T00:45:00+00:00,1948.484,1948.971,1948.374,1948.861,96.3
2024-01-14T00:46:00+00:00,1948.861,1949.141,1948.729,1949.010,118.3
2024-01-14T00:47:00+00:00,1949.010,1949.657,1948.578,1949.225,121.9
2024-01-14T00:48:00+00:00,1949.225,1949.293,1948.838,1948.907,125.3
2024-01-14T00:49:00+00:00,1948.907,1949.042,1948.684,1948.819,90.1
2024-01-14T00:50:00+00:00,1948.819,1948.889,1948.703,1948.774,193.3
2024-01-14T00:51:00+00:00,1948.774,1949.231,1948.434,1948.891,125.2
2024-01-14T00:52:00+00:00,1948.891,1949.733,1948.688,1949.530,78.0
2024-01-14T00:53:00+00:00,1949.530,1950.371,1949.292,1950.134,137.6
2024-01-14T00:54:00+00:00,1950.134,1951.042,1949.652,1950.560,127.8
2024-01-14T00:55:00+00:00,1950.560,1950.688,1950.300,1950.428,63.1
2024-01-14T00:56:00+00:00,1950.428,1951.104,1950.092,1950.769,135.1
2024-01-14T00:57:00+00:00,1950.769,1951.179,1950.685,1951.094,125.4
2024-01-14T00:58:00+00:00,1951.094,1951.308,1950.391,1950.605,128.4
2024-01-14T00:59:00+00:00,1950.605,1950.816,1950.248,1950.458,90.6
2024-01-14T01:00:00+00:00,1950.458,1950.713,1950.138,1950.393,71.9
2024-01-14T01:01:00+00:00,1950.393,1950.479,1950.308,1950.395,127.1
2024-01-14T01:02:00+00:00,1950.395,1950.802,1949.760,1950.168,205.0
2024-01-14T01:03:00+00:00,1950.168,1950.972,1949.807,1950.611,116.2
2024-01-14T01:04:00+00:00,1950.611,1951.337,1950.335,1951.061,92.2
2024-01-14T01:05:00+00:00,1951.061,1951.125,1950.797,1950.861,104.0
2024-01-14T01:06:00+00:00,1950.861,1951.441,1950.300,1950.880,152.6
2024-01-14T01:07:00+00:00,1950.880,1951.963,1950.506,1951.589,37.7
2024-01-14T01:08:00+00:00,1951.589,1952.085,1951.220,1951.716,133.4
2024-01-14T01:09:00+00:00,1951.716,1952.432,1951.553,1952.270,48.7
2024-01-14T01:10:00+00:00,1952.270,1952.408,1952.069,1952.208,146.8
2024-01-14T01:11:00+00:00,1952.208,1952.332,1951.560,1951.684,116.3
2024-01-14T01:12:00+00:00,1951.684,1951.824,1951.512,1951.652,152.4
2024-01-14T01:13:00+00:00,1951.652,1952.090,1951.220,1951.657,128.1
2024-01-14T01:14:00+00:00,1951.657,1952.668,1951.387,1952.398,124.1
2024-01-14T01:15:00+00:00,1952.398,1952.537,1951.840,1951.978,106.1
2024-01-14T01:16:00+00:00,1951.978,1952.494,1951.858,1952.373,118.5
2024-01-14T01:17:00+00:00,1952.373,1952.535,1952.306,1952.468,142.7
2024-01-14T01:18:00+00:00,1952.468,1952.701,1951.969,1952.201,111.7
2024-01-14T01:19:00+00:00,1952.201,1952.790,1951.899,1952.488,58.0
2024-01-14T01:20:00+00:00,1952.488,1952.673,1952.267,1952.451,131.1
2024-01-14T01:21:00+00:00,1952.451,1952.885,1951.879,1952.313,130.0
2024-01-14T01:22:00+00:00,1952.313,1952.426,1951.966,1952.079,168.0
2024-01-14T01:23:00+00:00,1952.079,1952.208,1951.669,1951.798,170.0
2024-01-14T01:24:00+00:00,1951.798,1952.282,1951.506,1951.990,88.6
2024-01-14T01:25:00+00:00,1951.990,1952.400,1951.586,1951.995,141.9
2024-01-14T01:26:00+00:00,1951.995,1952.347,1950.948,1951.299,145.0
2024-01-14T01:27:00+00:00,1951.299,1951.530,1951.067,1951.297,91.4
2024-01-14T01:28:00+00:00,1951.297,1952.154,1950.903,1951.760,143.8
2024-01-14T01:29:00+00:00,1951.760,1952.386,1951.406,1952.032,115.6
2024-01-14T01:30:00+00:00,1952.032,1952.264,1951.731,1951.963,81.9
2024-01-14T01:31:00+00:00,1951.963,1952.317,1951.587,1951.941,93.4
2024-01-14T01:32:00+00:00,1951.941,1952.635,1951.753,1952.447,104.5
2024-01-14T01:33:00+00:00,1952.447,1952.894,1951.630,1952.077,105.6
2024-01-14T01:34:00+00:00,1952.077,1952.152,1951.672,1951.747,152.6
2024-01-14T01:35:00+00:00,1951.747,1952.252,1951.610,1952.116,60.6
2024-01-14T01:36:00+00:00,1952.116,1952.628,1952.042,1952.555,110.6
2024-01-14T01:37:00+00:00,1952.555,1953.015,1952.056,1952.516,167.4
2024-01-14T01:38:00+00:00,1952.516,1953.176,1951.946,1952.606,78.4
2024-01-14T01:39:00+00:00,1952.606,1953.040,1951.793,1952.227,159.4
2024-01-14T01:40:00+00:00,1952.227,1952.327,1951.832,1951.932,96.1
2024-01-14T01:41:00+00:00,1951.932,1952.155,1951.229,1951.453,128.8
2024-01-14T01:42:00+00:00,1951.453,1951.613,1951.050,1951.211,122.3
2024-01-14T01:43:00+00:00,1951.211,1951.277,1950.878,1950.944,86.0
2024-01-14T01:44:00+00:00,1950.944,1951.323,1949.955,1950.335,87.0
2024-01-14T01:45:00+00:00,1950.335,1950.960,1949.895,1950.520,81.3
2024-01-14T01:46:00+00:00,1950.520,1951.495,1950.362,1951.337,153.1
2024-01-14T01:47:00+00:00,1951.337,1951.488,1950.787,1950.938,112.5
2024-01-14T01:48:00+00:00,1950.938,1951.109,1950.527,1950.697,122.8
2024-01-14T01:49:00+00:00,1950.697,1951.133,1950.575,1951.011,128.6
2024-01-14T01:50:00+00:00,1951.011,1951.348,1950.293,1950.629,81.2
2024-01-14T01:51:00+00:00,1950.629,1950.866,1949.828,1950.064,100.2
2024-01-14T01:52:00+00:00,1950.064,1950.555,1948.913,1949.404,89.4
2024-01-14T01:53:00+00:00,1949.404,1949.844,1948.933,1949.372,98.4
2024-01-14T01:54:00+00:00,1949.372,1949.443,1948.892,1948.962,144.1
2024-01-14T01:55:00+00:00,1948.962,1949.580,1948.734,1949.352,99.5
2024-01-14T01:56:00+00:00,1949.352,1950.165,1948.737,1949.550,128.0
2024-01-14T01:57:00+00:00,1949.550,1950.309,1949.289,1950.048,189.1
2024-01-14T01:58:00+00:00,1950.048,1950.130,1949.721,1949.803,115.3
2024-01-14T01:59:00+00:00,1949.803,1950.349,1949.469,1950.015,118.5
2024-01-14T02:00:00+00:00,1950.015,1950.304,1949.866,1950.156,125.0
2024-01-14T02:01:00+00:00,1950.156,1950.257,1949.504,1949.604,146.1
2024-01-14T02:02:00+00:00,1949.604,1950.054,1948.877,1949.326,149.4
2024-01-14T02:03:00+00:00,1949.326,1949.927,1949.217,1949.818,151.2
2024-01-14T02:04:00+00:00,1949.818,1950.187,1948.889,1949.258,110.9
2024-01-14T02:05:00+00:00,1949.258,1949.937,1948.915,1949.593,129.0
2024-01-14T02:06:00+00:00,1949.593,1950.114,1948.757,1949.278,71.4
2024-01-14T02:07:00+00:00,1949.278,1949.586,1949.082,1949.390,143.0
2024-01-14T02:08:00+00:00,1949.390,1949.693,1949.144,1949.447,109.0
2024-01-14T02:09:00+00:00,1949.447,1949.561,1949.032,1949.145,132.4
2024-01-14T02:10:00+00:00,1949.145,1949.330,1948.595,1948.779,120.0
2024-01-14T02:11:00+00:00,1948.779,1949.164,1948.323,1948.708,148.3
2024-01-14T02:12:00+00:00,1948.708,1949.042,1947.660,1947.993,184.1
2024-01-14T02:13:00+00:00,1947.993,1948.559,1947.890,1948.456,92.9
2024-01-14T02:14:00+00:00,1948.456,1948.584,1947.944,1948.072,156.8
2024-01-14T02:15:00+00:00,1948.072,1948.284,1947.603,1947.815,135.6
2024-01-14T02:16:00+00:00,1947.815,1948.098,1947.206,1947.489,62.5
2024-01-14T02:17:00+00:00,1947.489,1947.677,1947.155,1947.343,170.4
2024-01-14T02:18:00+00:00,1947.343,1947.715,1946.725,1947.098,99.4
2024-01-14T02:19:00+00:00,1947.098,1947.254,1946.207,1946.363,80.7
2024-01-14T02:20:00+00:00,1946.363,1946.525,1946.269,1946.430,126.8
2024-01-14T02:21:00+00:00,1946.430,1946.587,1946.235,1946.392,147.1
2024-01-14T02:22:00+00:00,1946.392,1946.571,1945.740,1945.919,75.5
2024-01-14T02:23:00+00:00,1945.919,1946.266,1945.385,1945.731,157.6
2024-01-14T02:24:00+00:00,1945.731,1945.946,1945.568,1945.782,111.0
2024-01-14T02:25:00+00:00,1945.782,1945.994,1945.129,1945.341,94.0
2024-01-14T02:26:00+00:00,1945.341,1945.827,1944.973,1945.459,59.5
2024-01-14T02:27:00+00:00,1945.459,1946.270,1945.192,1946.003,159.9
2024-01-14T02:28:00+00:00,1946.003,1946.466,1945.142,1945.605,109.1
2024-01-14T02:29:00+00:00,1945.605,1945.681,1945.333,1945.409,83.8
2024-01-14T02:30:00+00:00,1945.409,1946.376,1945.197,1946.165,132.3
2024-01-14T02:31:00+00:00,1946.165,1946.701,1945.629,1946.166,142.4
2024-01-14T02:32:00+00:00,1946.166,1946.633,1945.401,1945.869,89.7
2024-01-14T02:33:00+00:00,1945.869,1946.263,1945.291,1945.686,167.0
2024-01-14T02:34:00+00:00,1945.686,1945.958,1944.996,1945.268,120.4
2024-01-14T02:35:00+00:00,1945.268,1945.509,1945.215,1945.456,102.7
2024-01-14T02:36:00+00:00,1945.456,1945.631,1944.726,1944.902,94.0
2024-01-14T02:37:00+00:00,1944.902,1945.125,1944.322,1944.545,185.2
2024-01-14T02:38:00+00:00,1944.545,1945.233,1944.353,1945.041,174.3
2024-01-14T02:39:00+00:00,1945.041,1945.261,1944.123,1944.344,127.3
2024-01-14T02:40:00+00:00,1944.344,1944.472,1944.047,1944.175,83.5
2024-01-14T02:41:00+00:00,1944.175,1944.635,1943.324,1943.784,85.5
2024-01-14T02:42:00+00:00,1943.784,1943.997,1943.055,1943.268,121.5
2024-01-14T02:43:00+00:00,1943.268,1943.385,1942.472,1942.590,117.6
2024-01-14T02:44:00+00:00,1942.590,1942.733,1942.174,1942.317,142.1
2024-01-14T02:45:00+00:00,1942.317,1942.375,1941.594,1941.651,111.1
2024-01-14T02:46:00+00:00,1941.651,1941.877,1941.478,1941.704,178.9
2024-01-14T02:47:00+00:00,1941.704,1941.959,1941.306,1941.561,79.3
2024-01-14T02:48:00+00:00,1941.561,1941.836,1940.717,1940.991,55.9
2024-01-14T02:49:00+00:00,1940.991,1941.281,1940.856,1941.146,91.8
2024-01-14T02:50:00+00:00,1941.146,1941.534,1940.699,1941.086,96.1
2024-01-14T02:51:00+00:00,1941.086,1941.471,1940.659,1941.043,169.4
2024-01-14T02:52:00+00:00,1941.043,1941.384,1940.919,1941.260,132.6
2024-01-14T02:53:00+00:00,1941.260,1941.518,1940.931,1941.190,86.8
2024-01-14T02:54:00+00:00,1941.190,1941.647,1940.721,1941.179,87.0
2024-01-14T02:55:00+00:00,1941.179,1941.440,1940.489,1940.750,92.2
2024-01-14T02:56:00+00:00,1940.750,1941.036,1940.210,1940.495,122.0
2024-01-14T02:57:00+00:00,1940.495,1941.334,1939.865,1940.705,154.8
2024-01-14T02:58:00+00:00,1940.705,1941.036,1940.376,1940.708,156.4
2024-01-14T02:59:00+00:00,1940.708,1941.156,1939.330,1939.778,120.1
2024-01-14T03:00:00+00:00,1939.778,1939.997,1939.170,1939.389,136.1
2024-01-14T03:01:00+00:00,1939.389,1939.635,1939.249,1939.495,67.7
2024-01-14T03:02:00+00:00,1939.495,1939.928,1939.354,1939.787,98.9
2024-01-14T03:03:00+00:00,1939.787,1940.222,1939.327,1939.762,122.8
2024-01-14T03:04:00+00:00,1939.762,1939.954,1938.831,1939.023,151.2
2024-01-14T03:05:00+00:00,1939.023,1939.516,1938.817,1939.310,126.7
2024-01-14T03:06:00+00:00,1939.310,1939.476,1938.845,1939.010,124.7
2024-01-14T03:07:00+00:00,1939.010,1939.264,1938.942,1939.196,115.8
2024-01-14T03:08:00+00:00,1939.196,1939.363,1938.967,1939.134,143.9
2024-01-14T03:09:00+00:00,1939.134,1939.281,1938.205,1938.352,148.0
2024-01-14T03:10:00+00:00,1938.352,1938.514,1937.833,1937.995,132.5
2024-01-14T03:11:00+00:00,1937.995,1938.304,1937.823,1938.132,106.9
2024-01-14T03:12:00+00:00,1938.132,1938.864,1937.775,1938.506,150.7
2024-01-14T03:13:00+00:00,1938.506,1938.613,1938.057,1938.163,148.1
2024-01-14T03:14:00+00:00,1938.163,1938.219,1937.915,1937.971,125.3
2024-01-14T03:15:00+00:00,1937.971,1938.029,1937.527,1937.585,55.3
2024-01-14T03:16:00+00:00,1937.585,1937.712,1937.150,1937.276,139.7
2024-01-14T03:17:00+00:00,1937.276,1937.665,1936.721,1937.110,112.7
2024-01-14T03:18:00+00:00,1937.110,1937.681,1937.044,1937.615,131.9
2024-01-14T03:19:00+00:00,1937.615,1937.698,1937.460,1937.543,94.2
2024-01-14T03:20:00+00:00,1937.543,1937.616,1937.395,1937.468,90.2
2024-01-14T03:21:00+00:00,1937.468,1937.810,1937.381,1937.723,164.0
2024-01-14T03:22:00+00:00,1937.723,1937.984,1937.417,1937.679,81.2
2024-01-14T03:23:00+00:00,1937.679,1937.884,1937.584,1937.789,110.5
2024-01-14T03:24:00+00:00,1937.789,1938.104,1937.016,1937.330,126.0
2024-01-14T03:25:00+00:00,1937.330,1937.937,1937.010,1937.617,92.7
2024-01-14T03:26:00+00:00,1937.617,1937.671,1936.853,1936.908,110.6
2024-01-14T03:27:00+00:00,1936.908,1937.018,1936.318,1936.428,106.4
2024-01-14T03:28:00+00:00,1936.428,1936.481,1936.016,1936.070,102.2
2024-01-14T03:29:00+00:00,1936.070,1936.417,1935.660,1936.008,142.0
2024-01-14T03:30:00+00:00,1936.008,1936.454,1935.631,1936.078,122.3
2024-01-14T03:31:00+00:00,1936.078,1936.129,1936.014,1936.065,70.3
2024-01-14T03:32:00+00:00,1936.065,1936.432,1935.649,1936.016,166.5
2024-01-14T03:33:00+00:00,1936.016,1936.306,1935.771,1936.061,147.8
2024-01-14T03:34:00+00:00,1936.061,1936.332,1935.751,1936.022,152.1
2024-01-14T03:35:00+00:00,1936.022,1936.416,1935.814,1936.208,158.2
2024-01-14T03:36:00+00:00,1936.208,1936.517,1935.348,1935.656,110.3
2024-01-14T03:37:00+00:00,1935.656,1935.948,1935.347,1935.639,103.2
2024-01-14T03:38:00+00:00,1935.639,1936.408,1935.004,1935.773,139.6
2024-01-14T03:39:00+00:00,1935.773,1936.084,1934.917,1935.227,132.0
2024-01-14T03:40:00+00:00,1935.227,1935.487,1935.028,1935.288,89.8
2024-01-14T03:41:00+00:00,1935.288,1935.806,1934.380,1934.899,148.0
2024-01-14T03:42:00+00:00,1934.899,1934.960,1934.420,1934.482,83.1
2024-01-14T03:43:00+00:00,1934.482,1934.583,1934.104,1934.205,175.2
2024-01-14T03:44:00+00:00,1934.205,1934.642,1933.178,1933.615,147.1
2024-01-14T03:45:00+00:00,1933.615,1933.893,1932.828,1933.105,157.6
2024-01-14T03:46:00+00:00,1933.105,1934.021,1932.849,1933.765,127.7
2024-01-14T03:47:00+00:00,1933.765,1934.138,1933.545,1933.917,101.8
2024-01-14T03:48:00+00:00,1933.917,1934.025,1933.432,1933.540,106.1
2024-01-14T03:49:00+00:00,1933.540,1933.710,1933.368,1933.539,154.6
2024-01-14T03:50:00+00:00,1933.539,1933.810,1932.796,1933.067,126.2
2024-01-14T03:51:00+00:00,1933.067,1933.508,1932.994,1933.435,172.3
2024-01-14T03:52:00+00:00,1933.435,1933.924,1932.756,1933.245,91.1
2024-01-14T03:53:00+00:00,1933.245,1933.548,1933.118,1933.422,113.6
2024-01-14T03:54:00+00:00,1933.422,1933.552,1933.347,1933.477,130.6
2024-01-14T03:55:00+00:00,1933.477,1933.942,1933.089,1933.555,119.8
2024-01-14T03:56:00+00:00,1933.555,1934.046,1933.257,1933.748,134.1
2024-01-14T03:57:00+00:00,1933.748,1934.188,1933.458,1933.898,121.2
2024-01-14T03:58:00+00:00,1933.898,1934.091,1933.344,1933.538,103.1
2024-01-14T03:59:00+00:00,1933.538,1934.192,1933.201,1933.855,133.9
2024-01-14T04:00:00+00:00,1933.855,1934.179,1933.300,1933.623,83.3
2024-01-14T04:01:00+00:00,1933.623,1934.158,1933.481,1934.015,124.3
2024-01-14T04:02:00+00:00,1934.015,1934.301,1933.327,1933.613,136.8
2024-01-14T04:03:00+00:00,1933.613,1934.189,1933.457,1934.033,185.8
2024-01-14T04:04:00+00:00,1934.033,1934.116,1933.052,1933.135,132.4
2024-01-14T04:05:00+00:00,1933.135,1933.579,1932.917,1933.360,126.6
2024-01-14T04:06:00+00:00,1933.360,1933.564,1932.921,1933.125,125.1
2024-01-14T04:07:00+00:00,1933.125,1933.399,1932.531,1932.805,71.1
2024-01-14T04:08:00+00:00,1932.805,1933.004,1932.439,1932.638,59.0
2024-01-14T04:09:00+00:00,1932.638,1933.117,1931.722,1932.201,151.1
2024-01-14T04:10:00+00:00,1932.201,1932.257,1931.727,1931.783,128.2
2024-01-14T04:11:00+00:00,1931.783,1932.831,1931.704,1932.752,141.0
2024-01-14T04:12:00+00:00,1932.752,1932.987,1932.576,1932.812,117.8
2024-01-14T04:13:00+00:00,1932.812,1932.930,1932.617,1932.736,119.8
2024-01-14T04:14:00+00:00,1932.736,1933.015,1932.174,1932.454,125.1
2024-01-14T04:15:00+00:00,1932.454,1933.107,1932.000,1932.654,185.9
2024-01-14T04:16:00+00:00,1932.654,1932.706,1932.470,1932.522,130.0
2024-01-14T04:17:00+00:00,1932.522,1932.864,1932.351,1932.692,106.0
2024-01-14T04:18:00+00:00,1932.692,1933.720,1932.641,1933.669,70.8
2024-01-14T04:19:00+00:00,1933.669,1933.843,1933.258,1933.431,120.8
2024-01-14T04:20:00+00:00,1933.431,1933.655,1932.829,1933.053,189.2
2024-01-14T04:21:00+00:00,1933.053,1933.383,1932.251,1932.582,124.8
2024-01-14T04:22:00+00:00,1932.582,1933.131,1932.469,1933.018,147.5
2024-01-14T04:23:00+00:00,1933.018,1933.151,1932.784,1932.918,153.7
2024-01-14T04:24:00+00:00,1932.918,1933.381,1932.065,1932.528,137.3
2024-01-14T04:25:00+00:00,1932.528,1932.771,1932.347,1932.590,133.0
2024-01-14T04:26:00+00:00,1932.590,1932.878,1932.274,1932.563,111.4
2024-01-14T04:27:00+00:00,1932.563,1933.127,1932.264,1932.828,192.8
2024-01-14T04:28:00+00:00,1932.828,1933.153,1932.406,1932.731,158.3
2024-01-14T04:29:00+00:00,1932.731,1932.897,1932.595,1932.760,173.0
2024-01-14T04:30:00+00:00,1932.760,1932.824,1932.679,1932.744,178.4
2024-01-14T04:31:00+00:00,1932.744,1932.969,1932.540,1932.766,115.9
2024-01-14T04:32:00+00:00,1932.766,1933.342,1932.387,1932.963,101.6
2024-01-14T04:33:00+00:00,1932.963,1933.094,1932.584,1932.715,136.7
2024-01-14T04:34:00+00:00,1932.715,1932.870,1932.459,1932.614,75.7
2024-01-14T04:35:00+00:00,1932.614,1932.959,1932.525,1932.871,73.9
2024-01-14T04:36:00+00:00,1932.871,1933.234,1932.805,1933.168,85.4
2024-01-14T04:37:00+00:00,1933.168,1933.767,1932.830,1933.429,140.2
2024-01-14T04:38:00+00:00,1933.429,1934.459,1933.281,1934.311,90.8
2024-01-14T04:39:00+00:00,1934.311,1934.561,1934.179,1934.428,152.4
2024-01-14T04:40:00+00:00,1934.428,1934.725,1934.077,1934.374,93.4
2024-01-14T04:41:00+00:00,1934.374,1934.851,1934.322,1934.800,118.6
2024-01-14T04:42:00+00:00,1934.800,1935.371,1934.554,1935.126,139.8
2024-01-14T04:43:00+00:00,1935.126,1935.186,1934.517,1934.578,105.1
2024-01-14T04:44:00+00:00,1934.578,1935.117,1934.313,1934.852,120.4
2024-01-14T04:45:00+00:00,1934.852,1935.336,1934.381,1934.865,104.4
2024-01-14T04:46:00+00:00,1934.865,1935.687,1934.212,1935.033,171.7
2024-01-14T04:47:00+00:00,1935.033,1935.691,1934.964,1935.622,94.4
2024-01-14T04:48:00+00:00,1935.622,1935.740,1935.070,1935.188,83.6
2024-01-14T04:49:00+00:00,1935.188,1935.747,1935.036,1935.595,70.4
2024-01-14T04:50:00+00:00,1935.595,1936.071,1934.727,1935.203,144.1
2024-01-14T04:51:00+00:00,1935.203,1935.591,1934.939,1935.328,97.1
2024-01-14T04:52:00+00:00,1935.328,1936.094,1935.044,1935.810,135.2
2024-01-14T04:53:00+00:00,1935.810,1936.025,1935.129,1935.345,171.2
2024-01-14T04:54:00+00:00,1935.345,1935.846,1934.609,1935.111,85.1
2024-01-14T04:55:00+00:00,1935.111,1935.524,1934.630,1935.043,129.7
2024-01-14T04:56:00+00:00,1935.043,1935.227,1934.744,1934.929,105.7
2024-01-14T04:57:00+00:00,1934.929,1935.156,1934.723,1934.950,170.7
2024-01-14T04:58:00+00:00,1934.950,1935.701,1934.834,1935.585,94.1
2024-01-14T04:59:00+00:00,1935.585,1935.762,1934.720,1934.897,84.0
2024-01-14T05:00:00+00:00,1934.897,1935.142,1934.719,1934.964,154.7
2024-01-14T05:01:00+00:00,1934.964,1935.183,1934.216,1934.436,194.3
2024-01-14T05:02:00+00:00,1934.436,1934.859,1933.679,1934.103,122.4
2024-01-14T05:03:00+00:00,1934.103,1934.311,1933.568,1933.776,133.8
2024-01-14T05:04:00+00:00,1933.776,1934.333,1933.452,1934.008,81.3
2024-01-14T05:05:00+00:00,1934.008,1934.558,1933.912,1934.462,133.1
2024-01-14T05:06:00+00:00,1934.462,1934.966,1934.340,1934.843,181.6
2024-01-14T05:07:00+00:00,1934.843,1935.130,1934.446,1934.732,77.4
2024-01-14T05:08:00+00:00,1934.732,1935.437,1934.612,1935.317,102.4
2024-01-14T05:09:00+00:00,1935.317,1935.739,1934.746,1935.167,129.4
2024-01-14T05:10:00+00:00,1935.167,1935.705,1934.993,1935.531,161.8
2024-01-14T05:11:00+00:00,1935.531,1936.262,1934.875,1935.606,137.2
2024-01-14T05:12:00+00:00,1935.606,1935.738,1935.475,1935.607,194.6
2024-01-14T05:13:00+00:00,1935.607,1935.902,1935.353,1935.648,73.6
2024-01-14T05:14:00+00:00,1935.648,1935.760,1934.894,1935.005,116.1
2024-01-14T05:15:00+00:00,1935.005,1935.075,1934.273,1934.343,132.3
2024-01-14T05:16:00+00:00,1934.343,1934.451,1933.761,1933.870,151.2
2024-01-14T05:17:00+00:00,1933.870,1933.930,1933.563,1933.623,127.0
2024-01-14T05:18:00+00:00,1933.623,1934.595,1933.038,1934.010,163.6
2024-01-14T05:19:00+00:00,1934.010,1934.327,1933.695,1934.012,106.1
2024-01-14T05:20:00+00:00,1934.012,1934.634,1933.704,1934.326,95.6
2024-01-14T05:21:00+00:00,1934.326,1934.716,1934.115,1934.505,127.3
2024-01-14T05:22:00+00:00,1934.505,1935.186,1934.303,1934.984,119.5
2024-01-14T05:23:00+00:00,1934.984,1935.097,1934.852,1934.965,123.8
2024-01-14T05:24:00+00:00,1934.965,1935.149,1934.528,1934.711,105.7
2024-01-14T05:25:00+00:00,1934.711,1935.079,1934.214,1934.581,97.7
2024-01-14T05:26:00+00:00,1934.581,1935.106,1934.028,1934.553,111.1
2024-01-14T05:27:00+00:00,1934.553,1934.937,1934.202,1934.586,101.7
2024-01-14T05:28:00+00:00,1934.586,1934.956,1934.212,1934.583,100.2
2024-01-14T05:29:00+00:00,1934.583,1934.680,1934.437,1934.535,132.7
2024-01-14T05:30:00+00:00,1934.535,1934.920,1933.820,1934.205,150.0
2024-01-14T05:31:00+00:00,1934.205,1934.478,1934.067,1934.340,112.2
2024-01-14T05:32:00+00:00,1934.340,1935.620,1933.840,1935.119,122.1
2024-01-14T05:33:00+00:00,1935.119,1935.439,1934.602,1934.921,116.8
2024-01-14T05:34:00+00:00,1934.921,1935.665,1934.387,1935.130,102.9
2024-01-14T05:35:00+00:00,1935.130,1935.993,1934.420,1935.283,109.2
2024-01-14T05:36:00+00:00,1935.283,1935.671,1934.891,1935.279,113.5
2024-01-14T05:37:00+00:00,1935.279,1935.500,1935.031,1935.252,135.5
2024-01-14T05:38:00+00:00,1935.252,1935.702,1934.814,1935.264,154.4
2024-01-14T05:39:00+00:00,1935.264,1935.634,1935.163,1935.533,102.8
2024-01-14T05:40:00+00:00,1935.533,1935.600,1934.999,1935.067,102.8
2024-01-14T05:41:00+00:00,1935.067,1935.234,1934.751,1934.919,84.1
2024-01-14T05:42:00+00:00,1934.919,1935.230,1934.833,1935.144,123.5
2024-01-14T05:43:00+00:00,1935.144,1935.497,1934.963,1935.316,93.2
2024-01-14T05:44:00+00:00,1935.316,1935.465,1934.644,1934.793,142.9
2024-01-14T05:45:00+00:00,1934.793,1935.550,1934.448,1935.204,149.5
2024-01-14T05:46:00+00:00,1935.204,1935.494,1935.037,1935.328,106.0
2024-01-14T05:47:00+00:00,1935.328,1935.419,1935.124,1935.215,89.1
2024-01-14T05:48:00+00:00,1935.215,1935.587,1934.955,1935.326,104.9
2024-01-14T05:49:00+00:00,1935.326,1935.468,1934.555,1934.697,163.9
2024-01-14T05:50:00+00:00,1934.697,1934.988,1934.023,1934.314,99.5
2024-01-14T05:51:00+00:00,1934.314,1934.385,1934.210,1934.282,123.8
2024-01-14T05:52:00+00:00,1934.282,1934.645,1934.156,1934.519,91.6
2024-01-14T05:53:00+00:00,1934.519,1934.900,1933.500,1933.881,153.2
2024-01-14T05:54:00+00:00,1933.881,1934.341,1933.464,1933.924,90.4
2024-01-14T05:55:00+00:00,1933.924,1934.018,1933.562,1933.655,107.7
2024-01-14T05:56:00+00:00,1933.655,1933.956,1932.910,1933.211,114.2
2024-01-14T05:57:00+00:00,1933.211,1933.305,1932.950,1933.044,125.3
2024-01-14T05:58:00+00:00,1933.044,1933.096,1932.884,1932.936,156.2
2024-01-14T05:59:00+00:00,1932.936,1933.048,1932.558,1932.670,109.6
2024-01-14T06:00:00+00:00,1932.670,1932.795,1932.359,1932.484,88.5
2024-01-14T06:01:00+00:00,1932.484,1933.125,1932.111,1932.752,48.9
2024-01-14T06:02:00+00:00,1932.752,1933.173,1931.968,1932.388,152.7
2024-01-14T06:03:00+00:00,1932.388,1932.442,1931.645,1931.698,171.8
2024-01-14T06:04:00+00:00,1931.698,1932.293,1931.520,1932.114,139.6
2024-01-14T06:05:00+00:00,1932.114,1932.362,1931.712,1931.960,152.7
2024-01-14T06:06:00+00:00,1931.960,1932.313,1931.302,1931.654,130.1
2024-01-14T06:07:00+00:00,1931.654,1931.940,1931.452,1931.738,127.6
2024-01-14T06:08:00+00:00,1931.738,1931.836,1931.378,1931.476,82.6
2024-01-14T06:09:00+00:00,1931.476,1932.203,1931.331,1932.058,53.4
2024-01-14T06:10:00+00:00,1932.058,1932.456,1931.904,1932.303,138.8
2024-01-14T06:11:00+00:00,1932.303,1932.786,1932.207,1932.689,102.3
2024-01-14T06:12:00+00:00,1932.689,1932.812,1932.451,1932.574,131.4
2024-01-14T06:13:00+00:00,1932.574,1932.995,1931.875,1932.296,135.5
2024-01-14T06:14:00+00:00,1932.296,1932.771,1932.162,1932.637,88.3
2024-01-14T06:15:00+00:00,1932.637,1933.634,1932.253,1933.250,139.1
2024-01-14T06:16:00+00:00,1933.250,1933.359,1932.883,1932.991,159.1
2024-01-14T06:17:00+00:00,1932.991,1933.412,1931.870,1932.292,187.2
2024-01-14T06:18:00+00:00,1932.292,1932.507,1931.573,1931.788,102.2
2024-01-14T06:19:00+00:00,1931.788,1932.310,1931.382,1931.904,130.6
2024-01-14T06:20:00+00:00,1931.904,1932.030,1931.390,1931.516,63.7
2024-01-14T06:21:00+00:00,1931.516,1931.897,1931.276,1931.658,173.4
2024-01-14T06:22:00+00:00,1931.658,1931.709,1931.257,1931.308,79.1
2024-01-14T06:23:00+00:00,1931.308,1931.973,1931.014,1931.679,111.8
2024-01-14T06:24:00+00:00,1931.679,1932.009,1931.351,1931.680,94.4
2024-01-14T06:25:00+00:00,1931.680,1931.972,1931.191,1931.483,141.5
2024-01-14T06:26:00+00:00,1931.483,1931.573,1930.833,1930.923,113.8
2024-01-14T06:27:00+00:00,1930.923,1931.285,1930.868,1931.230,131.6
2024-01-14T06:28:00+00:00,1931.230,1931.567,1930.947,1931.284,170.5
2024-01-14T06:29:00+00:00,1931.284,1931.782,1931.233,1931.732,136.1
2024-01-14T06:30:00+00:00,1931.732,1932.193,1930.737,1931.198,105.9
2024-01-14T06:31:00+00:00,1931.198,1931.292,1931.131,1931.225,92.3
2024-01-14T06:32:00+00:00,1931.225,1931.761,1930.726,1931.263,148.1
2024-01-14T06:33:00+00:00,1931.263,1931.481,1931.034,1931.252,69.6
2024-01-14T06:34:00+00:00,1931.252,1931.794,1930.656,1931.198,102.5
2024-01-14T06:35:00+00:00,1931.198,1931.813,1930.962,1931.577,118.9
2024-01-14T06:36:00+00:00,1931.577,1931.643,1931.246,1931.312,91.4
2024-01-14T06:37:00+00:00,1931.312,1932.778,1930.955,1932.421,151.3
2024-01-14T06:38:00+00:00,1932.421,1932.742,1931.928,1932.249,108.9
2024-01-14T06:39:00+00:00,1932.249,1932.454,1931.973,1932.177,90.8
2024-01-14T06:40:00+00:00,1932.177,1932.333,1931.980,1932.136,119.1
2024-01-14T06:41:00+00:00,1932.136,1932.558,1931.909,1932.331,177.3
2024-01-14T06:42:00+00:00,1932.331,1932.623,1932.104,1932.396,111.2
2024-01-14T06:43:00+00:00,1932.396,1932.722,1932.304,1932.630,115.0
2024-01-14T06:44:00+00:00,1932.630,1933.237,1931.587,1932.194,95.2
2024-01-14T06:45:00+00:00,1932.194,1932.896,1932.022,1932.724,142.5
2024-01-14T06:46:00+00:00,1932.724,1932.912,1932.416,1932.605,115.5
2024-01-14T06:47:00+00:00,1932.605,1932.939,1932.277,1932.611,77.6
2024-01-14T06:48:00+00:00,1932.611,1933.025,1932.429,1932.843,111.4
2024-01-14T06:49:00+00:00,1932.843,1933.427,1932.222,1932.807,199.3
2024-01-14T06:50:00+00:00,1932.807,1933.265,1932.308,1932.767,134.0
2024-01-14T06:51:00+00:00,1932.767,1932.991,1932.302,1932.526,77.2
2024-01-14T06:52:00+00:00,1932.526,1932.832,1932.346,1932.652,47.4
2024-01-14T06:53:00+00:00,1932.652,1932.878,1932.179,1932.405,105.5
2024-01-14T06:54:00+00:00,1932.405,1932.526,1932.345,1932.466,123.3
2024-01-14T06:55:00+00:00,1932.466,1932.927,1932.347,1932.807,55.2
2024-01-14T06:56:00+00:00,1932.807,1933.185,1932.271,1932.648,56.9
2024-01-14T06:57:00+00:00,1932.648,1932.852,1932.577,1932.781,162.2
2024-01-14T06:58:00+00:00,1932.781,1933.193,1931.974,1932.387,130.1
2024-01-14T06:59:00+00:00,1932.387,1932.666,1931.483,1931.763,146.3
2024-01-14T07:00:00+00:00,1931.763,1932.127,1931.435,1931.800,167.2
2024-01-14T07:01:00+00:00,1931.800,1932.313,1931.641,1932.154,158.6
2024-01-14T07:02:00+00:00,1932.154,1932.599,1931.485,1931.931,106.1
2024-01-14T07:03:00+00:00,1931.931,1932.121,1931.648,1931.838,180.3
2024-01-14T07:04:00+00:00,1931.838,1932.304,1930.696,1931.162,82.0
2024-01-14T07:05:00+00:00,1931.162,1931.819,1930.700,1931.357,144.9
2024-01-14T07:06:00+00:00,1931.357,1932.077,1931.092,1931.813,136.5
2024-01-14T07:07:00+00:00,1931.813,1932.621,1931.075,1931.884,104.8
2024-01-14T07:08:00+00:00,1931.884,1932.228,1931.626,1931.970,125.2
2024-01-14T07:09:00+00:00,1931.970,1932.221,1931.290,1931.541,116.5
2024-01-14T07:10:00+00:00,1931.541,1932.074,1930.805,1931.337,68.4
2024-01-14T07:11:00+00:00,1931.337,1931.643,1931.269,1931.575,134.4
2024-01-14T07:12:00+00:00,1931.575,1931.752,1930.834,1931.011,142.9
2024-01-14T07:13:00+00:00,1931.011,1931.249,1930.071,1930.309,71.5
2024-01-14T07:14:00+00:00,1930.309,1930.809,1930.110,1930.610,130.1
2024-01-14T07:15:00+00:00,1930.610,1930.843,1929.816,1930.049,139.2
2024-01-14T07:16:00+00:00,1930.049,1930.854,1929.614,1930.419,140.4
2024-01-14T07:17:00+00:00,1930.419,1930.496,1930.300,1930.378,117.4
2024-01-14T07:18:00+00:00,1930.378,1930.438,1929.993,1930.054,100.4
2024-01-14T07:19:00+00:00,1930.054,1930.207,1929.605,1929.758,141.3
2024-01-14T07:20:00+00:00,1929.758,1930.164,1929.551,1929.957,139.0
2024-01-14T07:21:00+00:00,1929.957,1930.087,1929.662,1929.792,115.2
2024-01-14T07:22:00+00:00,1929.792,1930.221,1928.772,1929.202,128.8
2024-01-14T07:23:00+00:00,1929.202,1930.243,1928.812,1929.853,122.0
2024-01-14T07:24:00+00:00,1929.853,1929.982,1929.690,1929.818,166.4
2024-01-14T07:25:00+00:00,1929.818,1930.017,1929.078,1929.277,90.9
2024-01-14T07:26:00+00:00,1929.277,1929.580,1928.863,1929.166,115.5
2024-01-14T07:27:00+00:00,1929.166,1929.530,1928.854,1929.218,147.2
2024-01-14T07:28:00+00:00,1929.218,1929.302,1929.025,1929.109,94.3
2024-01-14T07:29:00+00:00,1929.109,1929.933,1928.635,1929.459,118.4
2024-01-14T07:30:00+00:00,1929.459,1929.999,1928.974,1929.514,177.4
2024-01-14T07:31:00+00:00,1929.514,1929.694,1929.291,1929.472,118.3
2024-01-14T07:32:00+00:00,1929.472,1929.764,1928.464,1928.757,94.3
2024-01-14T07:33:00+00:00,1928.757,1929.355,1928.005,1928.603,139.8
2024-01-14T07:34:00+00:00,1928.603,1928.910,1928.250,1928.556,143.0
2024-01-14T07:35:00+00:00,1928.556,1928.988,1927.866,1928.299,126.2
2024-01-14T07:36:00+00:00,1928.299,1928.498,1928.245,1928.444,92.9
2024-01-14T07:37:00+00:00,1928.444,1928.601,1928.308,1928.465,56.9
2024-01-14T07:38:00+00:00,1928.465,1929.112,1928.333,1928.980,136.8
2024-01-14T07:39:00+00:00,1928.980,1929.368,1928.386,1928.773,126.7
2024-01-14T07:40:00+00:00,1928.773,1929.355,1928.677,1929.259,75.2
2024-01-14T07:41:00+00:00,1929.259,1929.602,1929.058,1929.401,124.8
2024-01-14T07:42:00+00:00,1929.401,1929.678,1929.090,1929.367,116.1
2024-01-14T07:43:00+00:00,1929.367,1930.127,1929.205,1929.964,60.1
2024-01-14T07:44:00+00:00,1929.964,1930.202,1929.785,1930.022,181.1
2024-01-14T07:45:00+00:00,1930.022,1930.123,1929.428,1929.528,134.2
2024-01-14T07:46:00+00:00,1929.528,1929.670,1928.959,1929.100,83.2
2024-01-14T07:47:00+00:00,1929.100,1930.204,1928.767,1929.871,87.9
2024-01-14T07:48:00+00:00,1929.871,1930.176,1929.512,1929.817,128.4
2024-01-14T07:49:00+00:00,1929.817,1930.217,1929.514,1929.914,133.1
2024-01-14T07:50:00+00:00,1929.914,1930.009,1929.856,1929.951,83.2
2024-01-14T07:51:00+00:00,1929.951,1930.320,1929.441,1929.810,120.9
2024-01-14T07:52:00+00:00,1929.810,1930.377,1929.568,1930.135,165.8
2024-01-14T07:53:00+00:00,1930.135,1930.283,1930.010,1930.158,155.6
2024-01-14T07:54:00+00:00,1930.158,1930.366,1929.447,1929.654,102.5
2024-01-14T07:55:00+00:00,1929.654,1929.882,1929.322,1929.550,153.7
2024-01-14T07:56:00+00:00,1929.550,1929.737,1928.924,1929.112,137.2
2024-01-14T07:57:00+00:00,1929.112,1929.337,1928.261,1928.486,123.4
2024-01-14T07:58:00+00:00,1928.486,1929.088,1927.595,1928.197,177.1
2024-01-14T07:59:00+00:00,1928.197,1928.816,1927.876,1928.496,119.9
2024-01-14T08:00:00+00:00,1928.496,1928.563,1928.083,1928.149,98.1
2024-01-14T08:01:00+00:00,1928.149,1928.200,1927.895,1927.945,139.5
2024-01-14T08:02:00+00:00,1927.945,1928.374,1927.226,1927.656,106.3
2024-01-14T08:03:00+00:00,1927.656,1927.919,1927.430,1927.694,70.8
2024-01-14T08:04:00+00:00,1927.694,1928.240,1927.431,1927.977,117.9
2024-01-14T08:05:00+00:00,1927.977,1928.110,1927.803,1927.936,99.9
2024-01-14T08:06:00+00:00,1927.936,1928.405,1926.946,1927.416,137.8
2024-01-14T08:07:00+00:00,1927.416,1927.872,1927.211,1927.667,114.4
2024-01-14T08:08:00+00:00,1927.667,1927.776,1927.027,1927.136,128.7
2024-01-14T08:09:00+00:00,1927.136,1927.435,1926.605,1926.904,139.3
2024-01-14T08:10:00+00:00,1926.904,1927.306,1926.730,1927.132,102.7
2024-01-14T08:11:00+00:00,1927.132,1927.277,1926.974,1927.119,55.7
2024-01-14T08:12:00+00:00,1927.119,1927.813,1926.686,1927.380,129.2
2024-01-14T08:13:00+00:00,1927.380,1927.459,1927.030,1927.108,161.4
2024-01-14T08:14:00+00:00,1927.108,1927.428,1927.041,1927.360,183.7
2024-01-14T08:15:00+00:00,1927.360,1927.892,1927.207,1927.739,165.7
2024-01-14T08:16:00+00:00,1927.739,1927.902,1927.493,1927.657,95.3
2024-01-14T08:17:00+00:00,1927.657,1927.941,1927.103,1927.386,123.2
2024-01-14T08:18:00+00:00,1927.386,1927.769,1927.058,1927.440,105.2
2024-01-14T08:19:00+00:00,1927.440,1927.650,1927.142,1927.352,76.2
2024-01-14T08:20:00+00:00,1927.352,1927.611,1926.994,1927.253,131.9
2024-01-14T08:21:00+00:00,1927.253,1927.439,1926.874,1927.059,119.5
2024-01-14T08:22:00+00:00,1927.059,1927.454,1926.587,1926.981,72.0
2024-01-14T08:23:00+00:00,1926.981,1927.320,1926.364,1926.704,150.9
2024-01-14T08:24:00+00:00,1926.704,1927.107,1926.483,1926.886,126.8
2024-01-14T08:25:00+00:00,1926.886,1927.324,1926.677,1927.115,165.3
2024-01-14T08:26:00+00:00,1927.115,1927.180,1926.493,1926.558,159.6
2024-01-14T08:27:00+00:00,1926.558,1926.915,1926.261,1926.618,139.5
2024-01-14T08:28:00+00:00,1926.618,1927.494,1926.333,1927.209,153.2
2024-01-14T08:29:00+00:00,1927.209,1927.603,1926.331,1926.725,128.9
2024-01-14T08:30:00+00:00,1926.725,1926.960,1926.359,1926.594,123.2
2024-01-14T08:31:00+00:00,1926.594,1926.683,1926.273,1926.363,101.0
2024-01-14T08:32:00+00:00,1926.363,1926.493,1926.007,1926.138,134.3
2024-01-14T08:33:00+00:00,1926.138,1926.757,1925.978,1926.597,127.6
2024-01-14T08:34:00+00:00,1926.597,1926.850,1926.451,1926.703,136.4
2024-01-14T08:35:00+00:00,1926.703,1926.938,1925.772,1926.007,184.8
2024-01-14T08:36:00+00:00,1926.007,1926.782,1925.698,1926.473,144.1
2024-01-14T08:37:00+00:00,1926.473,1927.081,1926.018,1926.626,116.5
2024-01-14T08:38:00+00:00,1926.626,1927.019,1925.927,1926.320,146.5
2024-01-14T08:39:00+00:00,1926.320,1927.233,1926.017,1926.930,121.9
2024-01-14T08:40:00+00:00,1926.930,1928.100,1926.815,1927.985,126.9
2024-01-14T08:41:00+00:00,1927.985,1928.788,1927.619,1928.422,120.2
2024-01-14T08:42:00+00:00,1928.422,1928.550,1927.947,1928.074,133.9
2024-01-14T08:43:00+00:00,1928.074,1928.207,1927.523,1927.656,154.5
2024-01-14T08:44:00+00:00,1927.656,1927.789,1927.605,1927.738,93.9
2024-01-14T08:45:00+00:00,1927.738,1928.073,1927.376,1927.711,134.1
2024-01-14T08:46:00+00:00,1927.711,1928.699,1927.389,1928.377,100.2
2024-01-14T08:47:00+00:00,1928.377,1928.644,1928.220,1928.487,101.1
2024-01-14T08:48:00+00:00,1928.487,1928.679,1928.192,1928.384,137.8
2024-01-14T08:49:00+00:00,1928.384,1928.627,1927.990,1928.234,157.3
2024-01-14T08:50:00+00:00,1928.234,1928.719,1927.999,1928.484,48.6
2024-01-14T08:51:00+00:00,1928.484,1928.742,1928.151,1928.409,93.0
2024-01-14T08:52:00+00:00,1928.409,1928.965,1928.140,1928.696,134.5
2024-01-14T08:53:00+00:00,1928.696,1928.920,1928.223,1928.447,101.5
2024-01-14T08:54:00+00:00,1928.447,1929.298,1928.292,1929.143,115.0
2024-01-14T08:55:00+00:00,1929.143,1929.490,1929.058,1929.405,105.7
2024-01-14T08:56:00+00:00,1929.405,1929.527,1929.130,1929.253,73.8
2024-01-14T08:57:00+00:00,1929.253,1929.526,1928.955,1929.229,127.3
2024-01-14T08:58:00+00:00,1929.229,1929.764,1928.719,1929.254,114.4
2024-01-14T08:59:00+00:00,1929.254,1929.365,1928.924,1929.036,111.1
2024-01-14T09:00:00+00:00,1929.036,1929.769,1928.853,1929.586,92.0
2024-01-14T09:01:00+00:00,1929.586,1929.711,1929.534,1929.659,159.6
2024-01-14T09:02:00+00:00,1929.659,1930.090,1929.518,1929.948,153.0
2024-01-14T09:03:00+00:00,1929.948,1930.509,1929.743,1930.303,129.9
2024-01-14T09:04:00+00:00,1930.303,1930.576,1930.215,1930.488,119.5
2024-01-14T09:05:00+00:00,1930.488,1930.722,1930.079,1930.313,107.8
2024-01-14T09:06:00+00:00,1930.313,1930.692,1929.671,1930.050,119.0
2024-01-14T09:07:00+00:00,1930.050,1930.239,1929.732,1929.922,119.2
2024-01-14T09:08:00+00:00,1929.922,1930.193,1929.720,1929.991,165.0
2024-01-14T09:09:00+00:00,1929.991,1930.244,1929.605,1929.858,168.6
2024-01-14T09:10:00+00:00,1929.858,1930.367,1929.702,1930.211,128.5
2024-01-14T09:11:00+00:00,1930.211,1930.361,1930.107,1930.256,95.1
2024-01-14T09:12:00+00:00,1930.256,1930.558,1929.492,1929.793,97.7
2024-01-14T09:13:00+00:00,1929.793,1929.871,1929.233,1929.310,42.2
2024-01-14T09:14:00+00:00,1929.310,1929.586,1928.843,1929.118,106.9
2024-01-14T09:15:00+00:00,1929.118,1929.690,1928.399,1928.971,141.9
2024-01-14T09:16:00+00:00,1928.971,1929.383,1928.895,1929.307,120.4
2024-01-14T09:17:00+00:00,1929.307,1930.169,1929.138,1930.000,130.2
2024-01-14T09:18:00+00:00,1930.000,1930.389,1929.723,1930.112,137.3
2024-01-14T09:19:00+00:00,1930.112,1930.417,1929.906,1930.212,104.0
2024-01-14T09:20:00+00:00,1930.212,1930.593,1930.082,1930.464,140.8
2024-01-14T09:21:00+00:00,1930.464,1931.124,1929.548,1930.208,79.0
2024-01-14T09:22:00+00:00,1930.208,1930.351,1929.956,1930.099,81.6
2024-01-14T09:23:00+00:00,1930.099,1930.413,1930.035,1930.349,93.1
2024-01-14T09:24:00+00:00,1930.349,1930.808,1930.283,1930.742,111.8
2024-01-14T09:25:00+00:00,1930.742,1930.854,1930.619,1930.731,139.7
2024-01-14T09:26:00+00:00,1930.731,1930.969,1929.825,1930.063,143.2
2024-01-14T09:27:00+00:00,1930.063,1930.919,1929.371,1930.228,126.2
2024-01-14T09:28:00+00:00,1930.228,1930.684,1930.022,1930.478,145.3
2024-01-14T09:29:00+00:00,1930.478,1930.896,1929.630,1930.048,89.6
2024-01-14T09:30:00+00:00,1930.048,1930.749,1929.889,1930.590,47.0
2024-01-14T09:31:00+00:00,1930.590,1931.425,1930.184,1931.020,145.5
2024-01-14T09:32:00+00:00,1931.020,1931.116,1930.490,1930.586,145.0
2024-01-14T09:33:00+00:00,1930.586,1931.304,1930.348,1931.066,167.3
2024-01-14T09:34:00+00:00,1931.066,1931.586,1930.966,1931.486,102.7
2024-01-14T09:35:00+00:00,1931.486,1931.569,1931.378,1931.461,80.9
2024-01-14T09:36:00+00:00,1931.461,1931.982,1931.205,1931.725,142.0
2024-01-14T09:37:00+00:00,1931.725,1932.715,1930.935,1931.925,129.8
2024-01-14T09:38:00+00:00,1931.925,1932.248,1931.591,1931.914,125.0
2024-01-14T09:39:00+00:00,1931.914,1932.598,1931.355,1932.038,184.1
2024-01-14T09:40:00+00:00,1932.038,1932.429,1931.415,1931.805,107.2
2024-01-14T09:41:00+00:00,1931.805,1932.661,1931.603,1932.459,197.7
2024-01-14T09:42:00+00:00,1932.459,1932.630,1932.129,1932.299,118.5
2024-01-14T09:43:00+00:00,1932.299,1932.597,1932.243,1932.541,165.6
2024-01-14T09:44:00+00:00,1932.541,1933.242,1932.323,1933.024,139.8
2024-01-14T09:45:00+00:00,1933.024,1933.327,1932.675,1932.977,92.8
2024-01-14T09:46:00+00:00,1932.977,1933.242,1932.742,1933.007,118.4
2024-01-14T09:47:00+00:00,1933.007,1933.379,1932.767,1933.139,55.6
2024-01-14T09:48:00+00:00,1933.139,1934.109,1932.565,1933.535,87.3
2024-01-14T09:49:00+00:00,1933.535,1933.824,1932.971,1933.260,140.9
2024-01-14T09:50:00+00:00,1933.260,1934.021,1932.935,1933.696,83.9
2024-01-14T09:51:00+00:00,1933.696,1933.783,1933.578,1933.665,155.3
2024-01-14T09:52:00+00:00,1933.665,1934.209,1933.009,1933.552,161.6
2024-01-14T09:53:00+00:00,1933.552,1933.716,1933.244,1933.408,100.7
2024-01-14T09:54:00+00:00,1933.408,1933.655,1932.897,1933.145,126.0
2024-01-14T09:55:00+00:00,1933.145,1933.431,1932.970,1933.257,96.1
2024-01-14T09:56:00+00:00,1933.257,1933.660,1932.567,1932.970,113.8
2024-01-14T09:57:00+00:00,1932.970,1933.322,1932.447,1932.799,103.3
2024-01-14T09:58:00+00:00,1932.799,1933.058,1931.841,1932.101,109.5
2024-01-14T09:59:00+00:00,1932.101,1932.825,1931.931,1932.655,114.5
2024-01-14T10:00:00+00:00,1932.655,1932.749,1932.281,1932.375,34.3
2024-01-14T10:01:00+00:00,1932.375,1932.903,1932.257,1932.786,102.7
2024-01-14T10:02:00+00:00,1932.786,1933.750,1932.573,1933.537,167.5
2024-01-14T10:03:00+00:00,1933.537,1934.036,1933.421,1933.921,120.7
2024-01-14T10:04:00+00:00,1933.921,1935.285,1933.232,1934.596,148.8
2024-01-14T10:05:00+00:00,1934.596,1934.930,1934.081,1934.415,128.5
2024-01-14T10:06:00+00:00,1934.415,1934.526,1933.912,1934.024,79.8
2024-01-14T10:07:00+00:00,1934.024,1934.462,1932.802,1933.241,105.5
2024-01-14T10:08:00+00:00,1933.241,1933.543,1932.302,1932.604,142.5
2024-01-14T10:09:00+00:00,1932.604,1933.643,1932.251,1933.290,178.3
2024-01-14T10:10:00+00:00,1933.290,1933.549,1932.981,1933.240,77.3
2024-01-14T10:11:00+00:00,1933.240,1934.080,1932.423,1933.263,91.5
2024-01-14T10:12:00+00:00,1933.263,1933.588,1932.994,1933.319,82.4
2024-01-14T10:13:00+00:00,1933.319,1934.153,1933.059,1933.894,135.2
2024-01-14T10:14:00+00:00,1933.894,1933.993,1933.729,1933.828,125.3
2024-01-14T10:15:00+00:00,1933.828,1934.688,1933.548,1934.408,110.8
2024-01-14T10:16:00+00:00,1934.408,1934.590,1933.828,1934.011,126.8
2024-01-14T10:17:00+00:00,1934.011,1934.431,1933.385,1933.806,157.8
2024-01-14T10:18:00+00:00,1933.806,1934.385,1933.580,1934.159,166.3
2024-01-14T10:19:00+00:00,1934.159,1935.017,1933.978,1934.836,100.8
2024-01-14T10:20:00+00:00,1934.836,1935.082,1934.428,1934.675,133.6
2024-01-14T10:21:00+00:00,1934.675,1934.949,1934.586,1934.861,100.5
2024-01-14T10:22:00+00:00,1934.861,1935.186,1934.526,1934.851,87.3
2024-01-14T10:23:00+00:00,1934.851,1935.097,1934.672,1934.918,101.0
2024-01-14T10:24:00+00:00,1934.918,1935.073,1934.702,1934.856,136.5
2024-01-14T10:25:00+00:00,1934.856,1935.511,1934.722,1935.376,146.9
2024-01-14T10:26:00+00:00,1935.376,1935.778,1935.264,1935.665,62.2
2024-01-14T10:27:00+00:00,1935.665,1935.886,1934.941,1935.161,96.8
2024-01-14T10:28:00+00:00,1935.161,1935.665,1934.974,1935.477,126.6
2024-01-14T10:29:00+00:00,1935.477,1936.130,1934.821,1935.474,111.6
2024-01-14T10:30:00+00:00,1935.474,1935.727,1934.996,1935.250,109.4
2024-01-14T10:31:00+00:00,1935.250,1935.731,1934.945,1935.426,120.5
2024-01-14T10:32:00+00:00,1935.426,1935.763,1935.222,1935.559,182.7
2024-01-14T10:33:00+00:00,1935.559,1936.310,1935.129,1935.880,168.9
2024-01-14T10:34:00+00:00,1935.880,1936.049,1935.383,1935.552,136.1
2024-01-14T10:35:00+00:00,1935.552,1936.040,1935.474,1935.962,116.9
2024-01-14T10:36:00+00:00,1935.962,1936.429,1935.569,1936.037,137.5
2024-01-14T10:37:00+00:00,1936.037,1936.437,1935.368,1935.768,89.2
2024-01-14T10:38:00+00:00,1935.768,1936.241,1935.008,1935.481,110.1
2024-01-14T10:39:00+00:00,1935.481,1935.990,1935.378,1935.887,152.2
2024-01-14T10:40:00+00:00,1935.887,1936.488,1935.791,1936.392,124.4
2024-01-14T10:41:00+00:00,1936.392,1936.738,1936.237,1936.583,83.5
2024-01-14T10:42:00+00:00,1936.583,1936.661,1936.348,1936.426,124.1
2024-01-14T10:43:00+00:00,1936.426,1936.696,1936.168,1936.438,137.4
2024-01-14T10:44:00+00:00,1936.438,1936.816,1936.135,1936.513,182.8
2024-01-14T10:45:00+00:00,1936.513,1936.595,1936.078,1936.160,140.3
2024-01-14T10:46:00+00:00,1936.160,1936.389,1935.837,1936.067,157.7
2024-01-14T10:47:00+00:00,1936.067,1936.696,1935.808,1936.438,138.0
2024-01-14T10:48:00+00:00,1936.438,1937.363,1936.088,1937.013,112.0
2024-01-14T10:49:00+00:00,1937.013,1937.313,1936.930,1937.230,99.4
2024-01-14T10:50:00+00:00,1937.230,1937.519,1936.939,1937.228,114.3
2024-01-14T10:51:00+00:00,1937.228,1937.858,1937.057,1937.686,139.3
2024-01-14T10:52:00+00:00,1937.686,1937.883,1937.234,1937.431,152.6
2024-01-14T10:53:00+00:00,1937.431,1938.020,1937.196,1937.786,84.0
2024-01-14T10:54:00+00:00,1937.786,1937.982,1937.272,1937.468,90.5
2024-01-14T10:55:00+00:00,1937.468,1938.621,1937.035,1938.188,132.4
2024-01-14T10:56:00+00:00,1938.188,1938.487,1937.811,1938.110,136.5
2024-01-14T10:57:00+00:00,1938.110,1938.559,1938.013,1938.461,91.8
2024-01-14T10:58:00+00:00,1938.461,1939.017,1938.198,1938.753,106.0
2024-01-14T10:59:00+00:00,1938.753,1938.820,1937.910,1937.977,101.3
2024-01-14T11:00:00+00:00,1937.977,1938.479,1937.558,1938.059,115.1
2024-01-14T11:01:00+00:00,1938.059,1938.914,1937.573,1938.428,55.1
2024-01-14T11:02:00+00:00,1938.428,1939.240,1938.050,1938.862,99.4
2024-01-14T11:03:00+00:00,1938.862,1939.046,1938.678,1938.862,138.0
2024-01-14T11:04:00+00:00,1938.862,1938.981,1938.588,1938.707,142.8
2024-01-14T11:05:00+00:00,1938.707,1939.367,1937.891,1938.551,120.9
2024-01-14T11:06:00+00:00,1938.551,1938.953,1937.977,1938.379,185.8
2024-01-14T11:07:00+00:00,1938.379,1938.748,1938.273,1938.642,121.6
2024-01-14T11:08:00+00:00,1938.642,1938.938,1937.447,1937.743,89.6
2024-01-14T11:09:00+00:00,1937.743,1938.736,1937.092,1938.085,155.8
2024-01-14T11:10:00+00:00,1938.085,1938.545,1937.734,1938.194,122.7
2024-01-14T11:11:00+00:00,1938.194,1938.627,1938.046,1938.479,184.8
2024-01-14T11:12:00+00:00,1938.479,1938.926,1937.840,1938.287,153.0
2024-01-14T11:13:00+00:00,1938.287,1938.790,1937.499,1938.002,124.3
2024-01-14T11:14:00+00:00,1938.002,1938.728,1937.799,1938.524,104.6
2024-01-14T11:15:00+00:00,1938.524,1938.803,1937.669,1937.948,126.7
2024-01-14T11:16:00+00:00,1937.948,1938.367,1937.618,1938.038,96.3
2024-01-14T11:17:00+00:00,1938.038,1938.287,1937.834,1938.084,72.7
2024-01-14T11:18:00+00:00,1938.084,1938.530,1937.954,1938.400,92.0
2024-01-14T11:19:00+00:00,1938.400,1938.784,1938.261,1938.646,68.1
2024-01-14T11:20:00+00:00,1938.646,1938.951,1938.466,1938.772,128.4
2024-01-14T11:21:00+00:00,1938.772,1939.186,1938.700,1939.114,107.0
2024-01-14T11:22:00+00:00,1939.114,1939.407,1939.009,1939.302,128.1
2024-01-14T11:23:00+00:00,1939.302,1939.908,1939.053,1939.659,114.2
2024-01-14T11:24:00+00:00,1939.659,1939.956,1939.462,1939.759,116.5
2024-01-14T11:25:00+00:00,1939.759,1940.200,1939.304,1939.744,173.3
2024-01-14T11:26:00+00:00,1939.744,1940.001,1939.310,1939.568,111.4
2024-01-14T11:27:00+00:00,1939.568,1940.049,1938.401,1938.882,141.8
2024-01-14T11:28:00+00:00,1938.882,1939.906,1938.613,1939.637,54.3
2024-01-14T11:29:00+00:00,1939.637,1939.929,1939.019,1939.312,118.6
2024-01-14T11:30:00+00:00,1939.312,1939.714,1939.155,1939.557,93.1
2024-01-14T11:31:00+00:00,1939.557,1939.752,1938.875,1939.070,119.7
2024-01-14T11:32:00+00:00,1939.070,1939.645,1938.912,1939.487,69.0
2024-01-14T11:33:00+00:00,1939.487,1939.655,1939.149,1939.316,127.4
2024-01-14T11:34:00+00:00,1939.316,1939.949,1938.227,1938.860,139.0
2024-01-14T11:35:00+00:00,1938.860,1939.014,1938.265,1938.419,152.4
2024-01-14T11:36:00+00:00,1938.419,1939.054,1938.154,1938.789,153.0
2024-01-14T11:37:00+00:00,1938.789,1938.993,1938.109,1938.313,136.9
2024-01-14T11:38:00+00:00,1938.313,1939.043,1938.156,1938.885,76.5
2024-01-14T11:39:00+00:00,1938.885,1939.336,1938.366,1938.817,133.8
2024-01-14T11:40:00+00:00,1938.817,1939.030,1938.093,1938.305,137.1
2024-01-14T11:41:00+00:00,1938.305,1938.931,1938.083,1938.708,168.9
2024-01-14T11:42:00+00:00,1938.708,1939.010,1938.522,1938.824,129.7
2024-01-14T11:43:00+00:00,1938.824,1939.292,1938.774,1939.242,148.9
2024-01-14T11:44:00+00:00,1939.242,1939.725,1939.064,1939.547,135.9
2024-01-14T11:45:00+00:00,1939.547,1939.698,1939.464,1939.615,117.9
2024-01-14T11:46:00+00:00,1939.615,1939.861,1939.495,1939.741,80.2
2024-01-14T11:47:00+00:00,1939.741,1939.804,1939.398,1939.460,96.1
2024-01-14T11:48:00+00:00,1939.460,1940.042,1938.353,1938.934,114.5
2024-01-14T11:49:00+00:00,1938.934,1939.202,1938.239,1938.507,127.5
2024-01-14T11:50:00+00:00,1938.507,1938.774,1938.440,1938.707,110.4
2024-01-14T11:51:00+00:00,1938.707,1939.313,1938.293,1938.900,131.4
2024-01-14T11:52:00+00:00,1938.900,1939.543,1938.634,1939.278,141.1
2024-01-14T11:53:00+00:00,1939.278,1939.712,1938.927,1939.361,145.2
2024-01-14T11:54:00+00:00,1939.361,1939.555,1938.500,1938.694,77.6
2024-01-14T11:55:00+00:00,1938.694,1939.209,1938.042,1938.557,99.4
2024-01-14T11:56:00+00:00,1938.557,1939.226,1938.238,1938.907,71.1
2024-01-14T11:57:00+00:00,1938.907,1939.014,1938.469,1938.576,100.5
2024-01-14T11:58:00+00:00,1938.576,1938.815,1937.554,1937.794,120.2
2024-01-14T11:59:00+00:00,1937.794,1938.166,1937.312,1937.685,71.4
2024-01-14T12:00:00+00:00,1937.685,1937.930,1937.215,1937.461,152.9
2024-01-14T12:01:00+00:00,1937.461,1938.391,1937.377,1938.307,100.2
2024-01-14T12:02:00+00:00,1938.307,1938.548,1937.720,1937.961,102.8
2024-01-14T12:03:00+00:00,1937.961,1938.355,1937.462,1937.857,117.7
2024-01-14T12:04:00+00:00,1937.857,1938.385,1937.580,1938.109,132.1
2024-01-14T12:05:00+00:00,1938.109,1938.285,1937.851,1938.028,90.8
2024-01-14T12:06:00+00:00,1938.028,1938.302,1937.542,1937.817,118.6
2024-01-14T12:07:00+00:00,1937.817,1938.199,1937.274,1937.656,114.6
2024-01-14T12:08:00+00:00,1937.656,1938.249,1937.417,1938.010,120.3
2024-01-14T12:09:00+00:00,1938.010,1938.379,1937.587,1937.956,89.2
2024-01-14T12:10:00+00:00,1937.956,1939.128,1937.674,1938.846,131.2
2024-01-14T12:11:00+00:00,1938.846,1939.511,1938.356,1939.021,75.9
2024-01-14T12:12:00+00:00,1939.021,1939.095,1938.679,1938.754,111.9
2024-01-14T12:13:00+00:00,1938.754,1939.191,1938.617,1939.054,93.4
2024-01-14T12:14:00+00:00,1939.054,1939.513,1938.205,1938.663,94.1
2024-01-14T12:15:00+00:00,1938.663,1938.929,1938.007,1938.272,105.4
2024-01-14T12:16:00+00:00,1938.272,1938.596,1938.184,1938.508,73.1
2024-01-14T12:17:00+00:00,1938.508,1939.553,1938.070,1939.116,121.4
2024-01-14T12:18:00+00:00,1939.116,1939.275,1938.395,1938.555,132.4
2024-01-14T12:19:00+00:00,1938.555,1938.854,1938.238,1938.537,171.8
2024-01-14T12:20:00+00:00,1938.537,1938.625,1938.420,1938.507,126.8
2024-01-14T12:21:00+00:00,1938.507,1938.714,1938.413,1938.621,167.7
2024-01-14T12:22:00+00:00,1938.621,1939.400,1938.254,1939.034,80.2
2024-01-14T12:23:00+00:00,1939.034,1939.415,1938.894,1939.275,68.4
2024-01-14T12:24:00+00:00,1939.275,1940.262,1938.849,1939.835,83.6
2024-01-14T12:25:00+00:00,1939.835,1940.182,1938.733,1939.080,131.2
2024-01-14T12:26:00+00:00,1939.080,1939.939,1938.780,1939.638,129.5
2024-01-14T12:27:00+00:00,1939.638,1940.147,1939.495,1940.004,118.4
2024-01-14T12:28:00+00:00,1940.004,1940.277,1939.717,1939.990,160.5
2024-01-14T12:29:00+00:00,1939.990,1940.090,1939.394,1939.493,123.9
2024-01-14T12:30:00+00:00,1939.493,1939.874,1938.589,1938.969,132.2
2024-01-14T12:31:00+00:00,1938.969,1939.056,1938.625,1938.712,106.7
2024-01-14T12:32:00+00:00,1938.712,1938.926,1938.537,1938.751,113.4
2024-01-14T12:33:00+00:00,1938.751,1939.546,1938.301,1939.096,89.9
2024-01-14T12:34:00+00:00,1939.096,1939.436,1938.940,1939.281,141.9
2024-01-14T12:35:00+00:00,1939.281,1940.048,1938.637,1939.404,151.8
2024-01-14T12:36:00+00:00,1939.404,1939.482,1939.103,1939.180,79.9
2024-01-14T12:37:00+00:00,1939.180,1939.565,1939.092,1939.476,84.8
2024-01-14T12:38:00+00:00,1939.476,1940.023,1939.164,1939.710,139.8
2024-01-14T12:39:00+00:00,1939.710,1939.945,1938.819,1939.054,138.3
2024-01-14T12:40:00+00:00,1939.054,1940.164,1938.819,1939.929,175.1
2024-01-14T12:41:00+00:00,1939.929,1940.556,1939.424,1940.051,62.1
2024-01-14T12:42:00+00:00,1940.051,1940.715,1939.852,1940.515,126.1
2024-01-14T12:43:00+00:00,1940.515,1941.119,1940.446,1941.049,124.7
2024-01-14T12:44:00+00:00,1941.049,1941.269,1940.982,1941.202,105.1
2024-01-14T12:45:00+00:00,1941.202,1941.405,1941.032,1941.235,159.4
2024-01-14T12:46:00+00:00,1941.235,1941.438,1941.081,1941.284,137.4
2024-01-14T12:47:00+00:00,1941.284,1941.582,1940.707,1941.005,123.4
2024-01-14T12:48:00+00:00,1941.005,1941.303,1940.629,1940.928,103.1
2024-01-14T12:49:00+00:00,1940.928,1941.261,1940.034,1940.367,135.1
2024-01-14T12:50:00+00:00,1940.367,1941.471,1939.733,1940.838,118.9
2024-01-14T12:51:00+00:00,1940.838,1941.205,1940.603,1940.971,146.7
2024-01-14T12:52:00+00:00,1940.971,1941.162,1940.811,1941.003,118.9
2024-01-14T12:53:00+00:00,1941.003,1941.169,1940.775,1940.942,121.3
2024-01-14T12:54:00+00:00,1940.942,1941.536,1940.863,1941.457,97.4
2024-01-14T12:55:00+00:00,1941.457,1941.725,1941.000,1941.268,163.8
2024-01-14T12:56:00+00:00,1941.268,1941.693,1941.107,1941.532,142.7
2024-01-14T12:57:00+00:00,1941.532,1941.691,1941.040,1941.200,135.4
2024-01-14T12:58:00+00:00,1941.200,1941.917,1940.654,1941.371,105.2
2024-01-14T12:59:00+00:00,1941.371,1942.183,1940.915,1941.726,92.2
2024-01-14T13:00:00+00:00,1941.726,1941.948,1941.501,1941.722,132.7
2024-01-14T13:01:00+00:00,1941.722,1942.328,1941.284,1941.890,158.0
2024-01-14T13:02:00+00:00,1941.890,1942.119,1941.364,1941.594,93.2
2024-01-14T13:03:00+00:00,1941.594,1941.835,1941.318,1941.559,126.2
2024-01-14T13:04:00+00:00,1941.559,1942.143,1941.352,1941.936,102.4
2024-01-14T13:05:00+00:00,1941.936,1942.115,1941.103,1941.281,83.1
2024-01-14T13:06:00+00:00,1941.281,1941.420,1940.720,1940.858,178.8
2024-01-14T13:07:00+00:00,1940.858,1941.104,1940.473,1940.720,140.1
2024-01-14T13:08:00+00:00,1940.720,1941.055,1940.446,1940.781,177.3
2024-01-14T13:09:00+00:00,1940.781,1941.382,1940.223,1940.823,128.9
2024-01-14T13:10:00+00:00,1940.823,1940.888,1940.770,1940.835,106.1
2024-01-14T13:11:00+00:00,1940.835,1941.041,1940.433,1940.639,96.0
2024-01-14T13:12:00+00:00,1940.639,1941.260,1940.314,1940.935,66.3
2024-01-14T13:13:00+00:00,1940.935,1941.267,1940.548,1940.880,97.4
2024-01-14T13:14:00+00:00,1940.880,1941.976,1940.521,1941.617,116.6
2024-01-14T13:15:00+00:00,1941.617,1942.212,1941.501,1942.096,118.7
2024-01-14T13:16:00+00:00,1942.096,1942.363,1942.032,1942.299,157.8
2024-01-14T13:17:00+00:00,1942.299,1942.610,1941.633,1941.944,71.7
2024-01-14T13:18:00+00:00,1941.944,1942.053,1941.773,1941.882,86.6
2024-01-14T13:19:00+00:00,1941.882,1942.549,1941.477,1942.144,90.1
2024-01-14T13:20:00+00:00,1942.144,1942.941,1941.937,1942.734,127.0
2024-01-14T13:21:00+00:00,1942.734,1942.795,1941.719,1941.780,121.8
2024-01-14T13:22:00+00:00,1941.780,1941.997,1941.556,1941.772,112.9
2024-01-14T13:23:00+00:00,1941.772,1942.063,1941.539,1941.830,114.7
2024-01-14T13:24:00+00:00,1941.830,1942.160,1941.538,1941.868,99.8
2024-01-14T13:25:00+00:00,1941.868,1942.012,1941.392,1941.536,101.9
2024-01-14T13:26:00+00:00,1941.536,1941.906,1941.118,1941.488,106.5
2024-01-14T13:27:00+00:00,1941.488,1942.536,1941.133,1942.181,120.6
2024-01-14T13:28:00+00:00,1942.181,1942.273,1942.101,1942.194,94.8
2024-01-14T13:29:00+00:00,1942.194,1942.619,1942.015,1942.440,110.8
2024-01-14T13:30:00+00:00,1942.440,1942.621,1942.141,1942.322,80.3
2024-01-14T13:31:00+00:00,1942.322,1942.615,1941.875,1942.168,67.8
2024-01-14T13:32:00+00:00,1942.168,1942.362,1941.671,1941.865,158.4
2024-01-14T13:33:00+00:00,1941.865,1942.055,1941.396,1941.586,137.3
2024-01-14T13:34:00+00:00,1941.586,1941.916,1941.363,1941.693,100.3
2024-01-14T13:35:00+00:00,1941.693,1942.619,1941.192,1942.118,77.3
2024-01-14T13:36:00+00:00,1942.118,1942.299,1941.986,1942.168,94.0
2024-01-14T13:37:00+00:00,1942.168,1942.505,1941.538,1941.875,124.9
2024-01-14T13:38:00+00:00,1941.875,1942.013,1941.362,1941.500,112.3
2024-01-14T13:39:00+00:00,1941.500,1942.240,1941.219,1941.959,91.9
2024-01-14T13:40:00+00:00,1941.959,1942.017,1941.696,1941.753,105.7
2024-01-14T13:41:00+00:00,1941.753,1942.109,1941.637,1941.993,173.1
2024-01-14T13:42:00+00:00,1941.993,1942.406,1941.267,1941.680,103.7
2024-01-14T13:43:00+00:00,1941.680,1941.863,1941.358,1941.540,100.6
2024-01-14T13:44:00+00:00,1941.540,1941.699,1941.117,1941.276,118.0
2024-01-14T13:45:00+00:00,1941.276,1941.688,1940.793,1941.206,136.1
2024-01-14T13:46:00+00:00,1941.206,1941.837,1941.112,1941.742,120.2
2024-01-14T13:47:00+00:00,1941.742,1942.268,1941.675,1942.201,145.5
2024-01-14T13:48:00+00:00,1942.201,1942.450,1941.856,1942.105,163.1
2024-01-14T13:49:00+00:00,1942.105,1942.337,1941.430,1941.663,157.9
2024-01-14T13:50:00+00:00,1941.663,1941.835,1941.602,1941.774,150.5
2024-01-14T13:51:00+00:00,1941.774,1941.849,1941.390,1941.465,130.0
2024-01-14T13:52:00+00:00,1941.465,1942.035,1941.002,1941.572,127.4
2024-01-14T13:53:00+00:00,1941.572,1941.963,1941.073,1941.465,181.5
2024-01-14T13:54:00+00:00,1941.465,1941.587,1940.883,1941.006,109.1
2024-01-14T13:55:00+00:00,1941.006,1941.212,1940.005,1940.210,192.2
2024-01-14T13:56:00+00:00,1940.210,1940.691,1939.626,1940.107,165.2
2024-01-14T13:57:00+00:00,1940.107,1940.437,1940.010,1940.340,173.4
2024-01-14T13:58:00+00:00,1940.340,1940.441,1939.669,1939.770,91.1
2024-01-14T13:59:00+00:00,1939.770,1940.066,1939.698,1939.994,130.4
2024-01-14T14:00:00+00:00,1939.994,1940.818,1939.404,1940.227,165.1
2024-01-14T14:01:00+00:00,1940.227,1940.431,1940.117,1940.321,160.4
2024-01-14T14:02:00+00:00,1940.321,1940.830,1940.009,1940.517,40.7
2024-01-14T14:03:00+00:00,1940.517,1941.309,1940.194,1940.985,42.8
2024-01-14T14:04:00+00:00,1940.985,1941.219,1940.836,1941.070,68.1
2024-01-14T14:05:00+00:00,1941.070,1941.686,1940.923,1941.539,90.4
2024-01-14T14:06:00+00:00,1941.539,1941.604,1941.227,1941.292,122.3
2024-01-14T14:07:00+00:00,1941.292,1941.423,1941.042,1941.174,159.4
2024-01-14T14:08:00+00:00,1941.174,1941.344,1941.110,1941.280,178.3
2024-01-14T14:09:00+00:00,1941.280,1941.871,1941.138,1941.729,120.2
2024-01-14T14:10:00+00:00,1941.729,1941.812,1941.498,1941.581,108.8
2024-01-14T14:11:00+00:00,1941.581,1941.804,1941.112,1941.335,108.7
2024-01-14T14:12:00+00:00,1941.335,1941.519,1940.908,1941.092,89.4
2024-01-14T14:13:00+00:00,1941.092,1941.204,1940.991,1941.103,93.8
2024-01-14T14:14:00+00:00,1941.103,1941.599,1940.994,1941.491,145.5
2024-01-14T14:15:00+00:00,1941.491,1941.792,1941.287,1941.588,74.6
2024-01-14T14:16:00+00:00,1941.588,1941.884,1941.238,1941.534,104.2
2024-01-14T14:17:00+00:00,1941.534,1942.133,1941.116,1941.715,67.0
2024-01-14T14:18:00+00:00,1941.715,1942.262,1940.706,1941.253,138.1
2024-01-14T14:19:00+00:00,1941.253,1941.403,1940.862,1941.012,116.7
2024-01-14T14:20:00+00:00,1941.012,1941.357,1940.854,1941.199,118.5
2024-01-14T14:21:00+00:00,1941.199,1941.873,1940.948,1941.623,125.3
2024-01-14T14:22:00+00:00,1941.623,1941.979,1941.539,1941.895,129.9
2024-01-14T14:23:00+00:00,1941.895,1941.992,1941.512,1941.609,163.4
2024-01-14T14:24:00+00:00,1941.609,1941.876,1941.443,1941.710,168.0
2024-01-14T14:25:00+00:00,1941.710,1942.682,1941.197,1942.169,152.6
2024-01-14T14:26:00+00:00,1942.169,1943.138,1941.856,1942.825,136.1
2024-01-14T14:27:00+00:00,1942.825,1943.360,1942.375,1942.910,130.0
2024-01-14T14:28:00+00:00,1942.910,1943.155,1942.814,1943.059,134.5
2024-01-14T14:29:00+00:00,1943.059,1943.616,1942.575,1943.132,109.6
2024-01-14T14:30:00+00:00,1943.132,1943.683,1942.671,1943.222,115.2
2024-01-14T14:31:00+00:00,1943.222,1943.649,1943.049,1943.476,140.6
2024-01-14T14:32:00+00:00,1943.476,1943.703,1943.360,1943.588,105.9
2024-01-14T14:33:00+00:00,1943.588,1944.510,1943.292,1944.214,114.6
2024-01-14T14:34:00+00:00,1944.214,1944.516,1943.505,1943.807,111.4
2024-01-14T14:35:00+00:00,1943.807,1944.228,1943.426,1943.846,168.3
2024-01-14T14:36:00+00:00,1943.846,1944.180,1943.358,1943.691,122.0
2024-01-14T14:37:00+00:00,1943.691,1943.830,1943.609,1943.748,99.4
2024-01-14T14:38:00+00:00,1943.748,1944.219,1943.518,1943.989,193.0
2024-01-14T14:39:00+00:00,1943.989,1944.086,1943.400,1943.496,93.9
2024-01-14T14:40:00+00:00,1943.496,1943.870,1943.021,1943.394,91.2
2024-01-14T14:41:00+00:00,1943.394,1943.906,1943.212,1943.724,112.0
2024-01-14T14:42:00+00:00,1943.724,1944.208,1943.606,1944.090,130.7
2024-01-14T14:43:00+00:00,1944.090,1944.192,1944.004,1944.106,107.0
2024-01-14T14:44:00+00:00,1944.106,1944.717,1944.028,1944.640,102.4
2024-01-14T14:45:00+00:00,1944.640,1944.763,1944.451,1944.574,102.6
2024-01-14T14:46:00+00:00,1944.574,1945.353,1944.414,1945.193,140.3
2024-01-14T14:47:00+00:00,1945.193,1945.605,1944.891,1945.302,106.9
2024-01-14T14:48:00+00:00,1945.302,1945.655,1945.204,1945.557,105.4
2024-01-14T14:49:00+00:00,1945.557,1945.809,1944.886,1945.138,136.8
2024-01-14T14:50:00+00:00,1945.138,1945.640,1943.930,1944.432,44.6
2024-01-14T14:51:00+00:00,1944.432,1944.847,1943.789,1944.204,113.1
2024-01-14T14:52:00+00:00,1944.204,1944.710,1943.634,1944.140,107.8
2024-01-14T14:53:00+00:00,1944.140,1944.557,1943.903,1944.319,125.3
2024-01-14T14:54:00+00:00,1944.319,1944.498,1943.980,1944.159,106.5
2024-01-14T14:55:00+00:00,1944.159,1945.075,1943.785,1944.701,160.0
2024-01-14T14:56:00+00:00,1944.701,1945.033,1944.031,1944.363,90.9
2024-01-14T14:57:00+00:00,1944.363,1944.628,1944.059,1944.324,165.4
2024-01-14T14:58:00+00:00,1944.324,1944.603,1943.583,1943.862,106.2
2024-01-14T14:59:00+00:00,1943.862,1944.141,1943.473,1943.753,70.8
2024-01-14T15:00:00+00:00,1943.753,1944.695,1943.188,1944.129,156.7
2024-01-14T15:01:00+00:00,1944.129,1944.267,1943.746,1943.884,136.5
2024-01-14T15:02:00+00:00,1943.884,1944.333,1943.134,1943.583,118.2
2024-01-14T15:03:00+00:00,1943.583,1944.095,1943.505,1944.016,105.7
2024-01-14T15:04:00+00:00,1944.016,1944.233,1943.697,1943.914,136.4
2024-01-14T15:05:00+00:00,1943.914,1944.848,1943.468,1944.402,69.4
2024-01-14T15:06:00+00:00,1944.402,1944.823,1944.306,1944.727,159.0
2024-01-14T15:07:00+00:00,1944.727,1945.080,1944.633,1944.985,128.0
2024-01-14T15:08:00+00:00,1944.985,1945.260,1944.627,1944.902,127.7
2024-01-14T15:09:00+00:00,1944.902,1944.969,1944.715,1944.782,114.5
2024-01-14T15:10:00+00:00,1944.782,1944.863,1944.282,1944.363,130.5
2024-01-14T15:11:00+00:00,1944.363,1944.593,1943.845,1944.075,103.2
2024-01-14T15:12:00+00:00,1944.075,1945.526,1943.436,1944.887,156.4
2024-01-14T15:13:00+00:00,1944.887,1945.628,1944.765,1945.507,92.4
2024-01-14T15:14:00+00:00,1945.507,1946.059,1944.967,1945.519,114.3
2024-01-14T15:15:00+00:00,1945.519,1945.788,1945.450,1945.719,109.6
2024-01-14T15:16:00+00:00,1945.719,1946.291,1945.312,1945.883,173.8
2024-01-14T15:17:00+00:00,1945.883,1946.007,1945.346,1945.469,111.7
2024-01-14T15:18:00+00:00,1945.469,1946.075,1945.290,1945.895,99.7
2024-01-14T15:19:00+00:00,1945.895,1945.968,1945.680,1945.753,138.1
2024-01-14T15:20:00+00:00,1945.753,1946.269,1945.439,1945.955,82.6
2024-01-14T15:21:00+00:00,1945.955,1947.048,1945.898,1946.991,92.6
2024-01-14T15:22:00+00:00,1946.991,1947.778,1946.693,1947.480,111.0
2024-01-14T15:23:00+00:00,1947.480,1948.117,1947.278,1947.915,172.0
2024-01-14T15:24:00+00:00,1947.915,1948.248,1947.676,1948.009,98.0
2024-01-14T15:25:00+00:00,1948.009,1948.456,1947.557,1948.004,134.0
2024-01-14T15:26:00+00:00,1948.004,1948.327,1947.712,1948.035,149.9
2024-01-14T15:27:00+00:00,1948.035,1948.926,1947.877,1948.767,167.8
2024-01-14T15:28:00+00:00,1948.767,1949.225,1948.524,1948.982,142.9
2024-01-14T15:29:00+00:00,1948.982,1949.111,1948.692,1948.820,159.8
2024-01-14T15:30:00+00:00,1948.820,1949.006,1948.728,1948.914,83.2
2024-01-14T15:31:00+00:00,1948.914,1948.978,1948.679,1948.743,76.3
2024-01-14T15:32:00+00:00,1948.743,1949.315,1948.492,1949.065,127.5
2024-01-14T15:33:00+00:00,1949.065,1949.381,1948.531,1948.847,93.9
2024-01-14T15:34:00+00:00,1948.847,1949.073,1948.708,1948.934,74.8
2024-01-14T15:35:00+00:00,1948.934,1949.233,1948.662,1948.961,81.8
2024-01-14T15:36:00+00:00,1948.961,1949.028,1948.823,1948.890,135.7
2024-01-14T15:37:00+00:00,1948.890,1948.944,1948.307,1948.361,138.4
2024-01-14T15:38:00+00:00,1948.361,1948.823,1948.119,1948.582,95.6
2024-01-14T15:39:00+00:00,1948.582,1948.648,1948.495,1948.562,135.6
2024-01-14T15:40:00+00:00,1948.562,1948.743,1947.795,1947.977,119.3
2024-01-14T15:41:00+00:00,1947.977,1948.342,1947.726,1948.092,63.4
2024-01-14T15:42:00+00:00,1948.092,1948.289,1947.822,1948.019,108.0
2024-01-14T15:43:00+00:00,1948.019,1948.116,1947.614,1947.711,139.1
2024-01-14T15:44:00+00:00,1947.711,1947.890,1947.617,1947.797,104.3
2024-01-14T15:45:00+00:00,1947.797,1948.943,1947.379,1948.525,134.5
2024-01-14T15:46:00+00:00,1948.525,1948.896,1948.279,1948.650,104.9
2024-01-14T15:47:00+00:00,1948.650,1949.123,1948.364,1948.837,113.8
2024-01-14T15:48:00+00:00,1948.837,1949.319,1948.786,1949.268,166.3
2024-01-14T15:49:00+00:00,1949.268,1949.771,1949.016,1949.518,126.1
2024-01-14T15:50:00+00:00,1949.518,1949.609,1949.132,1949.223,156.4
2024-01-14T15:51:00+00:00,1949.223,1949.492,1948.543,1948.812,59.5
2024-01-14T15:52:00+00:00,1948.812,1949.012,1948.299,1948.499,108.4
2024-01-14T15:53:00+00:00,1948.499,1949.378,1948.232,1949.111,79.7
2024-01-14T15:54:00+00:00,1949.111,1949.670,1948.653,1949.212,100.6
2024-01-14T15:55:00+00:00,1949.212,1949.579,1948.632,1948.999,112.8
2024-01-14T15:56:00+00:00,1948.999,1949.144,1948.803,1948.948,132.3
2024-01-14T15:57:00+00:00,1948.948,1949.030,1948.548,1948.629,65.3
2024-01-14T15:58:00+00:00,1948.629,1948.775,1948.030,1948.176,89.6
2024-01-14T15:59:00+00:00,1948.176,1948.842,1947.720,1948.386,131.7
2024-01-14T16:00:00+00:00,1948.386,1948.548,1948.087,1948.249,160.0
2024-01-14T16:01:00+00:00,1948.249,1948.536,1947.502,1947.789,162.5
2024-01-14T16:02:00+00:00,1947.789,1948.238,1947.609,1948.057,111.7
2024-01-14T16:03:00+00:00,1948.057,1948.233,1947.655,1947.831,99.8
2024-01-14T16:04:00+00:00,1947.831,1947.922,1947.518,1947.610,73.9
2024-01-14T16:05:00+00:00,1947.610,1948.727,1947.190,1948.308,98.4
2024-01-14T16:06:00+00:00,1948.308,1948.397,1948.236,1948.326,113.3
2024-01-14T16:07:00+00:00,1948.326,1948.550,1947.939,1948.163,95.9
2024-01-14T16:08:00+00:00,1948.163,1948.524,1947.989,1948.349,154.4
2024-01-14T16:09:00+00:00,1948.349,1948.998,1948.055,1948.703,186.3
2024-01-14T16:10:00+00:00,1948.703,1948.864,1948.513,1948.674,122.4
2024-01-14T16:11:00+00:00,1948.674,1948.787,1948.103,1948.217,108.8
2024-01-14T16:12:00+00:00,1948.217,1949.371,1947.582,1948.737,133.4
2024-01-14T16:13:00+00:00,1948.737,1948.831,1948.443,1948.537,187.9
2024-01-14T16:14:00+00:00,1948.537,1948.593,1947.952,1948.007,87.5
2024-01-14T16:15:00+00:00,1948.007,1948.577,1947.503,1948.072,125.5
2024-01-14T16:16:00+00:00,1948.072,1948.506,1947.839,1948.273,148.2
2024-01-14T16:17:00+00:00,1948.273,1948.660,1948.175,1948.562,165.7
2024-01-14T16:18:00+00:00,1948.562,1948.662,1948.460,1948.560,130.1
2024-01-14T16:19:00+00:00,1948.560,1949.046,1948.013,1948.498,135.6
2024-01-14T16:20:00+00:00,1948.498,1948.864,1948.148,1948.514,203.6
2024-01-14T16:21:00+00:00,1948.514,1948.630,1948.186,1948.302,165.4
2024-01-14T16:22:00+00:00,1948.302,1949.074,1948.248,1949.019,136.2
2024-01-14T16:23:00+00:00,1949.019,1949.340,1948.774,1949.095,126.4
2024-01-14T16:24:00+00:00,1949.095,1949.397,1948.445,1948.747,172.7
2024-01-14T16:25:00+00:00,1948.747,1948.861,1948.322,1948.435,101.4
2024-01-14T16:26:00+00:00,1948.435,1949.162,1948.268,1948.994,114.2
2024-01-14T16:27:00+00:00,1948.994,1949.511,1948.620,1949.137,107.0
2024-01-14T16:28:00+00:00,1949.137,1949.499,1948.724,1949.086,111.8
2024-01-14T16:29:00+00:00,1949.086,1950.039,1948.771,1949.725,79.8
2024-01-14T16:30:00+00:00,1949.725,1950.326,1949.342,1949.943,176.6
2024-01-14T16:31:00+00:00,1949.943,1950.054,1949.811,1949.922,154.4
2024-01-14T16:32:00+00:00,1949.922,1950.021,1949.681,1949.779,136.0
2024-01-14T16:33:00+00:00,1949.779,1950.351,1949.544,1950.115,156.9
2024-01-14T16:34:00+00:00,1950.115,1950.497,1949.031,1949.413,78.5
2024-01-14T16:35:00+00:00,1949.413,1949.499,1949.139,1949.225,86.9
2024-01-14T16:36:00+00:00,1949.225,1949.982,1948.691,1949.447,113.3
2024-01-14T16:37:00+00:00,1949.447,1949.620,1948.995,1949.168,130.3
2024-01-14T16:38:00+00:00,1949.168,1949.879,1948.544,1949.256,138.9
2024-01-14T16:39:00+00:00,1949.256,1949.309,1948.964,1949.018,122.9
2024-01-14T16:40:00+00:00,1949.018,1949.353,1948.699,1949.034,97.3
2024-01-14T16:41:00+00:00,1949.034,1949.873,1948.665,1949.504,91.6
2024-01-14T16:42:00+00:00,1949.504,1950.064,1949.370,1949.930,84.9
2024-01-14T16:43:00+00:00,1949.930,1950.469,1949.593,1950.133,86.3
2024-01-14T16:44:00+00:00,1950.133,1950.417,1949.506,1949.790,163.2
2024-01-14T16:45:00+00:00,1949.790,1950.164,1948.778,1949.152,124.5
2024-01-14T16:46:00+00:00,1949.152,1949.273,1948.715,1948.836,134.1
2024-01-14T16:47:00+00:00,1948.836,1949.183,1948.073,1948.421,102.9
2024-01-14T16:48:00+00:00,1948.421,1949.178,1948.173,1948.930,178.1
2024-01-14T16:49:00+00:00,1948.930,1949.296,1948.341,1948.707,122.1
2024-01-14T16:50:00+00:00,1948.707,1949.486,1948.266,1949.046,173.5
2024-01-14T16:51:00+00:00,1949.046,1949.690,1948.700,1949.344,132.0
2024-01-14T16:52:00+00:00,1949.344,1949.988,1949.025,1949.670,157.9
2024-01-14T16:53:00+00:00,1949.670,1949.905,1948.877,1949.113,113.6
2024-01-14T16:54:00+00:00,1949.113,1949.685,1948.337,1948.910,122.3
2024-01-14T16:55:00+00:00,1948.910,1949.145,1948.832,1949.068,127.7
2024-01-14T16:56:00+00:00,1949.068,1949.268,1948.903,1949.103,122.8
2024-01-14T16:57:00+00:00,1949.103,1949.804,1948.727,1949.428,136.8
2024-01-14T16:58:00+00:00,1949.428,1950.158,1948.883,1949.612,102.3
2024-01-14T16:59:00+00:00,1949.612,1949.863,1949.141,1949.391,114.7
2024-01-14T17:00:00+00:00,1949.391,1949.740,1949.237,1949.587,147.6
2024-01-14T17:01:00+00:00,1949.587,1950.121,1949.342,1949.876,101.2
2024-01-14T17:02:00+00:00,1949.876,1950.364,1949.695,1950.183,138.2
2024-01-14T17:03:00+00:00,1950.183,1950.581,1949.582,1949.980,96.9
2024-01-14T17:04:00+00:00,1949.980,1950.425,1949.757,1950.203,138.1
2024-01-14T17:05:00+00:00,1950.203,1950.948,1949.851,1950.596,128.0
2024-01-14T17:06:00+00:00,1950.596,1951.514,1950.494,1951.412,147.1
2024-01-14T17:07:00+00:00,1951.412,1951.480,1950.918,1950.986,139.5
2024-01-14T17:08:00+00:00,1950.986,1951.197,1950.550,1950.762,138.2
2024-01-14T17:09:00+00:00,1950.762,1950.980,1950.331,1950.549,140.2
2024-01-14T17:10:00+00:00,1950.549,1950.893,1950.159,1950.503,162.8
2024-01-14T17:11:00+00:00,1950.503,1950.818,1950.309,1950.624,131.6
2024-01-14T17:12:00+00:00,1950.624,1951.024,1950.559,1950.959,86.2
2024-01-14T17:13:00+00:00,1950.959,1951.072,1949.876,1949.988,117.0
2024-01-14T17:14:00+00:00,1949.988,1950.084,1949.912,1950.008,102.4
2024-01-14T17:15:00+00:00,1950.008,1950.384,1949.442,1949.818,81.6
2024-01-14T17:16:00+00:00,1949.818,1950.104,1949.274,1949.560,143.8
2024-01-14T17:17:00+00:00,1949.560,1950.320,1949.377,1950.137,136.6
2024-01-14T17:18:00+00:00,1950.137,1950.522,1949.329,1949.715,169.0
2024-01-14T17:19:00+00:00,1949.715,1950.197,1948.897,1949.379,84.7
2024-01-14T17:20:00+00:00,1949.379,1949.483,1949.197,1949.300,142.1
2024-01-14T17:21:00+00:00,1949.300,1949.590,1948.652,1948.942,91.6
2024-01-14T17:22:00+00:00,1948.942,1950.055,1948.413,1949.526,80.4
2024-01-14T17:23:00+00:00,1949.526,1949.854,1949.044,1949.372,113.8
2024-01-14T17:24:00+00:00,1949.372,1949.478,1949.304,1949.410,138.4
2024-01-14T17:25:00+00:00,1949.410,1949.617,1948.716,1948.923,116.3
2024-01-14T17:26:00+00:00,1948.923,1949.203,1948.630,1948.911,101.1
2024-01-14T17:27:00+00:00,1948.911,1949.440,1948.108,1948.637,143.1
2024-01-14T17:28:00+00:00,1948.637,1949.024,1948.047,1948.433,107.9
2024-01-14T17:29:00+00:00,1948.433,1948.687,1948.262,1948.516,165.5
2024-01-14T17:30:00+00:00,1948.516,1948.902,1948.112,1948.498,111.3
2024-01-14T17:31:00+00:00,1948.498,1948.871,1948.059,1948.432,96.6
2024-01-14T17:32:00+00:00,1948.432,1949.446,1948.282,1949.297,174.6
2024-01-14T17:33:00+00:00,1949.297,1949.370,1948.911,1948.985,101.4
2024-01-14T17:34:00+00:00,1948.985,1949.293,1948.734,1949.042,160.6
2024-01-14T17:35:00+00:00,1949.042,1949.390,1948.917,1949.265,89.3
2024-01-14T17:36:00+00:00,1949.265,1949.981,1948.223,1948.939,84.0
2024-01-14T17:37:00+00:00,1948.939,1949.410,1948.743,1949.214,111.0
2024-01-14T17:38:00+00:00,1949.214,1949.828,1948.912,1949.526,100.1
2024-01-14T17:39:00+00:00,1949.526,1949.930,1948.918,1949.321,113.0
2024-01-14T17:40:00+00:00,1949.321,1949.677,1949.191,1949.546,151.9
2024-01-14T17:41:00+00:00,1949.546,1949.749,1949.400,1949.602,112.7
2024-01-14T17:42:00+00:00,1949.602,1949.840,1949.137,1949.376,107.6
2024-01-14T17:43:00+00:00,1949.376,1950.036,1949.194,1949.854,123.5
2024-01-14T17:44:00+00:00,1949.854,1949.915,1949.093,1949.154,95.4
2024-01-14T17:45:00+00:00,1949.154,1949.555,1948.673,1949.074,195.5
2024-01-14T17:46:00+00:00,1949.074,1949.192,1948.830,1948.948,79.6
2024-01-14T17:47:00+00:00,1948.948,1949.162,1948.024,1948.238,140.0
2024-01-14T17:48:00+00:00,1948.238,1948.372,1948.160,1948.295,71.6
2024-01-14T17:49:00+00:00,1948.295,1948.653,1947.892,1948.250,135.2
2024-01-14T17:50:00+00:00,1948.250,1948.458,1948.016,1948.224,137.6
2024-01-14T17:51:00+00:00,1948.224,1948.308,1947.369,1947.453,169.4
2024-01-14T17:52:00+00:00,1947.453,1947.532,1947.099,1947.178,128.4
2024-01-14T17:53:00+00:00,1947.178,1947.424,1946.479,1946.725,156.9
2024-01-14T17:54:00+00:00,1946.725,1947.072,1946.406,1946.752,97.9
2024-01-14T17:55:00+00:00,1946.752,1947.246,1946.317,1946.811,145.1
2024-01-14T17:56:00+00:00,1946.811,1947.369,1946.463,1947.020,146.9
2024-01-14T17:57:00+00:00,1947.020,1947.876,1946.869,1947.725,142.9
2024-01-14T17:58:00+00:00,1947.725,1948.128,1947.596,1948.000,67.5
2024-01-14T17:59:00+00:00,1948.000,1948.798,1947.444,1948.241,137.7
2024-01-14T18:00:00+00:00,1948.241,1948.682,1947.473,1947.913,74.5
2024-01-14T18:01:00+00:00,1947.913,1948.708,1947.442,1948.237,163.1
2024-01-14T18:02:00+00:00,1948.237,1948.748,1948.034,1948.545,151.2
2024-01-14T18:03:00+00:00,1948.545,1948.868,1947.931,1948.254,167.9
2024-01-14T18:04:00+00:00,1948.254,1948.481,1947.866,1948.093,97.8
2024-01-14T18:05:00+00:00,1948.093,1948.840,1947.988,1948.735,176.6
2024-01-14T18:06:00+00:00,1948.735,1949.311,1948.480,1949.056,100.0
2024-01-14T18:07:00+00:00,1949.056,1949.503,1948.413,1948.860,94.1
2024-01-14T18:08:00+00:00,1948.860,1949.104,1948.378,1948.621,130.5
2024-01-14T18:09:00+00:00,1948.621,1948.908,1948.312,1948.599,116.1
2024-01-14T18:10:00+00:00,1948.599,1948.660,1948.543,1948.604,79.8
2024-01-14T18:11:00+00:00,1948.604,1949.231,1948.229,1948.856,165.8
2024-01-14T18:12:00+00:00,1948.856,1949.444,1948.091,1948.679,127.2
2024-01-14T18:13:00+00:00,1948.679,1949.079,1948.599,1948.998,126.8
2024-01-14T18:14:00+00:00,1948.998,1949.416,1948.692,1949.110,111.0
2024-01-14T18:15:00+00:00,1949.110,1949.467,1948.883,1949.240,152.4
2024-01-14T18:16:00+00:00,1949.240,1949.854,1948.834,1949.448,174.1
2024-01-14T18:17:00+00:00,1949.448,1949.712,1948.867,1949.131,97.6
2024-01-14T18:18:00+00:00,1949.131,1949.300,1948.837,1949.006,64.5
2024-01-14T18:19:00+00:00,1949.006,1949.113,1948.671,1948.779,173.7
2024-01-14T18:20:00+00:00,1948.779,1948.946,1948.532,1948.699,139.6
2024-01-14T18:21:00+00:00,1948.699,1948.976,1948.639,1948.915,138.2
2024-01-14T18:22:00+00:00,1948.915,1949.151,1948.119,1948.354,182.6
2024-01-14T18:23:00+00:00,1948.354,1948.767,1947.519,1947.931,72.9
2024-01-14T18:24:00+00:00,1947.931,1948.445,1947.140,1947.654,177.8
2024-01-14T18:25:00+00:00,1947.654,1948.938,1946.894,1948.178,170.6
2024-01-14T18:26:00+00:00,1948.178,1949.001,1947.657,1948.481,163.0
2024-01-14T18:27:00+00:00,1948.481,1948.604,1948.170,1948.293,83.6
2024-01-14T18:28:00+00:00,1948.293,1948.763,1947.834,1948.304,175.2
2024-01-14T18:29:00+00:00,1948.304,1948.873,1948.240,1948.809,75.2
2024-01-14T18:30:00+00:00,1948.809,1949.017,1948.641,1948.849,111.3
2024-01-14T18:31:00+00:00,1948.849,1949.362,1948.588,1949.101,123.7
2024-01-14T18:32:00+00:00,1949.101,1949.787,1948.845,1949.531,136.5
2024-01-14T18:33:00+00:00,1949.531,1949.699,1949.439,1949.607,54.5
2024-01-14T18:34:00+00:00,1949.607,1949.795,1948.895,1949.082,135.7
2024-01-14T18:35:00+00:00,1949.082,1949.363,1949.013,1949.294,80.3
2024-01-14T18:36:00+00:00,1949.294,1949.852,1949.128,1949.686,121.0
2024-01-14T18:37:00+00:00,1949.686,1949.740,1949.319,1949.374,98.8
2024-01-14T18:38:00+00:00,1949.374,1949.500,1948.924,1949.051,109.7
2024-01-14T18:39:00+00:00,1949.051,1949.162,1948.957,1949.069,117.4
2024-01-14T18:40:00+00:00,1949.069,1949.326,1948.686,1948.943,134.5
2024-01-14T18:41:00+00:00,1948.943,1949.350,1948.837,1949.244,166.6
2024-01-14T18:42:00+00:00,1949.244,1949.643,1948.899,1949.297,82.9
2024-01-14T18:43:00+00:00,1949.297,1949.430,1949.147,1949.280,71.6
2024-01-14T18:44:00+00:00,1949.280,1949.507,1948.517,1948.744,182.5
2024-01-14T18:45:00+00:00,1948.744,1948.854,1947.657,1947.766,164.4
2024-01-14T18:46:00+00:00,1947.766,1948.132,1947.580,1947.947,48.6
2024-01-14T18:47:00+00:00,1947.947,1948.388,1947.501,1947.943,161.9
2024-01-14T18:48:00+00:00,1947.943,1948.082,1947.265,1947.403,134.5
2024-01-14T18:49:00+00:00,1947.403,1947.807,1946.545,1946.949,96.8
2024-01-14T18:50:00+00:00,1946.949,1947.577,1946.622,1947.251,116.4
2024-01-14T18:51:00+00:00,1947.251,1947.534,1946.862,1947.145,182.8
2024-01-14T18:52:00+00:00,1947.145,1947.552,1946.840,1947.247,196.1
2024-01-14T18:53:00+00:00,1947.247,1947.739,1945.886,1946.378,129.1
2024-01-14T18:54:00+00:00,1946.378,1947.305,1946.020,1946.947,146.3
2024-01-14T18:55:00+00:00,1946.947,1947.069,1946.694,1946.817,118.1
2024-01-14T18:56:00+00:00,1946.817,1947.060,1946.446,1946.689,137.2
2024-01-14T18:57:00+00:00,1946.689,1947.219,1946.555,1947.085,120.2
2024-01-14T18:58:00+00:00,1947.085,1947.667,1946.875,1947.458,79.7
2024-01-14T18:59:00+00:00,1947.458,1947.953,1947.369,1947.864,92.5
2024-01-14T19:00:00+00:00,1947.864,1948.132,1947.419,1947.687,117.7
2024-01-14T19:01:00+00:00,1947.687,1947.999,1947.011,1947.323,105.0
2024-01-14T19:02:00+00:00,1947.323,1947.665,1947.259,1947.601,124.3
2024-01-14T19:03:00+00:00,1947.601,1947.877,1947.447,1947.723,109.7
2024-01-14T19:04:00+00:00,1947.723,1948.180,1947.496,1947.952,56.4
2024-01-14T19:05:00+00:00,1947.952,1948.011,1947.645,1947.704,164.1
2024-01-14T19:06:00+00:00,1947.704,1948.408,1947.120,1947.825,129.4
2024-01-14T19:07:00+00:00,1947.825,1947.979,1947.741,1947.896,123.1
2024-01-14T19:08:00+00:00,1947.896,1948.458,1947.627,1948.189,72.3
2024-01-14T19:09:00+00:00,1948.189,1948.314,1947.637,1947.762,71.4
2024-01-14T19:10:00+00:00,1947.762,1948.644,1947.539,1948.422,125.0
2024-01-14T19:11:00+00:00,1948.422,1948.967,1948.216,1948.762,91.7
2024-01-14T19:12:00+00:00,1948.762,1949.213,1948.465,1948.917,144.0
2024-01-14T19:13:00+00:00,1948.917,1949.267,1948.684,1949.034,119.7
2024-01-14T19:14:00+00:00,1949.034,1949.338,1948.492,1948.796,68.5
2024-01-14T19:15:00+00:00,1948.796,1948.960,1947.993,1948.157,144.6
2024-01-14T19:16:00+00:00,1948.157,1948.923,1947.706,1948.472,128.8
2024-01-14T19:17:00+00:00,1948.472,1948.595,1948.186,1948.310,101.4
2024-01-14T19:18:00+00:00,1948.310,1948.756,1947.759,1948.205,103.4
2024-01-14T19:19:00+00:00,1948.205,1948.559,1947.493,1947.847,137.9
2024-01-14T19:20:00+00:00,1947.847,1948.473,1947.271,1947.897,143.8
2024-01-14T19:21:00+00:00,1947.897,1948.171,1947.460,1947.735,110.7
2024-01-14T19:22:00+00:00,1947.735,1948.036,1947.287,1947.588,83.5
2024-01-14T19:23:00+00:00,1947.588,1947.873,1947.442,1947.728,100.9
2024-01-14T19:24:00+00:00,1947.728,1948.058,1947.408,1947.737,140.4
2024-01-14T19:25:00+00:00,1947.737,1947.840,1947.278,1947.380,113.4
2024-01-14T19:26:00+00:00,1947.380,1947.875,1946.891,1947.385,83.6
2024-01-14T19:27:00+00:00,1947.385,1947.628,1947.046,1947.288,205.0
2024-01-14T19:28:00+00:00,1947.288,1947.602,1946.976,1947.290,140.8
2024-01-14T19:29:00+00:00,1947.290,1947.452,1946.828,1946.990,156.1
2024-01-14T19:30:00+00:00,1946.990,1947.270,1946.889,1947.168,123.7
2024-01-14T19:31:00+00:00,1947.168,1947.483,1946.404,1946.718,93.3
2024-01-14T19:32:00+00:00,1946.718,1947.484,1946.500,1947.266,154.9
2024-01-14T19:33:00+00:00,1947.266,1947.656,1946.613,1947.003,93.3
2024-01-14T19:34:00+00:00,1947.003,1947.125,1946.403,1946.525,143.9
2024-01-14T19:35:00+00:00,1946.525,1946.578,1946.214,1946.267,98.3
2024-01-14T19:36:00+00:00,1946.267,1946.554,1945.634,1945.921,164.7
2024-01-14T19:37:00+00:00,1945.921,1946.312,1945.663,1946.053,119.4
2024-01-14T19:38:00+00:00,1946.053,1946.314,1945.764,1946.025,138.4
2024-01-14T19:39:00+00:00,1946.025,1946.375,1945.743,1946.093,133.9
2024-01-14T19:40:00+00:00,1946.093,1946.514,1945.303,1945.724,115.4
2024-01-14T19:41:00+00:00,1945.724,1946.138,1945.312,1945.725,120.0
2024-01-14T19:42:00+00:00,1945.725,1945.830,1945.082,1945.186,80.1
2024-01-14T19:43:00+00:00,1945.186,1945.278,1944.931,1945.023,107.9
2024-01-14T19:44:00+00:00,1945.023,1945.166,1944.916,1945.059,72.4
2024-01-14T19:45:00+00:00,1945.059,1945.140,1944.670,1944.751,116.8
2024-01-14T19:46:00+00:00,1944.751,1945.043,1943.962,1944.254,143.9
2024-01-14T19:47:00+00:00,1944.254,1944.351,1943.686,1943.784,94.4
2024-01-14T19:48:00+00:00,1943.784,1944.096,1943.145,1943.456,168.4
2024-01-14T19:49:00+00:00,1943.456,1943.782,1943.054,1943.380,105.2
2024-01-14T19:50:00+00:00,1943.380,1943.546,1942.897,1943.063,159.3
2024-01-14T19:51:00+00:00,1943.063,1943.984,1942.898,1943.819,123.6
2024-01-14T19:52:00+00:00,1943.819,1944.002,1943.150,1943.333,156.6
2024-01-14T19:53:00+00:00,1943.333,1943.734,1943.159,1943.559,77.2
2024-01-14T19:54:00+00:00,1943.559,1944.171,1942.871,1943.482,80.3
2024-01-14T19:55:00+00:00,1943.482,1943.824,1943.163,1943.505,102.9
2024-01-14T19:56:00+00:00,1943.505,1943.867,1943.219,1943.582,117.1
2024-01-14T19:57:00+00:00,1943.582,1943.719,1943.316,1943.453,121.9
2024-01-14T19:58:00+00:00,1943.453,1943.572,1942.654,1942.773,174.0
2024-01-14T19:59:00+00:00,1942.773,1943.214,1942.243,1942.684,139.6
2024-01-14T20:00:00+00:00,1942.684,1942.837,1942.293,1942.445,112.7
2024-01-14T20:01:00+00:00,1942.445,1942.999,1942.266,1942.820,100.9
2024-01-14T20:02:00+00:00,1942.820,1943.155,1942.610,1942.945,117.2
2024-01-14T20:03:00+00:00,1942.945,1943.266,1942.866,1943.187,137.0
2024-01-14T20:04:00+00:00,1943.187,1943.646,1942.750,1943.208,125.3
2024-01-14T20:05:00+00:00,1943.208,1943.411,1943.058,1943.262,143.2
2024-01-14T20:06:00+00:00,1943.262,1943.614,1942.231,1942.584,166.7
2024-01-14T20:07:00+00:00,1942.584,1942.782,1942.248,1942.445,166.3
2024-01-14T20:08:00+00:00,1942.445,1942.713,1941.873,1942.141,88.6
2024-01-14T20:09:00+00:00,1942.141,1942.505,1941.583,1941.948,116.3
2024-01-14T20:10:00+00:00,1941.948,1942.125,1941.398,1941.575,142.1
2024-01-14T20:11:00+00:00,1941.575,1942.168,1941.265,1941.858,46.5
2024-01-14T20:12:00+00:00,1941.858,1942.064,1941.072,1941.278,149.8
2024-01-14T20:13:00+00:00,1941.278,1941.713,1940.437,1940.872,8.4
2024-01-14T20:14:00+00:00,1940.872,1941.166,1939.945,1940.239,164.8
2024-01-14T20:15:00+00:00,1940.239,1940.313,1940.084,1940.157,112.3
2024-01-14T20:16:00+00:00,1940.157,1940.594,1939.953,1940.390,142.2
2024-01-14T20:17:00+00:00,1940.390,1940.673,1939.787,1940.070,179.4
2024-01-14T20:18:00+00:00,1940.070,1940.567,1939.799,1940.296,114.2
2024-01-14T20:19:00+00:00,1940.296,1940.888,1939.547,1940.138,119.7
2024-01-14T20:20:00+00:00,1940.138,1940.348,1939.832,1940.041,144.1
2024-01-14T20:21:00+00:00,1940.041,1940.780,1939.787,1940.526,58.6
2024-01-14T20:22:00+00:00,1940.526,1940.658,1940.163,1940.295,99.0
2024-01-14T20:23:00+00:00,1940.295,1940.636,1939.817,1940.157,149.7
2024-01-14T20:24:00+00:00,1940.157,1940.287,1939.587,1939.717,114.8
2024-01-14T20:25:00+00:00,1939.717,1939.881,1939.637,1939.801,135.9
2024-01-14T20:26:00+00:00,1939.801,1939.957,1939.264,1939.420,70.4
2024-01-14T20:27:00+00:00,1939.420,1939.727,1938.873,1939.180,104.9
2024-01-14T20:28:00+00:00,1939.180,1939.616,1938.829,1939.265,104.0
2024-01-14T20:29:00+00:00,1939.265,1939.828,1939.118,1939.681,115.8
2024-01-14T20:30:00+00:00,1939.681,1939.833,1939.031,1939.184,190.9
2024-01-14T20:31:00+00:00,1939.184,1939.491,1938.956,1939.264,140.7
2024-01-14T20:32:00+00:00,1939.264,1939.464,1938.441,1938.640,130.2
2024-01-14T20:33:00+00:00,1938.640,1938.950,1937.823,1938.133,113.3
2024-01-14T20:34:00+00:00,1938.133,1938.352,1937.582,1937.801,156.5
2024-01-14T20:35:00+00:00,1937.801,1938.212,1937.473,1937.884,65.4
2024-01-14T20:36:00+00:00,1937.884,1938.344,1937.820,1938.281,133.3
2024-01-14T20:37:00+00:00,1938.281,1939.057,1937.940,1938.717,110.0
2024-01-14T20:38:00+00:00,1938.717,1939.115,1938.534,1938.932,141.4
2024-01-14T20:39:00+00:00,1938.932,1939.081,1938.222,1938.370,121.7
2024-01-14T20:40:00+00:00,1938.370,1938.979,1937.974,1938.583,109.7
2024-01-14T20:41:00+00:00,1938.583,1939.065,1938.025,1938.507,123.7
2024-01-14T20:42:00+00:00,1938.507,1938.834,1937.646,1937.973,114.6
2024-01-14T20:43:00+00:00,1937.973,1938.098,1936.831,1936.956,157.1
2024-01-14T20:44:00+00:00,1936.956,1937.619,1936.423,1937.086,102.3
2024-01-14T20:45:00+00:00,1937.086,1937.813,1936.707,1937.433,104.8
2024-01-14T20:46:00+00:00,1937.433,1937.714,1936.690,1936.971,91.2
2024-01-14T20:47:00+00:00,1936.971,1937.268,1935.546,1935.843,131.6
2024-01-14T20:48:00+00:00,1935.843,1935.977,1935.525,1935.659,113.9
2024-01-14T20:49:00+00:00,1935.659,1935.769,1935.381,1935.491,141.1
2024-01-14T20:50:00+00:00,1935.491,1935.698,1935.427,1935.634,169.3
2024-01-14T20:51:00+00:00,1935.634,1936.025,1935.176,1935.567,163.6
2024-01-14T20:52:00+00:00,1935.567,1935.874,1935.014,1935.322,124.2
2024-01-14T20:53:00+00:00,1935.322,1935.397,1935.227,1935.302,79.0
2024-01-14T20:54:00+00:00,1935.302,1935.475,1934.990,1935.162,169.8
2024-01-14T20:55:00+00:00,1935.162,1935.630,1934.799,1935.266,164.6
2024-01-14T20:56:00+00:00,1935.266,1935.813,1935.005,1935.552,146.4
2024-01-14T20:57:00+00:00,1935.552,1936.021,1935.239,1935.708,73.1
2024-01-14T20:58:00+00:00,1935.708,1935.896,1935.199,1935.387,159.9
2024-01-14T20:59:00+00:00,1935.387,1935.539,1935.083,1935.235,163.0
2024-01-14T21:00:00+00:00,1935.235,1935.665,1935.127,1935.557,116.7
2024-01-14T21:01:00+00:00,1935.557,1935.920,1934.470,1934.833,131.5
2024-01-14T21:02:00+00:00,1934.833,1934.896,1934.674,1934.737,111.7
2024-01-14T21:03:00+00:00,1934.737,1934.903,1934.683,1934.848,113.3
2024-01-14T21:04:00+00:00,1934.848,1935.446,1934.455,1935.053,121.7
2024-01-14T21:05:00+00:00,1935.053,1935.736,1934.091,1934.775,25.9
2024-01-14T21:06:00+00:00,1934.775,1935.682,1934.192,1935.099,135.2
2024-01-14T21:07:00+00:00,1935.099,1935.792,1934.765,1935.457,120.7
2024-01-14T21:08:00+00:00,1935.457,1935.921,1934.931,1935.395,131.5
2024-01-14T21:09:00+00:00,1935.395,1936.095,1934.883,1935.584,123.0
2024-01-14T21:10:00+00:00,1935.584,1936.162,1935.357,1935.935,106.5
2024-01-14T21:11:00+00:00,1935.935,1936.184,1935.735,1935.984,87.6
2024-01-14T21:12:00+00:00,1935.984,1936.197,1935.742,1935.954,79.5
2024-01-14T21:13:00+00:00,1935.954,1936.677,1935.444,1936.167,149.1
2024-01-14T21:14:00+00:00,1936.167,1936.726,1935.783,1936.341,53.5
2024-01-14T21:15:00+00:00,1936.341,1936.466,1936.160,1936.285,123.8
2024-01-14T21:16:00+00:00,1936.285,1936.651,1935.535,1935.901,115.1
2024-01-14T21:17:00+00:00,1935.901,1936.238,1935.463,1935.800,105.4
2024-01-14T21:18:00+00:00,1935.800,1935.934,1934.919,1935.054,96.9
2024-01-14T21:19:00+00:00,1935.054,1935.560,1934.488,1934.994,111.4
2024-01-14T21:20:00+00:00,1934.994,1935.272,1934.851,1935.129,116.0
2024-01-14T21:21:00+00:00,1935.129,1935.302,1934.547,1934.721,124.1
2024-01-14T21:22:00+00:00,1934.721,1934.970,1934.221,1934.471,82.0
2024-01-14T21:23:00+00:00,1934.471,1934.656,1934.076,1934.261,152.4
2024-01-14T21:24:00+00:00,1934.261,1934.410,1933.408,1933.557,106.2
2024-01-14T21:25:00+00:00,1933.557,1933.619,1933.407,1933.468,114.9
2024-01-14T21:26:00+00:00,1933.468,1933.670,1933.359,1933.560,145.4
2024-01-14T21:27:00+00:00,1933.560,1934.193,1933.051,1933.684,135.5
2024-01-14T21:28:00+00:00,1933.684,1934.230,1933.043,1933.589,75.0
2024-01-14T21:29:00+00:00,1933.589,1933.830,1932.948,1933.189,131.1
2024-01-14T21:30:00+00:00,1933.189,1933.598,1932.693,1933.101,124.5
2024-01-14T21:31:00+00:00,1933.101,1933.234,1932.903,1933.035,137.2
2024-01-14T21:32:00+00:00,1933.035,1933.206,1932.870,1933.041,121.0
2024-01-14T21:33:00+00:00,1933.041,1933.283,1931.726,1931.968,137.7
2024-01-14T21:34:00+00:00,1931.968,1932.244,1931.692,1931.968,124.8
2024-01-14T21:35:00+00:00,1931.968,1932.031,1931.666,1931.729,149.5
2024-01-14T21:36:00+00:00,1931.729,1931.906,1931.668,1931.845,123.7
2024-01-14T21:37:00+00:00,1931.845,1931.928,1931.711,1931.793,107.6
2024-01-14T21:38:00+00:00,1931.793,1932.097,1931.616,1931.919,121.2
2024-01-14T21:39:00+00:00,1931.919,1932.071,1931.826,1931.977,124.3
2024-01-14T21:40:00+00:00,1931.977,1932.546,1931.820,1932.389,124.1
2024-01-14T21:41:00+00:00,1932.389,1932.642,1931.895,1932.149,122.6
2024-01-14T21:42:00+00:00,1932.149,1932.502,1931.786,1932.139,91.2
2024-01-14T21:43:00+00:00,1932.139,1932.574,1932.045,1932.481,124.3
2024-01-14T21:44:00+00:00,1932.481,1932.972,1932.235,1932.725,133.4
2024-01-14T21:45:00+00:00,1932.725,1932.781,1932.337,1932.393,113.7
2024-01-14T21:46:00+00:00,1932.393,1932.985,1932.125,1932.717,157.7
2024-01-14T21:47:00+00:00,1932.717,1932.919,1932.489,1932.690,123.8
2024-01-14T21:48:00+00:00,1932.690,1933.095,1932.364,1932.768,156.5
2024-01-14T21:49:00+00:00,1932.768,1933.078,1932.322,1932.632,106.8
2024-01-14T21:50:00+00:00,1932.632,1932.861,1932.124,1932.353,139.7
2024-01-14T21:51:00+00:00,1932.353,1932.778,1931.862,1932.287,150.2
2024-01-14T21:52:00+00:00,1932.287,1932.927,1931.856,1932.496,74.9
2024-01-14T21:53:00+00:00,1932.496,1932.671,1932.164,1932.339,124.5
2024-01-14T21:54:00+00:00,1932.339,1932.451,1931.662,1931.774,133.2
2024-01-14T21:55:00+00:00,1931.774,1931.977,1931.679,1931.882,99.1
2024-01-14T21:56:00+00:00,1931.882,1932.150,1931.261,1931.529,126.9
2024-01-14T21:57:00+00:00,1931.529,1931.674,1931.333,1931.478,141.1
2024-01-14T21:58:00+00:00,1931.478,1931.843,1931.183,1931.548,79.8
2024-01-14T21:59:00+00:00,1931.548,1932.119,1931.291,1931.861,102.9
2024-01-14T22:00:00+00:00,1931.861,1932.240,1931.632,1932.012,130.7
2024-01-14T22:01:00+00:00,1932.012,1932.752,1931.041,1931.781,143.0
2024-01-14T22:02:00+00:00,1931.781,1932.032,1931.013,1931.264,114.5
2024-01-14T22:03:00+00:00,1931.264,1932.619,1930.440,1931.795,93.0
2024-01-14T22:04:00+00:00,1931.795,1931.955,1931.024,1931.184,95.8
2024-01-14T22:05:00+00:00,1931.184,1931.440,1930.451,1930.708,99.2
2024-01-14T22:06:00+00:00,1930.708,1930.994,1930.497,1930.784,171.9
2024-01-14T22:07:00+00:00,1930.784,1931.338,1929.349,1929.902,76.8
2024-01-14T22:08:00+00:00,1929.902,1930.060,1929.750,1929.908,149.3
2024-01-14T22:09:00+00:00,1929.908,1930.181,1929.711,1929.985,101.8
2024-01-14T22:10:00+00:00,1929.985,1930.829,1929.700,1930.544,87.7
2024-01-14T22:11:00+00:00,1930.544,1930.693,1929.990,1930.139,128.8
2024-01-14T22:12:00+00:00,1930.139,1930.735,1929.726,1930.321,127.0
2024-01-14T22:13:00+00:00,1930.321,1930.400,1929.838,1929.917,73.4
2024-01-14T22:14:00+00:00,1929.917,1930.055,1929.390,1929.528,120.5
2024-01-14T22:15:00+00:00,1929.528,1929.671,1928.524,1928.666,98.5
2024-01-14T22:16:00+00:00,1928.666,1928.878,1928.414,1928.625,164.5
2024-01-14T22:17:00+00:00,1928.625,1929.276,1928.298,1928.949,150.5
2024-01-14T22:18:00+00:00,1928.949,1929.147,1928.187,1928.384,117.8
2024-01-14T22:19:00+00:00,1928.384,1928.753,1927.935,1928.304,137.3
2024-01-14T22:20:00+00:00,1928.304,1928.645,1928.157,1928.499,73.2
2024-01-14T22:21:00+00:00,1928.499,1929.010,1928.366,1928.877,118.0
2024-01-14T22:22:00+00:00,1928.877,1929.343,1927.866,1928.331,139.9
2024-01-14T22:23:00+00:00,1928.331,1928.954,1927.933,1928.556,69.1
2024-01-14T22:24:00+00:00,1928.556,1928.809,1928.325,1928.578,158.2
2024-01-14T22:25:00+00:00,1928.578,1928.759,1928.504,1928.685,41.4
2024-01-14T22:26:00+00:00,1928.685,1929.319,1928.567,1929.201,85.9
2024-01-14T22:27:00+00:00,1929.201,1929.407,1929.049,1929.254,138.4
2024-01-14T22:28:00+00:00,1929.254,1930.139,1928.922,1929.807,152.5
2024-01-14T22:29:00+00:00,1929.807,1929.945,1929.281,1929.419,136.8
2024-01-14T22:30:00+00:00,1929.419,1930.083,1929.340,1930.004,133.9
2024-01-14T22:31:00+00:00,1930.004,1930.165,1929.664,1929.825,102.9
2024-01-14T22:32:00+00:00,1929.825,1930.322,1928.674,1929.170,103.1
2024-01-14T22:33:00+00:00,1929.170,1929.405,1929.086,1929.321,163.5
2024-01-14T22:34:00+00:00,1929.321,1929.495,1928.586,1928.760,114.6
2024-01-14T22:35:00+00:00,1928.760,1929.396,1928.486,1929.122,135.3
2024-01-14T22:36:00+00:00,1929.122,1929.800,1928.789,1929.466,109.5
2024-01-14T22:37:00+00:00,1929.466,1929.773,1929.048,1929.355,114.2
2024-01-14T22:38:00+00:00,1929.355,1929.606,1929.285,1929.536,152.4
2024-01-14T22:39:00+00:00,1929.536,1929.810,1929.356,1929.631,110.4
2024-01-14T22:40:00+00:00,1929.631,1929.861,1929.551,1929.781,214.9
2024-01-14T22:41:00+00:00,1929.781,1929.959,1929.685,1929.863,111.7
2024-01-14T22:42:00+00:00,1929.863,1929.916,1929.059,1929.113,134.5
2024-01-14T22:43:00+00:00,1929.113,1929.292,1929.028,1929.207,156.2
2024-01-14T22:44:00+00:00,1929.207,1929.521,1929.002,1929.316,88.9
2024-01-14T22:45:00+00:00,1929.316,1929.821,1929.169,1929.674,103.6
2024-01-14T22:46:00+00:00,1929.674,1929.886,1928.993,1929.205,141.4
2024-01-14T22:47:00+00:00,1929.205,1929.404,1929.145,1929.343,144.7
2024-01-14T22:48:00+00:00,1929.343,1929.915,1929.083,1929.655,64.7
2024-01-14T22:49:00+00:00,1929.655,1929.808,1929.435,1929.588,174.1
2024-01-14T22:50:00+00:00,1929.588,1930.274,1929.432,1930.119,93.3
2024-01-14T22:51:00+00:00,1930.119,1930.514,1930.041,1930.436,103.7
2024-01-14T22:52:00+00:00,1930.436,1930.911,1930.323,1930.798,122.6
2024-01-14T22:53:00+00:00,1930.798,1931.026,1930.263,1930.490,174.7
2024-01-14T22:54:00+00:00,1930.490,1930.910,1929.779,1930.199,164.0
2024-01-14T22:55:00+00:00,1930.199,1930.274,1929.933,1930.009,122.4
2024-01-14T22:56:00+00:00,1930.009,1931.117,1929.636,1930.744,130.3
2024-01-14T22:57:00+00:00,1930.744,1930.948,1930.588,1930.792,132.1
2024-01-14T22:58:00+00:00,1930.792,1931.536,1930.113,1930.858,132.1
2024-01-14T22:59:00+00:00,1930.858,1931.332,1930.794,1931.268,98.6
2024-01-14T23:00:00+00:00,1931.268,1931.728,1930.681,1931.141,189.2
2024-01-14T23:01:00+00:00,1931.141,1931.556,1930.178,1930.593,106.4
2024-01-14T23:02:00+00:00,1930.593,1930.796,1930.247,1930.450,103.3
2024-01-14T23:03:00+00:00,1930.450,1930.517,1930.006,1930.074,126.4
2024-01-14T23:04:00+00:00,1930.074,1930.542,1928.764,1929.232,126.5
2024-01-14T23:05:00+00:00,1929.232,1929.769,1929.096,1929.633,83.5
2024-01-14T23:06:00+00:00,1929.633,1930.432,1929.387,1930.187,113.6
2024-01-14T23:07:00+00:00,1930.187,1930.442,1929.857,1930.112,178.5
2024-01-14T23:08:00+00:00,1930.112,1930.238,1929.793,1929.918,97.3
2024-01-14T23:09:00+00:00,1929.918,1930.000,1929.566,1929.648,118.3
2024-01-14T23:10:00+00:00,1929.648,1930.024,1929.367,1929.744,152.8
2024-01-14T23:11:00+00:00,1929.744,1930.162,1929.580,1929.998,107.4
2024-01-14T23:12:00+00:00,1929.998,1930.457,1929.941,1930.400,141.6
2024-01-14T23:13:00+00:00,1930.400,1930.867,1930.065,1930.532,128.2
2024-01-14T23:14:00+00:00,1930.532,1931.119,1930.175,1930.762,161.8
2024-01-14T23:15:00+00:00,1930.762,1931.255,1929.861,1930.354,143.6
2024-01-14T23:16:00+00:00,1930.354,1930.852,1930.116,1930.614,111.8
2024-01-14T23:17:00+00:00,1930.614,1931.404,1930.255,1931.045,152.0
2024-01-14T23:18:00+00:00,1931.045,1931.234,1930.938,1931.127,115.2
2024-01-14T23:19:00+00:00,1931.127,1931.218,1930.794,1930.885,172.9
2024-01-14T23:20:00+00:00,1930.885,1931.244,1930.284,1930.643,118.8
2024-01-14T23:21:00+00:00,1930.643,1931.542,1930.104,1931.003,70.5
2024-01-14T23:22:00+00:00,1931.003,1931.129,1930.626,1930.751,112.1
2024-01-14T23:23:00+00:00,1930.751,1930.872,1930.435,1930.556,111.8
2024-01-14T23:24:00+00:00,1930.556,1930.630,1930.497,1930.571,131.7
2024-01-14T23:25:00+00:00,1930.571,1931.072,1929.161,1929.662,117.0
2024-01-14T23:26:00+00:00,1929.662,1930.424,1929.177,1929.940,90.8
2024-01-14T23:27:00+00:00,1929.940,1930.099,1929.849,1930.008,136.1
2024-01-14T23:28:00+00:00,1930.008,1930.194,1929.255,1929.440,165.9
2024-01-14T23:29:00+00:00,1929.440,1929.547,1929.110,1929.217,85.2
2024-01-14T23:30:00+00:00,1929.217,1929.366,1929.078,1929.227,135.3
2024-01-14T23:31:00+00:00,1929.227,1930.023,1929.134,1929.930,144.5
2024-01-14T23:32:00+00:00,1929.930,1930.003,1929.364,1929.436,105.6
2024-01-14T23:33:00+00:00,1929.436,1929.875,1929.053,1929.492,119.6
2024-01-14T23:34:00+00:00,1929.492,1929.925,1929.255,1929.688,135.6
2024-01-14T23:35:00+00:00,1929.688,1930.046,1929.479,1929.838,151.1
2024-01-14T23:36:00+00:00,1929.838,1930.065,1929.615,1929.843,63.1
2024-01-14T23:37:00+00:00,1929.843,1930.678,1929.746,1930.581,142.5
2024-01-14T23:38:00+00:00,1930.581,1930.978,1930.509,1930.906,95.2
2024-01-14T23:39:00+00:00,1930.906,1931.267,1930.773,1931.134,174.2
2024-01-14T23:40:00+00:00,1931.134,1931.239,1930.945,1931.049,77.6
2024-01-14T23:41:00+00:00,1931.049,1931.527,1930.385,1930.862,51.0
2024-01-14T23:42:00+00:00,1930.862,1930.948,1930.727,1930.812,159.7
2024-01-14T23:43:00+00:00,1930.812,1930.983,1930.437,1930.607,118.2
2024-01-14T23:44:00+00:00,1930.607,1930.725,1930.140,1930.257,118.0
2024-01-14T23:45:00+00:00,1930.257,1930.345,1930.049,1930.138,133.8
2024-01-14T23:46:00+00:00,1930.138,1930.277,1929.577,1929.716,135.1
2024-01-14T23:47:00+00:00,1929.716,1930.065,1929.044,1929.392,96.2
2024-01-14T23:48:00+00:00,1929.392,1929.512,1929.341,1929.461,116.0
2024-01-14T23:49:00+00:00,1929.461,1929.529,1929.160,1929.228,119.7
2024-01-14T23:50:00+00:00,1929.228,1930.078,1928.611,1929.461,128.2
2024-01-14T23:51:00+00:00,1929.461,1929.726,1929.215,1929.480,140.3
2024-01-14T23:52:00+00:00,1929.480,1929.576,1929.218,1929.314,162.4
2024-01-14T23:53:00+00:00,1929.314,1930.035,1929.076,1929.796,147.3
2024-01-14T23:54:00+00:00,1929.796,1930.589,1929.056,1929.849,150.5
2024-01-14T23:55:00+00:00,1929.849,1929.994,1929.481,1929.626,131.3
2024-01-14T23:56:00+00:00,1929.626,1930.129,1929.165,1929.668,125.1
2024-01-14T23:57:00+00:00,1929.668,1929.752,1929.261,1929.344,147.3
2024-01-14T23:58:00+00:00,1929.344,1929.801,1929.187,1929.644,112.6
2024-01-14T23:59:00+00:00,1929.644,1929.884,1928.752,1928.992,136.7
2024-01-15T00:00:00+00:00,1928.992,1929.303,1928.804,1929.115,70.0
2024-01-15T00:01:00+00:00,1929.115,1929.426,1928.870,1929.180,158.7
2024-01-15T00:02:00+00:00,1929.180,1929.501,1928.905,1929.226,75.4
2024-01-15T00:03:00+00:00,1929.226,1930.160,1928.733,1929.667,99.5
2024-01-15T00:04:00+00:00,1929.667,1929.779,1929.192,1929.304,147.1
2024-01-15T00:05:00+00:00,1929.304,1929.920,1928.562,1929.178,149.5
2024-01-15T00:06:00+00:00,1929.178,1929.646,1929.126,1929.594,146.6
2024-01-15T00:07:00+00:00,1929.594,1929.845,1929.064,1929.315,76.6
2024-01-15T00:08:00+00:00,1929.315,1929.846,1929.030,1929.561,147.5
2024-01-15T00:09:00+00:00,1929.561,1929.739,1929.413,1929.591,107.0
2024-01-15T00:10:00+00:00,1929.591,1930.183,1928.847,1929.440,131.3
2024-01-15T00:11:00+00:00,1929.440,1929.649,1929.121,1929.329,82.6
2024-01-15T00:12:00+00:00,1929.329,1929.622,1928.860,1929.153,102.8
2024-01-15T00:13:00+00:00,1929.153,1929.259,1929.043,1929.149,78.8
2024-01-15T00:14:00+00:00,1929.149,1929.624,1928.538,1929.013,156.8
2024-01-15T00:15:00+00:00,1929.013,1929.237,1928.946,1929.169,104.6
2024-01-15T00:16:00+00:00,1929.169,1929.369,1928.869,1929.068,78.4
2024-01-15T00:17:00+00:00,1929.068,1929.246,1928.421,1928.599,159.6
2024-01-15T00:18:00+00:00,1928.599,1929.073,1927.832,1928.307,134.3
2024-01-15T00:19:00+00:00,1928.307,1928.405,1928.160,1928.258,113.7
2024-01-15T00:20:00+00:00,1928.258,1928.600,1927.539,1927.881,162.2
2024-01-15T00:21:00+00:00,1927.881,1927.990,1927.576,1927.685,119.1
2024-01-15T00:22:00+00:00,1927.685,1927.823,1927.591,1927.730,57.2
2024-01-15T00:23:00+00:00,1927.730,1927.875,1927.300,1927.446,127.5
2024-01-15T00:24:00+00:00,1927.446,1927.670,1926.509,1926.732,134.2
2024-01-15T00:25:00+00:00,1926.732,1926.819,1926.245,1926.332,137.1
2024-01-15T00:26:00+00:00,1926.332,1926.513,1925.687,1925.868,154.2
2024-01-15T00:27:00+00:00,1925.868,1926.985,1925.440,1926.557,103.5
2024-01-15T00:28:00+00:00,1926.557,1927.403,1926.160,1927.006,137.4
2024-01-15T00:29:00+00:00,1927.006,1927.536,1926.698,1927.228,116.9
2024-01-15T00:30:00+00:00,1927.228,1927.419,1926.853,1927.044,163.0
2024-01-15T00:31:00+00:00,1927.044,1927.164,1926.991,1927.112,135.2
2024-01-15T00:32:00+00:00,1927.112,1927.450,1926.736,1927.074,87.7
2024-01-15T00:33:00+00:00,1927.074,1927.290,1926.628,1926.844,92.9
2024-01-15T00:34:00+00:00,1926.844,1926.935,1926.604,1926.695,128.1
2024-01-15T00:35:00+00:00,1926.695,1926.871,1926.440,1926.616,97.8
2024-01-15T00:36:00+00:00,1926.616,1927.241,1926.509,1927.133,123.7
2024-01-15T00:37:00+00:00,1927.133,1927.502,1926.279,1926.648,115.9
2024-01-15T00:38:00+00:00,1926.648,1926.967,1926.458,1926.778,119.6
2024-01-15T00:39:00+00:00,1926.778,1927.005,1926.671,1926.898,103.3
2024-01-15T00:40:00+00:00,1926.898,1927.032,1926.633,1926.767,137.6
2024-01-15T00:41:00+00:00,1926.767,1927.328,1926.683,1927.243,126.4
2024-01-15T00:42:00+00:00,1927.243,1928.131,1926.729,1927.617,68.6
2024-01-15T00:43:00+00:00,1927.617,1928.604,1927.540,1928.527,119.3
2024-01-15T00:44:00+00:00,1928.527,1928.721,1928.349,1928.543,99.0
2024-01-15T00:45:00+00:00,1928.543,1928.883,1928.243,1928.583,118.0
2024-01-15T00:46:00+00:00,1928.583,1928.877,1928.405,1928.699,108.4
2024-01-15T00:47:00+00:00,1928.699,1928.940,1928.359,1928.599,104.0
2024-01-15T00:48:00+00:00,1928.599,1928.781,1928.181,1928.363,156.3
2024-01-15T00:49:00+00:00,1928.363,1928.743,1927.660,1928.040,88.8
2024-01-15T00:50:00+00:00,1928.040,1928.787,1927.738,1928.485,132.2
2024-01-15T00:51:00+00:00,1928.485,1928.983,1928.300,1928.798,155.8
2024-01-15T00:52:00+00:00,1928.798,1929.145,1928.566,1928.913,154.6
2024-01-15T00:53:00+00:00,1928.913,1929.501,1928.249,1928.837,108.0
2024-01-15T00:54:00+00:00,1928.837,1929.099,1928.309,1928.571,163.7
2024-01-15T00:55:00+00:00,1928.571,1928.788,1928.046,1928.263,89.2
2024-01-15T00:56:00+00:00,1928.263,1928.673,1928.066,1928.476,112.4
2024-01-15T00:57:00+00:00,1928.476,1928.713,1928.289,1928.526,155.6
2024-01-15T00:58:00+00:00,1928.526,1928.998,1928.256,1928.727,79.6
2024-01-15T00:59:00+00:00,1928.727,1929.059,1928.190,1928.522,79.8
2024-01-15T01:00:00+00:00,1928.522,1929.349,1928.298,1929.126,86.0
2024-01-15T01:01:00+00:00,1929.126,1929.277,1928.948,1929.100,98.1
2024-01-15T01:02:00+00:00,1929.100,1929.183,1928.604,1928.688,132.5
2024-01-15T01:03:00+00:00,1928.688,1929.381,1928.368,1929.062,95.4
2024-01-15T01:04:00+00:00,1929.062,1929.388,1928.975,1929.301,79.6
2024-01-15T01:05:00+00:00,1929.301,1929.453,1929.150,1929.302,139.7
2024-01-15T01:06:00+00:00,1929.302,1929.785,1929.172,1929.655,121.9
2024-01-15T01:07:00+00:00,1929.655,1929.760,1929.532,1929.637,115.2
2024-01-15T01:08:00+00:00,1929.637,1929.809,1929.126,1929.298,123.4
2024-01-15T01:09:00+00:00,1929.298,1929.709,1929.106,1929.517,158.6
2024-01-15T01:10:00+00:00,1929.517,1929.945,1928.742,1929.170,112.1
2024-01-15T01:11:00+00:00,1929.170,1930.009,1928.540,1929.379,113.8
2024-01-15T01:12:00+00:00,1929.379,1930.298,1928.903,1929.822,80.8
2024-01-15T01:13:00+00:00,1929.822,1930.088,1928.935,1929.201,203.9
2024-01-15T01:14:00+00:00,1929.201,1929.414,1928.333,1928.546,111.5
2024-01-15T01:15:00+00:00,1928.546,1928.925,1928.226,1928.605,158.8
2024-01-15T01:16:00+00:00,1928.605,1928.735,1928.120,1928.251,108.6
2024-01-15T01:17:00+00:00,1928.251,1928.435,1927.743,1927.927,75.7
2024-01-15T01:18:00+00:00,1927.927,1928.060,1927.428,1927.561,84.3
2024-01-15T01:19:00+00:00,1927.561,1927.684,1927.317,1927.440,125.0
2024-01-15T01:20:00+00:00,1927.440,1927.915,1926.287,1926.762,140.6
2024-01-15T01:21:00+00:00,1926.762,1926.911,1926.337,1926.487,159.2
2024-01-15T01:22:00+00:00,1926.487,1926.750,1926.272,1926.535,101.3
2024-01-15T01:23:00+00:00,1926.535,1926.698,1926.050,1926.213,116.7
2024-01-15T01:24:00+00:00,1926.213,1926.645,1925.403,1925.835,89.0
2024-01-15T01:25:00+00:00,1925.835,1926.038,1925.510,1925.713,123.1
2024-01-15T01:26:00+00:00,1925.713,1926.040,1924.795,1925.122,150.7
2024-01-15T01:27:00+00:00,1925.122,1925.660,1924.865,1925.403,146.0
2024-01-15T01:28:00+00:00,1925.403,1925.906,1925.326,1925.829,133.9
2024-01-15T01:29:00+00:00,1925.829,1926.724,1925.418,1926.313,68.3
2024-01-15T01:30:00+00:00,1926.313,1926.606,1926.099,1926.393,80.6
2024-01-15T01:31:00+00:00,1926.393,1926.771,1926.102,1926.481,134.9
2024-01-15T01:32:00+00:00,1926.481,1927.488,1925.868,1926.876,100.6
2024-01-15T01:33:00+00:00,1926.876,1927.012,1926.718,1926.855,194.2
2024-01-15T01:34:00+00:00,1926.855,1926.995,1926.562,1926.702,166.0
2024-01-15T01:35:00+00:00,1926.702,1926.944,1926.459,1926.701,138.4
2024-01-15T01:36:00+00:00,1926.701,1927.158,1926.556,1927.013,160.4
2024-01-15T01:37:00+00:00,1927.013,1927.548,1926.430,1926.965,105.2
2024-01-15T01:38:00+00:00,1926.965,1927.502,1926.720,1927.257,96.6
2024-01-15T01:39:00+00:00,1927.257,1927.606,1926.976,1927.325,102.7
2024-01-15T01:40:00+00:00,1927.325,1927.765,1927.220,1927.661,151.7
2024-01-15T01:41:00+00:00,1927.661,1928.390,1927.429,1928.158,168.1
2024-01-15T01:42:00+00:00,1928.158,1928.279,1927.734,1927.855,75.1
2024-01-15T01:43:00+00:00,1927.855,1928.188,1926.970,1927.302,81.4
2024-01-15T01:44:00+00:00,1927.302,1927.575,1926.127,1926.400,91.3
2024-01-15T01:45:00+00:00,1926.400,1926.601,1926.103,1926.305,129.6
2024-01-15T01:46:00+00:00,1926.305,1926.825,1926.052,1926.572,123.3
2024-01-15T01:47:00+00:00,1926.572,1926.832,1926.228,1926.488,132.9
2024-01-15T01:48:00+00:00,1926.488,1926.787,1926.267,1926.566,142.5
2024-01-15T01:49:00+00:00,1926.566,1926.918,1925.465,1925.817,115.2
2024-01-15T01:50:00+00:00,1925.817,1926.061,1925.497,1925.740,164.1
2024-01-15T01:51:00+00:00,1925.740,1925.883,1925.063,1925.206,118.5
2024-01-15T01:52:00+00:00,1925.206,1926.102,1924.852,1925.748,164.3
2024-01-15T01:53:00+00:00,1925.748,1926.526,1924.932,1925.710,154.4
2024-01-15T01:54:00+00:00,1925.710,1926.110,1925.127,1925.528,144.2
2024-01-15T01:55:00+00:00,1925.528,1926.098,1925.002,1925.572,101.0
2024-01-15T01:56:00+00:00,1925.572,1926.162,1925.396,1925.985,101.2
2024-01-15T01:57:00+00:00,1925.985,1926.101,1925.627,1925.742,85.0
2024-01-15T01:58:00+00:00,1925.742,1926.312,1924.799,1925.369,99.1
2024-01-15T01:59:00+00:00,1925.369,1925.528,1925.166,1925.325,101.0
2024-01-15T02:00:00+00:00,1925.325,1925.402,1925.157,1925.234,143.5
2024-01-15T02:01:00+00:00,1925.234,1925.470,1925.096,1925.331,119.9
2024-01-15T02:02:00+00:00,1925.331,1925.770,1925.156,1925.595,157.0
2024-01-15T02:03:00+00:00,1925.595,1925.921,1925.383,1925.710,104.4
2024-01-15T02:04:00+00:00,1925.710,1925.851,1925.389,1925.530,137.5
2024-01-15T02:05:00+00:00,1925.530,1926.195,1924.990,1925.654,117.0
2024-01-15T02:06:00+00:00,1925.654,1926.167,1925.518,1926.031,124.1
2024-01-15T02:07:00+00:00,1926.031,1926.269,1925.910,1926.148,53.7
2024-01-15T02:08:00+00:00,1926.148,1926.243,1926.016,1926.111,56.8
2024-01-15T02:09:00+00:00,1926.111,1926.377,1925.575,1925.840,75.0
2024-01-15T02:10:00+00:00,1925.840,1926.012,1925.167,1925.339,114.6
2024-01-15T02:11:00+00:00,1925.339,1925.436,1924.958,1925.056,27.1
2024-01-15T02:12:00+00:00,1925.056,1926.191,1924.610,1925.745,109.6
2024-01-15T02:13:00+00:00,1925.745,1925.877,1925.562,1925.694,135.8
2024-01-15T02:14:00+00:00,1925.694,1925.997,1925.352,1925.655,134.0
2024-01-15T02:15:00+00:00,1925.655,1925.755,1925.156,1925.257,108.7
2024-01-15T02:16:00+00:00,1925.257,1925.533,1924.804,1925.081,105.1
2024-01-15T02:17:00+00:00,1925.081,1925.577,1924.819,1925.315,145.8
2024-01-15T02:18:00+00:00,1925.315,1925.388,1924.750,1924.823,129.5
2024-01-15T02:19:00+00:00,1924.823,1925.045,1924.621,1924.844,122.8
2024-01-15T02:20:00+00:00,1924.844,1925.464,1924.339,1924.959,130.4
2024-01-15T02:21:00+00:00,1924.959,1925.372,1924.233,1924.646,157.7
2024-01-15T02:22:00+00:00,1924.646,1924.982,1923.630,1923.966,96.0
2024-01-15T02:23:00+00:00,1923.966,1924.078,1923.840,1923.952,123.2
2024-01-15T02:24:00+00:00,1923.952,1924.515,1923.567,1924.129,102.1
2024-01-15T02:25:00+00:00,1924.129,1924.388,1923.921,1924.180,112.8
2024-01-15T02:26:00+00:00,1924.180,1924.460,1923.353,1923.633,100.2
2024-01-15T02:27:00+00:00,1923.633,1924.359,1923.221,1923.948,167.7
2024-01-15T02:28:00+00:00,1923.948,1924.153,1923.398,1923.604,136.7
2024-01-15T02:29:00+00:00,1923.604,1923.749,1923.424,1923.569,152.3
2024-01-15T02:30:00+00:00,1923.569,1924.596,1923.081,1924.108,128.4
2024-01-15T02:31:00+00:00,1924.108,1924.222,1923.852,1923.966,113.1
2024-01-15T02:32:00+00:00,1923.966,1924.356,1923.397,1923.786,47.7
2024-01-15T02:33:00+00:00,1923.786,1924.065,1923.707,1923.986,130.6
2024-01-15T02:34:00+00:00,1923.986,1924.681,1923.629,1924.325,120.3
2024-01-15T02:35:00+00:00,1924.325,1925.065,1924.086,1924.827,110.8
2024-01-15T02:36:00+00:00,1924.827,1925.211,1924.680,1925.063,125.7
2024-01-15T02:37:00+00:00,1925.063,1925.347,1924.381,1924.664,72.3
2024-01-15T02:38:00+00:00,1924.664,1924.733,1924.229,1924.298,124.1
2024-01-15T02:39:00+00:00,1924.298,1924.406,1924.211,1924.319,79.2
2024-01-15T02:40:00+00:00,1924.319,1924.962,1923.900,1924.543,96.5
2024-01-15T02:41:00+00:00,1924.543,1924.668,1924.407,1924.532,105.2
2024-01-15T02:42:00+00:00,1924.532,1925.122,1924.217,1924.807,154.8
2024-01-15T02:43:00+00:00,1924.807,1925.064,1924.153,1924.410,126.3
2024-01-15T02:44:00+00:00,1924.410,1924.574,1923.946,1924.110,129.0
2024-01-15T02:45:00+00:00,1924.110,1924.321,1923.574,1923.785,78.3
2024-01-15T02:46:00+00:00,1923.785,1923.935,1923.585,1923.734,58.0
2024-01-15T02:47:00+00:00,1923.734,1923.823,1923.569,1923.658,113.4
2024-01-15T02:48:00+00:00,1923.658,1924.031,1923.123,1923.496,132.6
2024-01-15T02:49:00+00:00,1923.496,1923.785,1923.257,1923.546,88.4
2024-01-15T02:50:00+00:00,1923.546,1923.841,1923.255,1923.551,141.6
2024-01-15T02:51:00+00:00,1923.551,1924.110,1923.049,1923.609,174.2
2024-01-15T02:52:00+00:00,1923.609,1923.798,1922.990,1923.179,123.3
2024-01-15T02:53:00+00:00,1923.179,1924.295,1922.526,1923.642,91.1
2024-01-15T02:54:00+00:00,1923.642,1924.007,1923.077,1923.442,147.3
2024-01-15T02:55:00+00:00,1923.442,1923.800,1923.369,1923.726,120.1
2024-01-15T02:56:00+00:00,1923.726,1923.856,1923.354,1923.484,157.0
2024-01-15T02:57:00+00:00,1923.484,1923.758,1923.310,1923.584,83.6
2024-01-15T02:58:00+00:00,1923.584,1924.110,1923.327,1923.853,74.5
2024-01-15T02:59:00+00:00,1923.853,1924.251,1923.598,1923.996,59.3
2024-01-15T03:00:00+00:00,1923.996,1924.186,1923.229,1923.419,151.1
2024-01-15T03:01:00+00:00,1923.419,1923.834,1923.150,1923.565,165.1
2024-01-15T03:02:00+00:00,1923.565,1924.121,1923.351,1923.907,102.1
2024-01-15T03:03:00+00:00,1923.907,1924.322,1923.747,1924.162,127.2
2024-01-15T03:04:00+00:00,1924.162,1924.448,1924.087,1924.373,123.7
2024-01-15T03:05:00+00:00,1924.373,1924.491,1923.748,1923.866,92.2
2024-01-15T03:06:00+00:00,1923.866,1924.149,1923.595,1923.878,82.4
2024-01-15T03:07:00+00:00,1923.878,1924.521,1923.426,1924.069,106.4
2024-01-15T03:08:00+00:00,1924.069,1924.312,1923.528,1923.772,134.0
2024-01-15T03:09:00+00:00,1923.772,1924.154,1923.512,1923.894,122.4
2024-01-15T03:10:00+00:00,1923.894,1924.492,1923.731,1924.329,115.4
2024-01-15T03:11:00+00:00,1924.329,1924.846,1923.958,1924.475,163.2
2024-01-15T03:12:00+00:00,1924.475,1925.133,1923.849,1924.507,113.1
2024-01-15T03:13:00+00:00,1924.507,1924.844,1923.649,1923.986,73.7
2024-01-15T03:14:00+00:00,1923.986,1924.269,1923.822,1924.104,119.3
2024-01-15T03:15:00+00:00,1924.104,1924.195,1923.709,1923.799,95.8
2024-01-15T03:16:00+00:00,1923.799,1924.068,1923.466,1923.735,118.5
2024-01-15T03:17:00+00:00,1923.735,1924.347,1923.362,1923.975,60.3
2024-01-15T03:18:00+00:00,1923.975,1924.292,1923.892,1924.209,103.9
2024-01-15T03:19:00+00:00,1924.209,1924.363,1923.372,1923.527,114.2
2024-01-15T03:20:00+00:00,1923.527,1924.147,1923.099,1923.719,69.6
2024-01-15T03:21:00+00:00,1923.719,1923.830,1923.529,1923.640,138.2
2024-01-15T03:22:00+00:00,1923.640,1923.704,1923.567,1923.631,102.7
2024-01-15T03:23:00+00:00,1923.631,1923.956,1922.823,1923.148,186.9
2024-01-15T03:24:00+00:00,1923.148,1923.346,1922.975,1923.173,140.4
2024-01-15T03:25:00+00:00,1923.173,1923.267,1923.060,1923.153,149.4
2024-01-15T03:26:00+00:00,1923.153,1923.656,1922.687,1923.190,54.4
2024-01-15T03:27:00+00:00,1923.190,1923.671,1922.432,1922.913,126.5
2024-01-15T03:28:00+00:00,1922.913,1923.118,1922.703,1922.907,77.6
2024-01-15T03:29:00+00:00,1922.907,1923.283,1922.635,1923.011,108.1
2024-01-15T03:30:00+00:00,1923.011,1923.270,1922.930,1923.189,101.4
2024-01-15T03:31:00+00:00,1923.189,1923.723,1923.026,1923.561,105.3
2024-01-15T03:32:00+00:00,1923.561,1924.440,1923.404,1924.283,117.9
2024-01-15T03:33:00+00:00,1924.283,1924.593,1924.145,1924.455,138.8
2024-01-15T03:34:00+00:00,1924.455,1924.908,1924.214,1924.667,148.5
2024-01-15T03:35:00+00:00,1924.667,1924.990,1924.277,1924.600,68.9
2024-01-15T03:36:00+00:00,1924.600,1925.108,1923.728,1924.236,167.1
2024-01-15T03:37:00+00:00,1924.236,1924.353,1923.527,1923.644,111.8
2024-01-15T03:38:00+00:00,1923.644,1924.463,1923.344,1924.163,89.8
2024-01-15T03:39:00+00:00,1924.163,1924.866,1924.020,1924.724,148.4
2024-01-15T03:40:00+00:00,1924.724,1925.240,1924.537,1925.053,156.8
2024-01-15T03:41:00+00:00,1925.053,1925.577,1924.095,1924.619,107.9
2024-01-15T03:42:00+00:00,1924.619,1925.463,1924.277,1925.120,132.3
2024-01-15T03:43:00+00:00,1925.120,1926.010,1924.878,1925.768,90.3
2024-01-15T03:44:00+00:00,1925.768,1925.868,1925.187,1925.287,109.2
2024-01-15T03:45:00+00:00,1925.287,1926.352,1924.805,1925.869,152.4
2024-01-15T03:46:00+00:00,1925.869,1926.170,1925.807,1926.107,58.4
2024-01-15T03:47:00+00:00,1926.107,1926.999,1925.399,1926.291,107.1
2024-01-15T03:48:00+00:00,1926.291,1926.889,1926.045,1926.642,80.3
2024-01-15T03:49:00+00:00,1926.642,1926.921,1926.396,1926.675,121.5
2024-01-15T03:50:00+00:00,1926.675,1927.241,1926.187,1926.753,81.2
2024-01-15T03:51:00+00:00,1926.753,1927.359,1926.655,1927.262,74.7
2024-01-15T03:52:00+00:00,1927.262,1927.591,1926.889,1927.218,80.2
2024-01-15T03:53:00+00:00,1927.218,1927.638,1926.468,1926.888,133.8
2024-01-15T03:54:00+00:00,1926.888,1928.119,1926.605,1927.836,107.1
2024-01-15T03:55:00+00:00,1927.836,1928.047,1927.328,1927.539,113.2
2024-01-15T03:56:00+00:00,1927.539,1928.078,1926.884,1927.422,174.1
2024-01-15T03:57:00+00:00,1927.422,1927.487,1927.232,1927.296,148.9
2024-01-15T03:58:00+00:00,1927.296,1927.565,1926.960,1927.228,114.6
2024-01-15T03:59:00+00:00,1927.228,1927.603,1926.110,1926.485,83.9
2024-01-15T04:00:00+00:00,1926.485,1926.806,1926.023,1926.345,72.1
2024-01-15T04:01:00+00:00,1926.345,1926.726,1925.537,1925.918,29.2
2024-01-15T04:02:00+00:00,1925.918,1926.111,1925.465,1925.657,131.2
2024-01-15T04:03:00+00:00,1925.657,1925.918,1925.055,1925.316,124.4
2024-01-15T04:04:00+00:00,1925.316,1925.790,1925.101,1925.575,111.8
2024-01-15T04:05:00+00:00,1925.575,1926.177,1925.123,1925.725,150.3
2024-01-15T04:06:00+00:00,1925.725,1926.372,1924.932,1925.579,122.3
2024-01-15T04:07:00+00:00,1925.579,1925.853,1925.441,1925.715,140.1
2024-01-15T04:08:00+00:00,1925.715,1926.055,1925.521,1925.861,108.6
2024-01-15T04:09:00+00:00,1925.861,1926.778,1925.360,1926.277,158.0
2024-01-15T04:10:00+00:00,1926.277,1926.401,1926.152,1926.277,98.1
2024-01-15T04:11:00+00:00,1926.277,1926.334,1926.144,1926.201,157.3
2024-01-15T04:12:00+00:00,1926.201,1926.490,1925.852,1926.141,62.7
2024-01-15T04:13:00+00:00,1926.141,1927.370,1925.754,1926.983,99.2
2024-01-15T04:14:00+00:00,1926.983,1927.225,1926.346,1926.589,120.0
2024-01-15T04:15:00+00:00,1926.589,1926.891,1926.282,1926.584,108.9
2024-01-15T04:16:00+00:00,1926.584,1926.782,1926.364,1926.562,109.5
2024-01-15T04:17:00+00:00,1926.562,1927.026,1926.481,1926.946,146.8
2024-01-15T04:18:00+00:00,1926.946,1927.569,1926.823,1927.447,158.8
2024-01-15T04:19:00+00:00,1927.447,1927.668,1927.207,1927.428,123.4
2024-01-15T04:20:00+00:00,1927.428,1928.422,1927.214,1928.208,170.7
2024-01-15T04:21:00+00:00,1928.208,1928.402,1928.078,1928.272,93.9
2024-01-15T04:22:00+00:00,1928.272,1928.579,1927.988,1928.295,101.2
2024-01-15T04:23:00+00:00,1928.295,1928.836,1927.916,1928.456,96.0
2024-01-15T04:24:00+00:00,1928.456,1928.886,1928.012,1928.443,134.0
2024-01-15T04:25:00+00:00,1928.443,1928.859,1928.306,1928.722,72.3
2024-01-15T04:26:00+00:00,1928.722,1928.966,1928.308,1928.551,153.8
2024-01-15T04:27:00+00:00,1928.551,1929.094,1927.694,1928.237,124.7
2024-01-15T04:28:00+00:00,1928.237,1928.478,1928.043,1928.285,36.5
2024-01-15T04:29:00+00:00,1928.285,1929.189,1927.663,1928.567,136.4
2024-01-15T04:30:00+00:00,1928.567,1928.908,1928.455,1928.796,130.1
2024-01-15T04:31:00+00:00,1928.796,1929.185,1928.720,1929.109,103.9
2024-01-15T04:32:00+00:00,1929.109,1929.328,1928.871,1929.091,123.7
2024-01-15T04:33:00+00:00,1929.091,1929.404,1928.606,1928.919,163.3
2024-01-15T04:34:00+00:00,1928.919,1929.416,1928.868,1929.365,91.9
2024-01-15T04:35:00+00:00,1929.365,1929.823,1929.146,1929.604,127.1
2024-01-15T04:36:00+00:00,1929.604,1929.772,1929.237,1929.405,159.3
2024-01-15T04:37:00+00:00,1929.405,1929.686,1929.136,1929.417,135.7
2024-01-15T04:38:00+00:00,1929.417,1929.588,1929.118,1929.289,107.0
2024-01-15T04:39:00+00:00,1929.289,1929.732,1929.216,1929.658,111.7
2024-01-15T04:40:00+00:00,1929.658,1929.870,1929.359,1929.571,80.0
2024-01-15T04:41:00+00:00,1929.571,1929.860,1929.090,1929.379,184.2
2024-01-15T04:42:00+00:00,1929.379,1929.768,1929.240,1929.629,115.7
2024-01-15T04:43:00+00:00,1929.629,1929.862,1929.309,1929.542,85.9
2024-01-15T04:44:00+00:00,1929.542,1929.953,1929.017,1929.428,123.7
2024-01-15T04:45:00+00:00,1929.428,1930.336,1929.043,1929.952,87.5
2024-01-15T04:46:00+00:00,1929.952,1930.592,1929.759,1930.399,148.7
2024-01-15T04:47:00+00:00,1930.399,1930.491,1930.297,1930.389,104.8
2024-01-15T04:48:00+00:00,1930.389,1930.675,1930.138,1930.425,129.2
2024-01-15T04:49:00+00:00,1930.425,1930.511,1930.175,1930.261,137.0
2024-01-15T04:50:00+00:00,1930.261,1930.698,1929.860,1930.297,122.3
2024-01-15T04:51:00+00:00,1930.297,1930.659,1930.153,1930.515,132.9
2024-01-15T04:52:00+00:00,1930.515,1931.128,1930.379,1930.992,122.7
2024-01-15T04:53:00+00:00,1930.992,1931.096,1930.881,1930.986,81.8
2024-01-15T04:54:00+00:00,1930.986,1931.211,1930.782,1931.007,149.1
2024-01-15T04:55:00+00:00,1931.007,1931.744,1930.791,1931.528,50.0
2024-01-15T04:56:00+00:00,1931.528,1931.833,1931.371,1931.676,149.6
2024-01-15T04:57:00+00:00,1931.676,1931.735,1931.285,1931.344,84.3
2024-01-15T04:58:00+00:00,1931.344,1931.780,1930.944,1931.379,151.6
2024-01-15T04:59:00+00:00,1931.379,1931.851,1931.135,1931.606,128.9
2024-01-15T05:00:00+00:00,1931.606,1931.995,1931.217,1931.606,149.7
2024-01-15T05:01:00+00:00,1931.606,1932.032,1931.312,1931.737,130.1
2024-01-15T05:02:00+00:00,1931.737,1932.644,1931.293,1932.200,92.9
2024-01-15T05:03:00+00:00,1932.200,1932.289,1932.017,1932.106,106.4
2024-01-15T05:04:00+00:00,1932.106,1932.466,1931.906,1932.266,134.7
2024-01-15T05:05:00+00:00,1932.266,1933.297,1932.058,1933.089,109.0
2024-01-15T05:06:00+00:00,1933.089,1933.312,1932.587,1932.809,79.7
2024-01-15T05:07:00+00:00,1932.809,1933.317,1932.694,1933.201,97.7
2024-01-15T05:08:00+00:00,1933.201,1934.012,1933.057,1933.869,143.5
2024-01-15T05:09:00+00:00,1933.869,1934.923,1933.500,1934.555,105.8
2024-01-15T05:10:00+00:00,1934.555,1935.142,1934.402,1934.990,131.8
2024-01-15T05:11:00+00:00,1934.990,1935.323,1934.898,1935.230,61.6
2024-01-15T05:12:00+00:00,1935.230,1935.737,1933.853,1934.359,159.2
2024-01-15T05:13:00+00:00,1934.359,1934.912,1934.109,1934.661,142.7
2024-01-15T05:14:00+00:00,1934.661,1934.974,1934.443,1934.755,129.6
2024-01-15T05:15:00+00:00,1934.755,1934.979,1934.532,1934.756,81.0
2024-01-15T05:16:00+00:00,1934.756,1935.575,1934.416,1935.236,89.9
2024-01-15T05:17:00+00:00,1935.236,1935.301,1934.638,1934.703,104.0
2024-01-15T05:18:00+00:00,1934.703,1934.932,1934.471,1934.700,74.8
2024-01-15T05:19:00+00:00,1934.700,1935.398,1934.269,1934.968,128.6
2024-01-15T05:20:00+00:00,1934.968,1935.343,1934.684,1935.059,115.9
2024-01-15T05:21:00+00:00,1935.059,1935.381,1934.886,1935.208,127.4
2024-01-15T05:22:00+00:00,1935.208,1935.541,1933.635,1933.968,146.6
2024-01-15T05:23:00+00:00,1933.968,1934.227,1933.166,1933.426,61.9
2024-01-15T05:24:00+00:00,1933.426,1933.483,1933.164,1933.221,132.9
2024-01-15T05:25:00+00:00,1933.221,1933.625,1932.752,1933.156,139.9
2024-01-15T05:26:00+00:00,1933.156,1933.486,1932.857,1933.187,72.4
2024-01-15T05:27:00+00:00,1933.187,1933.546,1932.129,1932.488,134.1
2024-01-15T05:28:00+00:00,1932.488,1932.919,1932.208,1932.638,166.3
2024-01-15T05:29:00+00:00,1932.638,1932.858,1932.382,1932.602,153.6
2024-01-15T05:30:00+00:00,1932.602,1933.144,1932.325,1932.866,148.0
2024-01-15T05:31:00+00:00,1932.866,1933.164,1932.398,1932.696,121.5
2024-01-15T05:32:00+00:00,1932.696,1932.751,1932.355,1932.409,50.0
2024-01-15T05:33:00+00:00,1932.409,1932.512,1932.246,1932.349,115.8
2024-01-15T05:34:00+00:00,1932.349,1932.623,1932.205,1932.479,137.2
2024-01-15T05:35:00+00:00,1932.479,1932.881,1932.302,1932.704,156.8
2024-01-15T05:36:00+00:00,1932.704,1933.169,1932.570,1933.035,127.8
2024-01-15T05:37:00+00:00,1933.035,1933.871,1932.294,1933.130,103.3
2024-01-15T05:38:00+00:00,1933.130,1933.480,1932.642,1932.992,135.6
2024-01-15T05:39:00+00:00,1932.992,1933.623,1932.837,1933.468,101.0
2024-01-15T05:40:00+00:00,1933.468,1933.716,1933.354,1933.601,93.5
2024-01-15T05:41:00+00:00,1933.601,1934.256,1933.111,1933.765,101.4
2024-01-15T05:42:00+00:00,1933.765,1933.908,1933.361,1933.503,42.0
2024-01-15T05:43:00+00:00,1933.503,1933.557,1933.172,1933.225,107.6
2024-01-15T05:44:00+00:00,1933.225,1933.611,1933.060,1933.445,126.4
2024-01-15T05:45:00+00:00,1933.445,1934.000,1933.052,1933.606,86.1
2024-01-15T05:46:00+00:00,1933.606,1933.962,1932.934,1933.290,144.5
2024-01-15T05:47:00+00:00,1933.290,1933.652,1932.800,1933.162,153.0
2024-01-15T05:48:00+00:00,1933.162,1933.474,1932.772,1933.084,103.6
2024-01-15T05:49:00+00:00,1933.084,1934.102,1932.518,1933.536,102.7
2024-01-15T05:50:00+00:00,1933.536,1934.345,1933.346,1934.154,141.2
2024-01-15T05:51:00+00:00,1934.154,1934.695,1934.038,1934.580,136.7
2024-01-15T05:52:00+00:00,1934.580,1934.982,1934.426,1934.828,76.3
2024-01-15T05:53:00+00:00,1934.828,1935.663,1934.459,1935.295,106.3
2024-01-15T05:54:00+00:00,1935.295,1935.375,1934.913,1934.994,120.2
2024-01-15T05:55:00+00:00,1934.994,1935.305,1934.937,1935.248,121.7
2024-01-15T05:56:00+00:00,1935.248,1935.559,1934.676,1934.987,114.1
2024-01-15T05:57:00+00:00,1934.987,1935.522,1934.872,1935.407,80.2
2024-01-15T05:58:00+00:00,1935.407,1935.845,1935.222,1935.659,114.5
2024-01-15T05:59:00+00:00,1935.659,1935.925,1935.484,1935.750,118.5
2024-01-15T06:00:00+00:00,1935.750,1936.121,1935.586,1935.957,106.6
2024-01-15T06:01:00+00:00,1935.957,1936.632,1935.658,1936.333,109.9
2024-01-15T06:02:00+00:00,1936.333,1937.295,1936.064,1937.026,105.9
2024-01-15T06:03:00+00:00,1937.026,1937.418,1936.499,1936.892,142.8
2024-01-15T06:04:00+00:00,1936.892,1937.687,1936.347,1937.142,119.5
2024-01-15T06:05:00+00:00,1937.142,1937.650,1936.945,1937.453,100.2
2024-01-15T06:06:00+00:00,1937.453,1938.410,1937.143,1938.100,155.7
2024-01-15T06:07:00+00:00,1938.100,1938.181,1937.863,1937.944,108.6
2024-01-15T06:08:00+00:00,1937.944,1938.269,1937.755,1938.079,120.9
2024-01-15T06:09:00+00:00,1938.079,1938.343,1937.412,1937.676,131.6
2024-01-15T06:10:00+00:00,1937.676,1937.907,1937.445,1937.676,99.0
2024-01-15T06:11:00+00:00,1937.676,1937.954,1937.421,1937.699,149.8
2024-01-15T06:12:00+00:00,1937.699,1938.059,1937.537,1937.897,132.5
2024-01-15T06:13:00+00:00,1937.897,1938.137,1937.749,1937.989,156.1
2024-01-15T06:14:00+00:00,1937.989,1938.044,1937.490,1937.545,168.2
2024-01-15T06:15:00+00:00,1937.545,1937.935,1936.374,1936.764,144.1
2024-01-15T06:16:00+00:00,1936.764,1937.415,1936.207,1936.858,135.5
2024-01-15T06:17:00+00:00,1936.858,1936.923,1936.749,1936.815,139.7
2024-01-15T06:18:00+00:00,1936.815,1937.086,1936.610,1936.881,189.4
2024-01-15T06:19:00+00:00,1936.881,1937.660,1936.747,1937.526,150.0
2024-01-15T06:20:00+00:00,1937.526,1938.172,1937.393,1938.040,143.4
2024-01-15T06:21:00+00:00,1938.040,1938.545,1937.940,1938.445,149.8
2024-01-15T06:22:00+00:00,1938.445,1938.814,1938.016,1938.385,67.4
2024-01-15T06:23:00+00:00,1938.385,1939.213,1938.037,1938.865,111.8
2024-01-15T06:24:00+00:00,1938.865,1939.772,1938.401,1939.308,128.8
2024-01-15T06:25:00+00:00,1939.308,1940.808,1939.006,1940.506,131.8
2024-01-15T06:26:00+00:00,1940.506,1940.962,1940.352,1940.809,113.8
2024-01-15T06:27:00+00:00,1940.809,1941.283,1940.470,1940.944,122.0
2024-01-15T06:28:00+00:00,1940.944,1941.533,1940.762,1941.351,120.4
2024-01-15T06:29:00+00:00,1941.351,1941.888,1940.967,1941.503,139.0
2024-01-15T06:30:00+00:00,1941.503,1941.744,1941.279,1941.520,123.3
2024-01-15T06:31:00+00:00,1941.520,1942.072,1940.865,1941.418,120.9
2024-01-15T06:32:00+00:00,1941.418,1941.620,1941.148,1941.350,126.7
2024-01-15T06:33:00+00:00,1941.350,1941.646,1940.847,1941.143,68.4
2024-01-15T06:34:00+00:00,1941.143,1941.451,1940.677,1940.985,99.1
2024-01-15T06:35:00+00:00,1940.985,1941.871,1940.604,1941.490,68.4
2024-01-15T06:36:00+00:00,1941.490,1942.254,1941.129,1941.893,121.2
2024-01-15T06:37:00+00:00,1941.893,1942.268,1941.803,1942.179,101.1
2024-01-15T06:38:00+00:00,1942.179,1942.314,1942.016,1942.151,139.2
2024-01-15T06:39:00+00:00,1942.151,1943.037,1941.832,1942.718,121.9
2024-01-15T06:40:00+00:00,1942.718,1943.531,1942.254,1943.067,138.8
2024-01-15T06:41:00+00:00,1943.067,1943.221,1942.521,1942.675,109.3
2024-01-15T06:42:00+00:00,1942.675,1942.812,1942.546,1942.682,130.4
2024-01-15T06:43:00+00:00,1942.682,1943.524,1942.055,1942.896,148.8
2024-01-15T06:44:00+00:00,1942.896,1943.059,1942.426,1942.588,100.5
2024-01-15T06:45:00+00:00,1942.588,1943.871,1942.265,1943.547,88.5
2024-01-15T06:46:00+00:00,1943.547,1943.870,1943.496,1943.818,104.8
2024-01-15T06:47:00+00:00,1943.818,1944.199,1943.680,1944.061,87.1
2024-01-15T06:48:00+00:00,1944.061,1944.129,1943.911,1943.979,109.0
2024-01-15T06:49:00+00:00,1943.979,1944.472,1943.917,1944.410,117.3
2024-01-15T06:50:00+00:00,1944.410,1944.861,1943.940,1944.391,138.6
2024-01-15T06:51:00+00:00,1944.391,1944.491,1944.163,1944.263,154.6
2024-01-15T06:52:00+00:00,1944.263,1944.335,1944.049,1944.122,88.6
2024-01-15T06:53:00+00:00,1944.122,1944.257,1944.061,1944.197,95.1
2024-01-15T06:54:00+00:00,1944.197,1944.905,1944.113,1944.822,124.1
2024-01-15T06:55:00+00:00,1944.822,1945.495,1944.767,1945.440,76.1
2024-01-15T06:56:00+00:00,1945.440,1945.874,1945.276,1945.709,106.6
2024-01-15T06:57:00+00:00,1945.709,1946.177,1945.459,1945.927,154.8
2024-01-15T06:58:00+00:00,1945.927,1946.767,1945.687,1946.527,95.6
2024-01-15T06:59:00+00:00,1946.527,1947.396,1946.179,1947.048,116.5
2024-01-15T07:00:00+00:00,1947.048,1947.955,1946.638,1947.545,144.3
2024-01-15T07:01:00+00:00,1947.545,1947.998,1946.835,1947.288,109.1
2024-01-15T07:02:00+00:00,1947.288,1947.432,1946.974,1947.118,147.0
2024-01-15T07:03:00+00:00,1947.118,1947.338,1946.609,1946.829,82.2
2024-01-15T07:04:00+00:00,1946.829,1947.161,1946.457,1946.789,114.6
2024-01-15T07:05:00+00:00,1946.789,1947.261,1946.525,1946.997,146.9
2024-01-15T07:06:00+00:00,1946.997,1947.145,1946.941,1947.089,91.3
2024-01-15T07:07:00+00:00,1947.089,1948.121,1946.909,1947.941,59.2
2024-01-15T07:08:00+00:00,1947.941,1948.414,1947.669,1948.143,58.2
2024-01-15T07:09:00+00:00,1948.143,1948.567,1947.842,1948.267,97.8
2024-01-15T07:10:00+00:00,1948.267,1948.816,1948.154,1948.703,151.0
2024-01-15T07:11:00+00:00,1948.703,1949.152,1947.976,1948.425,114.7
2024-01-15T07:12:00+00:00,1948.425,1948.549,1948.062,1948.186,93.5
2024-01-15T07:13:00+00:00,1948.186,1948.364,1947.689,1947.866,136.8
2024-01-15T07:14:00+00:00,1947.866,1948.123,1947.582,1947.839,87.1
2024-01-15T07:15:00+00:00,1947.839,1948.250,1947.338,1947.750,107.1
2024-01-15T07:16:00+00:00,1947.750,1948.472,1947.684,1948.406,130.2
2024-01-15T07:17:00+00:00,1948.406,1948.513,1948.092,1948.199,75.5
2024-01-15T07:18:00+00:00,1948.199,1949.676,1947.565,1949.042,142.9
2024-01-15T07:19:00+00:00,1949.042,1949.120,1948.854,1948.932,111.6
2024-01-15T07:20:00+00:00,1948.932,1949.476,1948.796,1949.341,131.3
2024-01-15T07:21:00+00:00,1949.341,1949.823,1948.729,1949.211,112.4
2024-01-15T07:22:00+00:00,1949.211,1949.476,1949.036,1949.301,160.8
2024-01-15T07:23:00+00:00,1949.301,1949.467,1948.971,1949.137,79.2
2024-01-15T07:24:00+00:00,1949.137,1949.265,1949.007,1949.135,184.6
2024-01-15T07:25:00+00:00,1949.135,1949.191,1948.704,1948.761,89.7
2024-01-15T07:26:00+00:00,1948.761,1948.920,1948.653,1948.812,141.5
2024-01-15T07:27:00+00:00,1948.812,1949.415,1948.252,1948.855,150.7
2024-01-15T07:28:00+00:00,1948.855,1949.023,1948.650,1948.818,136.9
2024-01-15T07:29:00+00:00,1948.818,1949.128,1948.372,1948.683,101.5
2024-01-15T07:30:00+00:00,1948.683,1948.950,1948.122,1948.389,97.8
2024-01-15T07:31:00+00:00,1948.389,1948.857,1948.159,1948.627,99.8
2024-01-15T07:32:00+00:00,1948.627,1949.004,1948.431,1948.808,143.8
2024-01-15T07:33:00+00:00,1948.808,1949.000,1948.568,1948.760,129.7
2024-01-15T07:34:00+00:00,1948.760,1949.199,1948.659,1949.098,175.3
2024-01-15T07:35:00+00:00,1949.098,1949.463,1948.719,1949.084,95.8
2024-01-15T07:36:00+00:00,1949.084,1949.404,1948.643,1948.963,97.9
2024-01-15T07:37:00+00:00,1948.963,1949.215,1948.635,1948.886,84.6
2024-01-15T07:38:00+00:00,1948.886,1949.068,1948.826,1949.008,150.8
2024-01-15T07:39:00+00:00,1949.008,1949.142,1948.295,1948.429,95.1
2024-01-15T07:40:00+00:00,1948.429,1948.564,1947.759,1947.894,128.6
2024-01-15T07:41:00+00:00,1947.894,1948.524,1947.744,1948.374,124.1
2024-01-15T07:42:00+00:00,1948.374,1948.975,1947.500,1948.101,183.4
2024-01-15T07:43:00+00:00,1948.101,1948.512,1947.343,1947.754,100.9
2024-01-15T07:44:00+00:00,1947.754,1948.022,1947.604,1947.872,88.1
2024-01-15T07:45:00+00:00,1947.872,1948.137,1947.364,1947.629,110.4
2024-01-15T07:46:00+00:00,1947.629,1948.227,1947.484,1948.082,176.6
2024-01-15T07:47:00+00:00,1948.082,1948.607,1947.683,1948.208,186.1
2024-01-15T07:48:00+00:00,1948.208,1948.555,1948.022,1948.369,74.0
2024-01-15T07:49:00+00:00,1948.369,1948.634,1947.645,1947.910,121.8
2024-01-15T07:50:00+00:00,1947.910,1948.522,1947.299,1947.911,142.9
2024-01-15T07:51:00+00:00,1947.911,1948.040,1947.494,1947.623,162.3
2024-01-15T07:52:00+00:00,1947.623,1947.901,1946.876,1947.154,128.4
2024-01-15T07:53:00+00:00,1947.154,1947.355,1946.658,1946.860,156.1
2024-01-15T07:54:00+00:00,1946.860,1947.118,1946.696,1946.954,114.4
2024-01-15T07:55:00+00:00,1946.954,1947.787,1946.111,1946.944,89.7
2024-01-15T07:56:00+00:00,1946.944,1947.248,1946.774,1947.077,114.7
2024-01-15T07:57:00+00:00,1947.077,1947.459,1947.017,1947.399,160.9
2024-01-15T07:58:00+00:00,1947.399,1947.480,1947.176,1947.257,163.8
2024-01-15T07:59:00+00:00,1947.257,1947.533,1946.700,1946.977,99.1
2024-01-15T08:00:00+00:00,1946.977,1947.396,1946.604,1947.024,112.0
2024-01-15T08:01:00+00:00,1947.024,1947.497,1946.855,1947.328,121.5
2024-01-15T08:02:00+00:00,1947.328,1947.789,1946.401,1946.862,136.5
2024-01-15T08:03:00+00:00,1946.862,1947.095,1946.415,1946.648,110.5
2024-01-15T08:04:00+00:00,1946.648,1946.791,1946.396,1946.539,128.6
2024-01-15T08:05:00+00:00,1946.539,1946.928,1945.806,1946.195,89.7
2024-01-15T08:06:00+00:00,1946.195,1946.411,1945.998,1946.214,134.0
2024-01-15T08:07:00+00:00,1946.214,1946.329,1946.055,1946.170,20.9
2024-01-15T08:08:00+00:00,1946.170,1946.623,1945.219,1945.671,87.4
2024-01-15T08:09:00+00:00,1945.671,1946.125,1945.437,1945.891,97.2
2024-01-15T08:10:00+00:00,1945.891,1946.205,1945.138,1945.452,131.1
2024-01-15T08:11:00+00:00,1945.452,1945.883,1944.860,1945.291,170.2
2024-01-15T08:12:00+00:00,1945.291,1945.439,1944.673,1944.821,92.3
2024-01-15T08:13:00+00:00,1944.821,1944.999,1944.565,1944.744,89.4
2024-01-15T08:14:00+00:00,1944.744,1945.222,1944.658,1945.136,90.5
2024-01-15T08:15:00+00:00,1945.136,1945.542,1944.504,1944.911,119.3
2024-01-15T08:16:00+00:00,1944.911,1945.261,1944.822,1945.172,151.2
2024-01-15T08:17:00+00:00,1945.172,1945.240,1944.963,1945.031,94.4
2024-01-15T08:18:00+00:00,1945.031,1945.272,1944.159,1944.400,132.9
2024-01-15T08:19:00+00:00,1944.400,1944.708,1944.226,1944.534,104.0
2024-01-15T08:20:00+00:00,1944.534,1944.807,1944.108,1944.381,147.8
2024-01-15T08:21:00+00:00,1944.381,1944.809,1943.569,1943.997,134.6
2024-01-15T08:22:00+00:00,1943.997,1944.532,1943.735,1944.270,101.5
2024-01-15T08:23:00+00:00,1944.270,1944.735,1943.830,1944.294,64.5
2024-01-15T08:24:00+00:00,1944.294,1944.646,1944.190,1944.542,124.4
2024-01-15T08:25:00+00:00,1944.542,1944.655,1943.895,1944.008,137.4
2024-01-15T08:26:00+00:00,1944.008,1944.928,1943.775,1944.695,101.3
2024-01-15T08:27:00+00:00,1944.695,1945.184,1944.177,1944.667,112.4
2024-01-15T08:28:00+00:00,1944.667,1944.761,1944.560,1944.655,135.7
2024-01-15T08:29:00+00:00,1944.655,1945.228,1944.587,1945.160,127.9
2024-01-15T08:30:00+00:00,1945.160,1945.316,1944.618,1944.774,113.5
2024-01-15T08:31:00+00:00,1944.774,1945.283,1943.983,1944.492,53.0
2024-01-15T08:32:00+00:00,1944.492,1944.846,1944.080,1944.434,130.2
2024-01-15T08:33:00+00:00,1944.434,1944.686,1944.280,1944.533,162.9
2024-01-15T08:34:00+00:00,1944.533,1944.607,1944.078,1944.153,75.8
2024-01-15T08:35:00+00:00,1944.153,1944.861,1943.648,1944.356,132.5
2024-01-15T08:36:00+00:00,1944.356,1944.645,1943.623,1943.911,116.5
2024-01-15T08:37:00+00:00,1943.911,1944.730,1943.587,1944.406,147.8
2024-01-15T08:38:00+00:00,1944.406,1944.938,1944.278,1944.811,101.3
2024-01-15T08:39:00+00:00,1944.811,1945.004,1944.353,1944.546,115.6
2024-01-15T08:40:00+00:00,1944.546,1945.030,1944.110,1944.594,133.1
2024-01-15T08:41:00+00:00,1944.594,1944.667,1944.150,1944.223,103.9
2024-01-15T08:42:00+00:00,1944.223,1944.462,1943.894,1944.133,99.6
2024-01-15T08:43:00+00:00,1944.133,1944.188,1944.008,1944.063,159.5
2024-01-15T08:44:00+00:00,1944.063,1944.374,1943.956,1944.266,85.5
2024-01-15T08:45:00+00:00,1944.266,1944.558,1943.947,1944.239,107.0
2024-01-15T08:46:00+00:00,1944.239,1944.799,1944.169,1944.730,145.0
2024-01-15T08:47:00+00:00,1944.730,1945.004,1944.480,1944.755,55.2
2024-01-15T08:48:00+00:00,1944.755,1945.172,1944.049,1944.466,183.5
2024-01-15T08:49:00+00:00,1944.466,1944.781,1944.344,1944.659,114.2
2024-01-15T08:50:00+00:00,1944.659,1945.066,1944.401,1944.809,175.4
2024-01-15T08:51:00+00:00,1944.809,1945.800,1944.447,1945.438,143.9
2024-01-15T08:52:00+00:00,1945.438,1945.768,1944.914,1945.244,130.7
2024-01-15T08:53:00+00:00,1945.244,1945.590,1945.118,1945.464,85.7
2024-01-15T08:54:00+00:00,1945.464,1945.969,1944.968,1945.474,97.6
2024-01-15T08:55:00+00:00,1945.474,1945.612,1944.961,1945.099,140.3
2024-01-15T08:56:00+00:00,1945.099,1945.727,1944.872,1945.500,102.8
2024-01-15T08:57:00+00:00,1945.500,1945.773,1944.810,1945.083,123.9
2024-01-15T08:58:00+00:00,1945.083,1945.425,1944.888,1945.229,155.1
2024-01-15T08:59:00+00:00,1945.229,1945.785,1945.172,1945.728,69.0
2024-01-15T09:00:00+00:00,1945.728,1946.209,1945.020,1945.502,121.5
2024-01-15T09:01:00+00:00,1945.502,1946.052,1944.534,1945.084,106.6
2024-01-15T09:02:00+00:00,1945.084,1945.310,1944.726,1944.952,121.7
2024-01-15T09:03:00+00:00,1944.952,1945.092,1944.656,1944.796,113.3
2024-01-15T09:04:00+00:00,1944.796,1945.270,1944.506,1944.980,164.5
2024-01-15T09:05:00+00:00,1944.980,1945.289,1944.326,1944.635,105.9
2024-01-15T09:06:00+00:00,1944.635,1945.309,1944.475,1945.149,208.1
2024-01-15T09:07:00+00:00,1945.149,1945.719,1944.830,1945.400,150.6
2024-01-15T09:08:00+00:00,1945.400,1945.463,1945.220,1945.283,105.0
2024-01-15T09:09:00+00:00,1945.283,1945.846,1944.802,1945.366,101.6
2024-01-15T09:10:00+00:00,1945.366,1945.453,1944.449,1944.536,96.4
2024-01-15T09:11:00+00:00,1944.536,1945.298,1943.717,1944.479,96.8
2024-01-15T09:12:00+00:00,1944.479,1945.238,1944.072,1944.831,162.6
2024-01-15T09:13:00+00:00,1944.831,1945.236,1944.562,1944.967,132.7
2024-01-15T09:14:00+00:00,1944.967,1945.135,1944.898,1945.066,67.0
2024-01-15T09:15:00+00:00,1945.066,1945.441,1944.729,1945.104,155.9
2024-01-15T09:16:00+00:00,1945.104,1945.902,1944.122,1944.920,136.2
2024-01-15T09:17:00+00:00,1944.920,1945.535,1944.750,1945.365,150.7
2024-01-15T09:18:00+00:00,1945.365,1945.715,1945.211,1945.562,101.0
2024-01-15T09:19:00+00:00,1945.562,1945.692,1945.351,1945.481,133.3
2024-01-15T09:20:00+00:00,1945.481,1945.991,1944.878,1945.388,130.8
2024-01-15T09:21:00+00:00,1945.388,1945.680,1944.655,1944.947,189.6
2024-01-15T09:22:00+00:00,1944.947,1945.037,1944.609,1944.699,129.3
2024-01-15T09:23:00+00:00,1944.699,1944.831,1944.600,1944.732,161.1
2024-01-15T09:24:00+00:00,1944.732,1945.077,1944.363,1944.708,126.8
2024-01-15T09:25:00+00:00,1944.708,1945.360,1944.387,1945.039,93.8
2024-01-15T09:26:00+00:00,1945.039,1946.134,1944.425,1945.520,128.1
2024-01-15T09:27:00+00:00,1945.520,1946.210,1945.278,1945.969,121.9
2024-01-15T09:28:00+00:00,1945.969,1946.785,1945.319,1946.135,120.2
2024-01-15T09:29:00+00:00,1946.135,1946.339,1945.516,1945.720,135.0
2024-01-15T09:30:00+00:00,1945.720,1946.046,1945.317,1945.643,121.6
2024-01-15T09:31:00+00:00,1945.643,1945.721,1945.493,1945.572,105.1
2024-01-15T09:32:00+00:00,1945.572,1945.984,1945.303,1945.715,90.5
2024-01-15T09:33:00+00:00,1945.715,1946.299,1945.082,1945.666,55.5
2024-01-15T09:34:00+00:00,1945.666,1945.780,1945.221,1945.334,95.7
2024-01-15T09:35:00+00:00,1945.334,1945.622,1945.254,1945.542,130.5
2024-01-15T09:36:00+00:00,1945.542,1945.694,1945.474,1945.627,97.5
2024-01-15T09:37:00+00:00,1945.627,1946.385,1945.559,1946.317,86.8
2024-01-15T09:38:00+00:00,1946.317,1947.272,1944.964,1945.919,153.1
2024-01-15T09:39:00+00:00,1945.919,1946.577,1945.748,1946.406,102.6
2024-01-15T09:40:00+00:00,1946.406,1946.535,1946.118,1946.247,155.4
2024-01-15T09:41:00+00:00,1946.247,1947.143,1946.145,1947.041,119.7
2024-01-15T09:42:00+00:00,1947.041,1947.396,1946.747,1947.102,102.0
2024-01-15T09:43:00+00:00,1947.102,1947.673,1946.812,1947.383,151.1
2024-01-15T09:44:00+00:00,1947.383,1948.561,1946.979,1948.158,59.4
2024-01-15T09:45:00+00:00,1948.158,1948.475,1947.499,1947.817,132.1
2024-01-15T09:46:00+00:00,1947.817,1948.270,1947.598,1948.052,85.4
2024-01-15T09:47:00+00:00,1948.052,1948.297,1947.825,1948.069,94.9
2024-01-15T09:48:00+00:00,1948.069,1948.545,1947.684,1948.160,130.1
2024-01-15T09:49:00+00:00,1948.160,1948.282,1947.508,1947.630,127.1
2024-01-15T09:50:00+00:00,1947.630,1948.054,1946.723,1947.147,114.8
2024-01-15T09:51:00+00:00,1947.147,1947.350,1946.291,1946.493,88.6
2024-01-15T09:52:00+00:00,1946.493,1946.844,1945.981,1946.332,127.9
2024-01-15T09:53:00+00:00,1946.332,1946.833,1945.705,1946.207,83.4
2024-01-15T09:54:00+00:00,1946.207,1946.426,1945.758,1945.978,65.6
2024-01-15T09:55:00+00:00,1945.978,1946.207,1945.273,1945.502,116.4
2024-01-15T09:56:00+00:00,1945.502,1946.058,1944.757,1945.313,114.2
2024-01-15T09:57:00+00:00,1945.313,1945.839,1944.614,1945.140,116.1
2024-01-15T09:58:00+00:00,1945.140,1945.520,1944.716,1945.096,96.3
2024-01-15T09:59:00+00:00,1945.096,1945.667,1944.105,1944.676,90.6
2024-01-15T10:00:00+00:00,1944.676,1945.624,1944.333,1945.280,168.3
2024-01-15T10:01:00+00:00,1945.280,1945.958,1944.960,1945.637,107.7
2024-01-15T10:02:00+00:00,1945.637,1945.814,1945.238,1945.414,146.1
2024-01-15T10:03:00+00:00,1945.414,1945.980,1945.192,1945.758,128.9
2024-01-15T10:04:00+00:00,1945.758,1946.733,1945.615,1946.590,128.6
2024-01-15T10:05:00+00:00,1946.590,1946.889,1946.431,1946.731,118.4
2024-01-15T10:06:00+00:00,1946.731,1947.250,1946.412,1946.931,121.6
2024-01-15T10:07:00+00:00,1946.931,1947.114,1946.474,1946.658,107.2
2024-01-15T10:08:00+00:00,1946.658,1946.933,1946.423,1946.698,127.1
2024-01-15T10:09:00+00:00,1946.698,1947.387,1946.598,1947.287,132.6
2024-01-15T10:10:00+00:00,1947.287,1947.719,1947.075,1947.507,128.5
2024-01-15T10:11:00+00:00,1947.507,1947.764,1947.252,1947.509,89.4
2024-01-15T10:12:00+00:00,1947.509,1947.626,1947.147,1947.264,122.7
2024-01-15T10:13:00+00:00,1947.264,1947.438,1946.615,1946.789,122.8
2024-01-15T10:14:00+00:00,1946.789,1947.005,1946.652,1946.869,102.7
2024-01-15T10:15:00+00:00,1946.869,1947.304,1946.687,1947.123,141.3
2024-01-15T10:16:00+00:00,1947.123,1947.249,1946.828,1946.954,83.7
2024-01-15T10:17:00+00:00,1946.954,1947.502,1946.727,1947.275,125.9
2024-01-15T10:18:00+00:00,1947.275,1947.474,1947.197,1947.396,106.1
2024-01-15T10:19:00+00:00,1947.396,1947.682,1946.611,1946.896,78.0
2024-01-15T10:20:00+00:00,1946.896,1947.074,1946.064,1946.241,105.1
2024-01-15T10:21:00+00:00,1946.241,1946.505,1946.156,1946.419,103.4
2024-01-15T10:22:00+00:00,1946.419,1946.581,1946.031,1946.193,125.4
2024-01-15T10:23:00+00:00,1946.193,1946.639,1945.914,1946.360,108.6
2024-01-15T10:24:00+00:00,1946.360,1946.547,1946.272,1946.458,128.4
2024-01-15T10:25:00+00:00,1946.458,1947.070,1945.917,1946.528,116.2
2024-01-15T10:26:00+00:00,1946.528,1947.272,1946.133,1946.877,95.0
2024-01-15T10:27:00+00:00,1946.877,1947.106,1946.532,1946.762,118.9
2024-01-15T10:28:00+00:00,1946.762,1946.896,1946.248,1946.383,121.6
2024-01-15T10:29:00+00:00,1946.383,1947.047,1946.012,1946.676,128.7
2024-01-15T10:30:00+00:00,1946.676,1946.862,1946.038,1946.225,91.1
2024-01-15T10:31:00+00:00,1946.225,1946.641,1945.966,1946.383,86.9
2024-01-15T10:32:00+00:00,1946.383,1946.768,1946.203,1946.588,106.9
2024-01-15T10:33:00+00:00,1946.588,1946.771,1946.422,1946.605,99.8
2024-01-15T10:34:00+00:00,1946.605,1946.831,1946.482,1946.708,158.4
2024-01-15T10:35:00+00:00,1946.708,1947.444,1946.567,1947.303,95.4
2024-01-15T10:36:00+00:00,1947.303,1947.798,1946.359,1946.854,167.6
2024-01-15T10:37:00+00:00,1946.854,1947.366,1946.614,1947.125,108.9
2024-01-15T10:38:00+00:00,1947.125,1947.790,1946.599,1947.264,58.4
2024-01-15T10:39:00+00:00,1947.264,1947.588,1947.119,1947.443,153.8
2024-01-15T10:40:00+00:00,1947.443,1947.827,1947.336,1947.720,123.4
2024-01-15T10:41:00+00:00,1947.720,1947.844,1947.483,1947.606,93.4
2024-01-15T10:42:00+00:00,1947.606,1947.897,1947.292,1947.584,170.1
2024-01-15T10:43:00+00:00,1947.584,1948.081,1947.342,1947.839,117.0
2024-01-15T10:44:00+00:00,1947.839,1948.003,1947.617,1947.781,131.0
2024-01-15T10:45:00+00:00,1947.781,1947.906,1947.033,1947.158,104.9
2024-01-15T10:46:00+00:00,1947.158,1948.000,1946.890,1947.733,117.3
2024-01-15T10:47:00+00:00,1947.733,1948.102,1947.133,1947.502,115.4
2024-01-15T10:48:00+00:00,1947.502,1948.098,1947.146,1947.742,84.3
2024-01-15T10:49:00+00:00,1947.742,1947.908,1947.561,1947.728,134.5
2024-01-15T10:50:00+00:00,1947.728,1947.897,1947.081,1947.250,118.8
2024-01-15T10:51:00+00:00,1947.250,1947.412,1947.127,1947.289,148.5
2024-01-15T10:52:00+00:00,1947.289,1947.868,1947.047,1947.626,88.2
2024-01-15T10:53:00+00:00,1947.626,1947.925,1947.485,1947.784,138.7
2024-01-15T10:54:00+00:00,1947.784,1948.273,1947.654,1948.143,82.4
2024-01-15T10:55:00+00:00,1948.143,1948.325,1948.016,1948.199,87.1
2024-01-15T10:56:00+00:00,1948.199,1948.370,1948.039,1948.210,147.1
2024-01-15T10:57:00+00:00,1948.210,1948.405,1947.767,1947.962,91.0
2024-01-15T10:58:00+00:00,1947.962,1948.283,1947.749,1948.069,123.0
2024-01-15T10:59:00+00:00,1948.069,1948.555,1947.897,1948.382,88.7
2024-01-15T11:00:00+00:00,1948.382,1948.447,1948.055,1948.119,177.6
2024-01-15T11:01:00+00:00,1948.119,1948.445,1947.990,1948.316,127.2
2024-01-15T11:02:00+00:00,1948.316,1948.644,1947.205,1947.533,140.6
2024-01-15T11:03:00+00:00,1947.533,1947.930,1947.027,1947.424,125.8
2024-01-15T11:04:00+00:00,1947.424,1948.096,1947.120,1947.792,114.9
2024-01-15T11:05:00+00:00,1947.792,1947.962,1947.493,1947.664,72.9
2024-01-15T11:06:00+00:00,1947.664,1947.896,1947.324,1947.556,148.7
2024-01-15T11:07:00+00:00,1947.556,1947.762,1947.323,1947.528,142.9
2024-01-15T11:08:00+00:00,1947.528,1947.978,1947.425,1947.875,92.7
2024-01-15T11:09:00+00:00,1947.875,1948.296,1947.655,1948.077,104.1
2024-01-15T11:10:00+00:00,1948.077,1948.343,1947.200,1947.466,95.2
2024-01-15T11:11:00+00:00,1947.466,1947.600,1947.200,1947.333,101.5
2024-01-15T11:12:00+00:00,1947.333,1947.424,1947.240,1947.331,139.7
2024-01-15T11:13:00+00:00,1947.331,1947.586,1946.973,1947.229,146.0
2024-01-15T11:14:00+00:00,1947.229,1947.320,1946.795,1946.886,98.6
2024-01-15T11:15:00+00:00,1946.886,1947.434,1946.058,1946.606,135.8
2024-01-15T11:16:00+00:00,1946.606,1946.953,1945.762,1946.109,133.1
2024-01-15T11:17:00+00:00,1946.109,1946.176,1945.894,1945.962,53.1
2024-01-15T11:18:00+00:00,1945.962,1946.070,1945.848,1945.955,144.9
2024-01-15T11:19:00+00:00,1945.955,1946.305,1945.532,1945.882,94.5
2024-01-15T11:20:00+00:00,1945.882,1946.042,1945.555,1945.715,91.6
2024-01-15T11:21:00+00:00,1945.715,1946.053,1945.097,1945.435,100.5
2024-01-15T11:22:00+00:00,1945.435,1945.666,1945.352,1945.582,111.2
2024-01-15T11:23:00+00:00,1945.582,1946.092,1945.196,1945.705,147.8
2024-01-15T11:24:00+00:00,1945.705,1945.872,1945.368,1945.535,144.6
2024-01-15T11:25:00+00:00,1945.535,1946.346,1944.889,1945.700,109.7
2024-01-15T11:26:00+00:00,1945.700,1945.851,1945.425,1945.575,102.8
2024-01-15T11:27:00+00:00,1945.575,1945.790,1945.115,1945.330,135.3
2024-01-15T11:28:00+00:00,1945.330,1945.426,1945.186,1945.281,136.4
2024-01-15T11:29:00+00:00,1945.281,1945.789,1944.415,1944.923,112.2
2024-01-15T11:30:00+00:00,1944.923,1945.100,1944.321,1944.498,115.2
2024-01-15T11:31:00+00:00,1944.498,1944.687,1944.357,1944.546,58.4
2024-01-15T11:32:00+00:00,1944.546,1944.776,1943.674,1943.904,165.8
2024-01-15T11:33:00+00:00,1943.904,1944.783,1943.723,1944.601,96.4
2024-01-15T11:34:00+00:00,1944.601,1945.261,1944.411,1945.071,190.4
2024-01-15T11:35:00+00:00,1945.071,1945.264,1944.527,1944.721,132.0
2024-01-15T11:36:00+00:00,1944.721,1944.870,1944.425,1944.574,126.9
2024-01-15T11:37:00+00:00,1944.574,1944.793,1944.250,1944.469,49.3
2024-01-15T11:38:00+00:00,1944.469,1944.663,1944.365,1944.559,94.8
2024-01-15T11:39:00+00:00,1944.559,1944.970,1944.070,1944.481,91.2
2024-01-15T11:40:00+00:00,1944.481,1944.904,1943.836,1944.259,127.4
2024-01-15T11:41:00+00:00,1944.259,1944.470,1943.496,1943.708,90.6
2024-01-15T11:42:00+00:00,1943.708,1943.954,1943.452,1943.699,105.4
2024-01-15T11:43:00+00:00,1943.699,1943.986,1942.811,1943.099,111.5
2024-01-15T11:44:00+00:00,1943.099,1943.380,1942.643,1942.924,129.5
2024-01-15T11:45:00+00:00,1942.924,1943.550,1942.520,1943.145,138.6
2024-01-15T11:46:00+00:00,1943.145,1943.219,1942.801,1942.875,55.2
2024-01-15T11:47:00+00:00,1942.875,1943.700,1942.676,1943.502,90.2
2024-01-15T11:48:00+00:00,1943.502,1943.564,1942.514,1942.576,136.6
2024-01-15T11:49:00+00:00,1942.576,1942.914,1942.254,1942.592,99.4
2024-01-15T11:50:00+00:00,1942.592,1943.225,1941.558,1942.192,96.9
2024-01-15T11:51:00+00:00,1942.192,1942.539,1941.894,1942.241,139.9
2024-01-15T11:52:00+00:00,1942.241,1942.297,1942.173,1942.229,127.2
2024-01-15T11:53:00+00:00,1942.229,1942.414,1942.122,1942.307,143.1
2024-01-15T11:54:00+00:00,1942.307,1942.772,1942.124,1942.588,109.0
2024-01-15T11:55:00+00:00,1942.588,1943.432,1942.140,1942.983,160.9
2024-01-15T11:56:00+00:00,1942.983,1943.545,1942.660,1943.222,82.4
2024-01-15T11:57:00+00:00,1943.222,1943.461,1943.166,1943.405,84.2
2024-01-15T11:58:00+00:00,1943.405,1943.616,1942.255,1942.466,139.1
2024-01-15T11:59:00+00:00,1942.466,1943.015,1941.537,1942.086,137.9
2024-01-15T12:00:00+00:00,1942.086,1942.964,1941.800,1942.678,92.7
2024-01-15T12:01:00+00:00,1942.678,1942.755,1942.151,1942.228,79.1
2024-01-15T12:02:00+00:00,1942.228,1943.214,1942.079,1943.065,128.2
2024-01-15T12:03:00+00:00,1943.065,1943.311,1942.175,1942.421,148.6
2024-01-15T12:04:00+00:00,1942.421,1942.886,1942.250,1942.715,92.9
2024-01-15T12:05:00+00:00,1942.715,1942.779,1942.169,1942.233,26.8
2024-01-15T12:06:00+00:00,1942.233,1942.625,1942.142,1942.534,152.4
2024-01-15T12:07:00+00:00,1942.534,1943.074,1942.379,1942.919,154.5
2024-01-15T12:08:00+00:00,1942.919,1943.375,1942.431,1942.887,151.0
2024-01-15T12:09:00+00:00,1942.887,1943.071,1942.270,1942.454,132.5
2024-01-15T12:10:00+00:00,1942.454,1942.835,1942.093,1942.474,159.4
2024-01-15T12:11:00+00:00,1942.474,1943.067,1942.076,1942.669,123.6
2024-01-15T12:12:00+00:00,1942.669,1942.959,1942.077,1942.368,131.2
2024-01-15T12:13:00+00:00,1942.368,1942.631,1942.238,1942.501,121.1
2024-01-15T12:14:00+00:00,1942.501,1942.716,1942.066,1942.281,145.1
2024-01-15T12:15:00+00:00,1942.281,1942.556,1942.087,1942.362,126.1
2024-01-15T12:16:00+00:00,1942.362,1942.635,1942.184,1942.456,153.4
2024-01-15T12:17:00+00:00,1942.456,1942.523,1942.235,1942.302,101.2
2024-01-15T12:18:00+00:00,1942.302,1943.305,1941.780,1942.783,132.9
2024-01-15T12:19:00+00:00,1942.783,1943.175,1942.380,1942.772,74.4
2024-01-15T12:20:00+00:00,1942.772,1942.871,1942.384,1942.482,111.5
2024-01-15T12:21:00+00:00,1942.482,1942.542,1941.984,1942.043,125.8
2024-01-15T12:22:00+00:00,1942.043,1942.571,1941.802,1942.330,78.3
2024-01-15T12:23:00+00:00,1942.330,1942.822,1941.742,1942.234,66.8
2024-01-15T12:24:00+00:00,1942.234,1942.331,1942.037,1942.135,106.3
2024-01-15T12:25:00+00:00,1942.135,1942.335,1942.019,1942.219,108.7
2024-01-15T12:26:00+00:00,1942.219,1942.466,1941.700,1941.947,134.1
2024-01-15T12:27:00+00:00,1941.947,1942.560,1941.743,1942.356,133.6
2024-01-15T12:28:00+00:00,1942.356,1942.716,1942.051,1942.410,122.6
2024-01-15T12:29:00+00:00,1942.410,1942.669,1942.176,1942.435,125.7
2024-01-15T12:30:00+00:00,1942.435,1942.780,1942.264,1942.609,128.5
2024-01-15T12:31:00+00:00,1942.609,1942.729,1942.391,1942.511,142.7
2024-01-15T12:32:00+00:00,1942.511,1943.250,1942.156,1942.895,153.1
2024-01-15T12:33:00+00:00,1942.895,1943.381,1942.757,1943.242,88.0
2024-01-15T12:34:00+00:00,1943.242,1944.041,1942.937,1943.735,120.5
2024-01-15T12:35:00+00:00,1943.735,1944.097,1943.596,1943.958,120.1
2024-01-15T12:36:00+00:00,1943.958,1944.174,1943.620,1943.836,134.1
2024-01-15T12:37:00+00:00,1943.836,1944.143,1943.541,1943.849,106.2
2024-01-15T12:38:00+00:00,1943.849,1944.297,1943.262,1943.710,124.3
2024-01-15T12:39:00+00:00,1943.710,1944.118,1943.427,1943.835,140.4
2024-01-15T12:40:00+00:00,1943.835,1944.038,1943.572,1943.775,128.9
2024-01-15T12:41:00+00:00,1943.775,1943.951,1943.159,1943.335,119.0
2024-01-15T12:42:00+00:00,1943.335,1943.898,1943.121,1943.684,165.5
2024-01-15T12:43:00+00:00,1943.684,1943.779,1943.016,1943.111,99.1
2024-01-15T12:44:00+00:00,1943.111,1943.205,1943.056,1943.150,132.6
2024-01-15T12:45:00+00:00,1943.150,1943.391,1943.057,1943.298,92.7
2024-01-15T12:46:00+00:00,1943.298,1943.562,1943.203,1943.467,50.7
2024-01-15T12:47:00+00:00,1943.467,1943.568,1943.158,1943.259,125.1
2024-01-15T12:48:00+00:00,1943.259,1943.429,1942.396,1942.566,124.6
2024-01-15T12:49:00+00:00,1942.566,1942.935,1941.803,1942.172,95.8
2024-01-15T12:50:00+00:00,1942.172,1943.062,1941.615,1942.505,137.9
2024-01-15T12:51:00+00:00,1942.505,1942.932,1941.814,1942.241,81.9
2024-01-15T12:52:00+00:00,1942.241,1942.596,1942.048,1942.403,117.5
2024-01-15T12:53:00+00:00,1942.403,1942.785,1942.150,1942.532,96.7
2024-01-15T12:54:00+00:00,1942.532,1943.010,1942.318,1942.797,93.2
2024-01-15T12:55:00+00:00,1942.797,1943.117,1942.363,1942.683,143.9
2024-01-15T12:56:00+00:00,1942.683,1942.849,1942.111,1942.278,111.6
2024-01-15T12:57:00+00:00,1942.278,1942.794,1942.118,1942.634,115.7
2024-01-15T12:58:00+00:00,1942.634,1942.885,1942.480,1942.730,109.3
2024-01-15T12:59:00+00:00,1942.730,1943.092,1942.531,1942.892,99.8
2024-01-15T13:00:00+00:00,1942.892,1943.007,1942.673,1942.788,104.8
2024-01-15T13:01:00+00:00,1942.788,1943.150,1942.058,1942.420,130.1
2024-01-15T13:02:00+00:00,1942.420,1942.753,1941.917,1942.250,112.9
2024-01-15T13:03:00+00:00,1942.250,1942.721,1941.916,1942.387,133.1
2024-01-15T13:04:00+00:00,1942.387,1942.687,1942.238,1942.538,124.9
2024-01-15T13:05:00+00:00,1942.538,1943.261,1942.436,1943.158,72.2
2024-01-15T13:06:00+00:00,1943.158,1943.700,1942.771,1943.313,178.3
2024-01-15T13:07:00+00:00,1943.313,1944.407,1942.752,1943.846,63.4
2024-01-15T13:08:00+00:00,1943.846,1944.665,1943.027,1943.845,180.5
2024-01-15T13:09:00+00:00,1943.845,1944.402,1943.543,1944.099,161.5
2024-01-15T13:10:00+00:00,1944.099,1944.310,1943.321,1943.532,152.6
2024-01-15T13:11:00+00:00,1943.532,1944.026,1943.478,1943.971,126.4
2024-01-15T13:12:00+00:00,1943.971,1944.182,1943.809,1944.020,118.0
2024-01-15T13:13:00+00:00,1944.020,1944.511,1943.727,1944.218,142.7
2024-01-15T13:14:00+00:00,1944.218,1944.615,1943.565,1943.962,98.3
2024-01-15T13:15:00+00:00,1943.962,1944.142,1943.496,1943.676,81.3
2024-01-15T13:16:00+00:00,1943.676,1944.113,1943.253,1943.690,131.7
2024-01-15T13:17:00+00:00,1943.690,1943.805,1943.104,1943.219,120.0
2024-01-15T13:18:00+00:00,1943.219,1943.368,1942.809,1942.958,149.6
2024-01-15T13:19:00+00:00,1942.958,1943.254,1942.902,1943.197,129.3
2024-01-15T13:20:00+00:00,1943.197,1943.395,1942.897,1943.094,101.9
2024-01-15T13:21:00+00:00,1943.094,1943.830,1942.829,1943.564,136.4
2024-01-15T13:22:00+00:00,1943.564,1943.786,1942.928,1943.150,129.5
2024-01-15T13:23:00+00:00,1943.150,1943.372,1942.237,1942.459,115.8
2024-01-15T13:24:00+00:00,1942.459,1942.625,1941.803,1941.969,156.7
2024-01-15T13:25:00+00:00,1941.969,1942.754,1941.713,1942.499,99.2
2024-01-15T13:26:00+00:00,1942.499,1942.555,1942.043,1942.099,121.6
2024-01-15T13:27:00+00:00,1942.099,1942.158,1941.605,1941.664,127.0
2024-01-15T13:28:00+00:00,1941.664,1941.801,1941.373,1941.510,157.5
2024-01-15T13:29:00+00:00,1941.510,1941.620,1941.295,1941.405,78.6
2024-01-15T13:30:00+00:00,1941.405,1941.932,1940.998,1941.525,125.9
2024-01-15T13:31:00+00:00,1941.525,1941.634,1940.765,1940.874,111.3
2024-01-15T13:32:00+00:00,1940.874,1941.202,1940.473,1940.801,139.4
2024-01-15T13:33:00+00:00,1940.801,1941.176,1940.087,1940.462,149.3
2024-01-15T13:34:00+00:00,1940.462,1941.012,1940.014,1940.564,98.9
2024-01-15T13:35:00+00:00,1940.564,1940.668,1940.118,1940.222,167.2
2024-01-15T13:36:00+00:00,1940.222,1940.771,1940.035,1940.584,139.8
2024-01-15T13:37:00+00:00,1940.584,1940.735,1940.218,1940.368,124.5
2024-01-15T13:38:00+00:00,1940.368,1940.477,1940.055,1940.164,111.2
2024-01-15T13:39:00+00:00,1940.164,1940.476,1939.637,1939.950,104.5
2024-01-15T13:40:00+00:00,1939.950,1940.192,1939.187,1939.429,37.3
2024-01-15T13:41:00+00:00,1939.429,1939.598,1939.062,1939.231,89.5
2024-01-15T13:42:00+00:00,1939.231,1939.496,1939.076,1939.340,177.6
2024-01-15T13:43:00+00:00,1939.340,1939.739,1938.369,1938.768,133.6
2024-01-15T13:44:00+00:00,1938.768,1938.986,1938.635,1938.853,68.8
2024-01-15T13:45:00+00:00,1938.853,1938.915,1938.579,1938.641,87.2
2024-01-15T13:46:00+00:00,1938.641,1939.261,1938.324,1938.944,91.5
2024-01-15T13:47:00+00:00,1938.944,1939.064,1938.624,1938.745,96.3
2024-01-15T13:48:00+00:00,1938.745,1939.184,1938.210,1938.648,137.9
2024-01-15T13:49:00+00:00,1938.648,1938.970,1938.370,1938.691,154.0
2024-01-15T13:50:00+00:00,1938.691,1939.012,1938.315,1938.635,109.9
2024-01-15T13:51:00+00:00,1938.635,1938.967,1937.911,1938.243,92.0
2024-01-15T13:52:00+00:00,1938.243,1938.497,1937.928,1938.182,133.5
2024-01-15T13:53:00+00:00,1938.182,1938.307,1937.476,1937.602,172.2
2024-01-15T13:54:00+00:00,1937.602,1938.146,1937.328,1937.872,170.1
2024-01-15T13:55:00+00:00,1937.872,1938.277,1937.526,1937.931,168.8
2024-01-15T13:56:00+00:00,1937.931,1938.219,1937.347,1937.636,147.9
2024-01-15T13:57:00+00:00,1937.636,1937.878,1937.572,1937.814,146.9
2024-01-15T13:58:00+00:00,1937.814,1937.878,1937.336,1937.400,64.7
2024-01-15T13:59:00+00:00,1937.400,1937.919,1937.077,1937.596,166.7
2024-01-15T14:00:00+00:00,1937.596,1937.862,1936.890,1937.157,105.9
2024-01-15T14:01:00+00:00,1937.157,1937.702,1936.979,1937.525,132.8
2024-01-15T14:02:00+00:00,1937.525,1938.326,1937.152,1937.953,145.6
2024-01-15T14:03:00+00:00,1937.953,1938.427,1937.489,1937.963,94.8
2024-01-15T14:04:00+00:00,1937.963,1938.560,1937.631,1938.227,125.9
2024-01-15T14:05:00+00:00,1938.227,1938.512,1937.762,1938.047,93.4
2024-01-15T14:06:00+00:00,1938.047,1938.198,1937.353,1937.505,199.1
2024-01-15T14:07:00+00:00,1937.505,1937.708,1936.843,1937.046,118.4
2024-01-15T14:08:00+00:00,1937.046,1937.138,1936.982,1937.074,81.2
2024-01-15T14:09:00+00:00,1937.074,1937.312,1936.445,1936.684,99.0
2024-01-15T14:10:00+00:00,1936.684,1936.824,1936.340,1936.480,119.4
2024-01-15T14:11:00+00:00,1936.480,1936.897,1936.273,1936.691,156.3
2024-01-15T14:12:00+00:00,1936.691,1936.749,1936.444,1936.503,119.2
2024-01-15T14:13:00+00:00,1936.503,1937.301,1935.973,1936.772,98.9
2024-01-15T14:14:00+00:00,1936.772,1936.978,1936.320,1936.526,132.3
2024-01-15T14:15:00+00:00,1936.526,1936.988,1936.088,1936.549,134.9
2024-01-15T14:16:00+00:00,1936.549,1937.006,1936.476,1936.933,139.6
2024-01-15T14:17:00+00:00,1936.933,1937.244,1936.238,1936.549,93.3
2024-01-15T14:18:00+00:00,1936.549,1937.014,1936.352,1936.818,89.1
2024-01-15T14:19:00+00:00,1936.818,1936.884,1936.722,1936.789,109.6
2024-01-15T14:20:00+00:00,1936.789,1937.078,1936.192,1936.481,90.9
2024-01-15T14:21:00+00:00,1936.481,1936.533,1936.407,1936.459,80.2
2024-01-15T14:22:00+00:00,1936.459,1936.652,1936.388,1936.582,105.7
2024-01-15T14:23:00+00:00,1936.582,1936.812,1936.168,1936.397,102.1
2024-01-15T14:24:00+00:00,1936.397,1936.662,1935.625,1935.889,143.8
2024-01-15T14:25:00+00:00,1935.889,1936.273,1935.315,1935.699,65.1
2024-01-15T14:26:00+00:00,1935.699,1936.212,1934.700,1935.213,90.3
2024-01-15T14:27:00+00:00,1935.213,1935.371,1934.818,1934.975,63.4
2024-01-15T14:28:00+00:00,1934.975,1935.082,1934.611,1934.718,132.2
2024-01-15T14:29:00+00:00,1934.718,1934.885,1934.481,1934.648,111.8
2024-01-15T14:30:00+00:00,1934.648,1934.787,1934.081,1934.221,125.7
2024-01-15T14:31:00+00:00,1934.221,1934.632,1933.763,1934.174,162.7
2024-01-15T14:32:00+00:00,1934.174,1934.528,1933.929,1934.283,117.6
2024-01-15T14:33:00+00:00,1934.283,1934.621,1933.361,1933.699,151.2
2024-01-15T14:34:00+00:00,1933.699,1935.094,1933.080,1934.475,157.9
2024-01-15T14:35:00+00:00,1934.475,1934.670,1934.397,1934.592,121.1
2024-01-15T14:36:00+00:00,1934.592,1935.026,1934.410,1934.843,150.7
2024-01-15T14:37:00+00:00,1934.843,1934.924,1934.584,1934.665,114.3
2024-01-15T14:38:00+00:00,1934.665,1934.784,1934.155,1934.274,99.8
2024-01-15T14:39:00+00:00,1934.274,1934.475,1934.222,1934.423,175.7
2024-01-15T14:40:00+00:00,1934.423,1934.642,1934.236,1934.455,156.8
2024-01-15T14:41:00+00:00,1934.455,1934.628,1934.251,1934.424,109.0
2024-01-15T14:42:00+00:00,1934.424,1934.931,1934.227,1934.734,114.6
2024-01-15T14:43:00+00:00,1934.734,1935.474,1934.218,1934.958,171.1
2024-01-15T14:44:00+00:00,1934.958,1935.293,1934.619,1934.955,125.3
2024-01-15T14:45:00+00:00,1934.955,1935.090,1934.544,1934.679,120.6
2024-01-15T14:46:00+00:00,1934.679,1934.918,1934.566,1934.804,113.4
2024-01-15T14:47:00+00:00,1934.804,1934.985,1934.700,1934.881,178.7
2024-01-15T14:48:00+00:00,1934.881,1935.281,1934.716,1935.116,169.6
2024-01-15T14:49:00+00:00,1935.116,1935.570,1934.518,1934.972,152.2
2024-01-15T14:50:00+00:00,1934.972,1935.926,1934.631,1935.585,110.1
2024-01-15T14:51:00+00:00,1935.585,1936.300,1935.396,1936.111,136.8
2024-01-15T14:52:00+00:00,1936.111,1936.255,1935.797,1935.940,39.5
2024-01-15T14:53:00+00:00,1935.940,1936.188,1935.086,1935.334,117.3
2024-01-15T14:54:00+00:00,1935.334,1935.546,1934.860,1935.072,150.7
2024-01-15T14:55:00+00:00,1935.072,1935.630,1934.793,1935.352,153.3
2024-01-15T14:56:00+00:00,1935.352,1935.534,1935.215,1935.398,155.3
2024-01-15T14:57:00+00:00,1935.398,1935.979,1935.096,1935.677,131.4
2024-01-15T14:58:00+00:00,1935.677,1935.781,1935.228,1935.333,146.7
2024-01-15T14:59:00+00:00,1935.333,1935.494,1934.704,1934.866,100.5
2024-01-15T15:00:00+00:00,1934.866,1934.942,1934.439,1934.515,118.0
2024-01-15T15:01:00+00:00,1934.515,1934.648,1933.982,1934.115,92.7
2024-01-15T15:02:00+00:00,1934.115,1934.618,1933.975,1934.478,91.8
2024-01-15T15:03:00+00:00,1934.478,1934.932,1934.074,1934.529,124.2
2024-01-15T15:04:00+00:00,1934.529,1934.675,1933.770,1933.916,154.3
2024-01-15T15:05:00+00:00,1933.916,1934.064,1933.208,1933.356,139.4
2024-01-15T15:06:00+00:00,1933.356,1933.663,1933.167,1933.474,148.8
2024-01-15T15:07:00+00:00,1933.474,1933.963,1933.119,1933.608,159.5
2024-01-15T15:08:00+00:00,1933.608,1933.805,1932.896,1933.093,120.7
2024-01-15T15:09:00+00:00,1933.093,1933.168,1932.404,1932.479,131.3
2024-01-15T15:10:00+00:00,1932.479,1933.171,1932.106,1932.798,126.8
2024-01-15T15:11:00+00:00,1932.798,1933.122,1932.564,1932.888,73.8
2024-01-15T15:12:00+00:00,1932.888,1932.951,1932.537,1932.600,110.6
2024-01-15T15:13:00+00:00,1932.600,1932.942,1932.379,1932.722,106.7
2024-01-15T15:14:00+00:00,1932.722,1932.940,1932.279,1932.497,63.9
2024-01-15T15:15:00+00:00,1932.497,1932.664,1932.026,1932.193,102.7
2024-01-15T15:16:00+00:00,1932.193,1932.424,1931.382,1931.613,123.1
2024-01-15T15:17:00+00:00,1931.613,1932.177,1931.364,1931.927,109.0
2024-01-15T15:18:00+00:00,1931.927,1932.000,1931.537,1931.610,101.3
2024-01-15T15:19:00+00:00,1931.610,1932.226,1931.433,1932.049,143.5
2024-01-15T15:20:00+00:00,1932.049,1932.102,1931.924,1931.977,167.5
2024-01-15T15:21:00+00:00,1931.977,1932.485,1931.502,1932.010,135.1
2024-01-15T15:22:00+00:00,1932.010,1932.216,1931.855,1932.061,109.8
2024-01-15T15:23:00+00:00,1932.061,1932.391,1930.558,1930.888,120.2
2024-01-15T15:24:00+00:00,1930.888,1930.970,1930.544,1930.626,61.8
2024-01-15T15:25:00+00:00,1930.626,1930.959,1930.139,1930.473,144.9
2024-01-15T15:26:00+00:00,1930.473,1931.017,1930.348,1930.893,167.3
2024-01-15T15:27:00+00:00,1930.893,1931.174,1930.689,1930.970,111.0
2024-01-15T15:28:00+00:00,1930.970,1931.155,1930.791,1930.976,138.2
2024-01-15T15:29:00+00:00,1930.976,1931.059,1930.449,1930.532,152.3
2024-01-15T15:30:00+00:00,1930.532,1931.305,1929.831,1930.604,94.5
2024-01-15T15:31:00+00:00,1930.604,1930.906,1930.296,1930.598,116.8
2024-01-15T15:32:00+00:00,1930.598,1931.181,1930.265,1930.849,83.2
2024-01-15T15:33:00+00:00,1930.849,1931.117,1930.472,1930.740,108.4
2024-01-15T15:34:00+00:00,1930.740,1931.273,1930.364,1930.897,105.3
2024-01-15T15:35:00+00:00,1930.897,1931.163,1930.680,1930.946,161.2
2024-01-15T15:36:00+00:00,1930.946,1932.047,1930.308,1931.409,126.1
2024-01-15T15:37:00+00:00,1931.409,1931.865,1930.274,1930.730,117.9
2024-01-15T15:38:00+00:00,1930.730,1932.017,1930.487,1931.774,107.6
2024-01-15T15:39:00+00:00,1931.774,1932.010,1931.675,1931.912,129.7
2024-01-15T15:40:00+00:00,1931.912,1932.377,1931.819,1932.284,84.1
2024-01-15T15:41:00+00:00,1932.284,1932.417,1931.971,1932.104,93.5
2024-01-15T15:42:00+00:00,1932.104,1932.249,1931.733,1931.878,131.5
2024-01-15T15:43:00+00:00,1931.878,1932.050,1931.273,1931.445,108.3
2024-01-15T15:44:00+00:00,1931.445,1931.648,1930.971,1931.174,149.3
2024-01-15T15:45:00+00:00,1931.174,1931.371,1930.890,1931.087,95.7
2024-01-15T15:46:00+00:00,1931.087,1931.384,1930.803,1931.100,106.4
2024-01-15T15:47:00+00:00,1931.100,1931.603,1930.786,1931.289,75.6
2024-01-15T15:48:00+00:00,1931.289,1931.696,1930.915,1931.322,146.0
2024-01-15T15:49:00+00:00,1931.322,1931.410,1930.930,1931.019,108.9
2024-01-15T15:50:00+00:00,1931.019,1931.323,1930.418,1930.722,139.3
2024-01-15T15:51:00+00:00,1930.722,1931.022,1930.451,1930.751,150.2
2024-01-15T15:52:00+00:00,1930.751,1930.888,1930.648,1930.785,130.9
2024-01-15T15:53:00+00:00,1930.785,1930.900,1930.011,1930.126,117.5
2024-01-15T15:54:00+00:00,1930.126,1930.373,1929.012,1929.260,123.8
2024-01-15T15:55:00+00:00,1929.260,1929.365,1929.150,1929.255,147.1
2024-01-15T15:56:00+00:00,1929.255,1929.587,1929.114,1929.445,73.7
2024-01-15T15:57:00+00:00,1929.445,1930.144,1929.056,1929.754,140.5
2024-01-15T15:58:00+00:00,1929.754,1930.097,1929.668,1930.011,115.4
2024-01-15T15:59:00+00:00,1930.011,1930.188,1929.919,1930.096,57.8
2024-01-15T16:00:00+00:00,1930.096,1930.432,1929.158,1929.494,83.8
2024-01-15T16:01:00+00:00,1929.494,1929.732,1928.810,1929.048,154.7
2024-01-15T16:02:00+00:00,1929.048,1929.158,1928.745,1928.855,84.8
2024-01-15T16:03:00+00:00,1928.855,1929.265,1928.005,1928.415,104.1
2024-01-15T16:04:00+00:00,1928.415,1928.787,1928.111,1928.483,73.3
2024-01-15T16:05:00+00:00,1928.483,1928.600,1928.368,1928.486,117.2
2024-01-15T16:06:00+00:00,1928.486,1928.761,1928.432,1928.708,151.0
2024-01-15T16:07:00+00:00,1928.708,1928.873,1928.340,1928.505,95.8
2024-01-15T16:08:00+00:00,1928.505,1928.612,1928.395,1928.502,102.3
2024-01-15T16:09:00+00:00,1928.502,1928.813,1928.293,1928.604,124.1
2024-01-15T16:10:00+00:00,1928.604,1928.755,1928.011,1928.161,82.8
2024-01-15T16:11:00+00:00,1928.161,1928.230,1927.665,1927.734,131.9
2024-01-15T16:12:00+00:00,1927.734,1927.791,1927.650,1927.707,135.3
2024-01-15T16:13:00+00:00,1927.707,1928.182,1927.510,1927.985,132.9
2024-01-15T16:14:00+00:00,1927.985,1928.061,1927.931,1928.006,165.2
2024-01-15T16:15:00+00:00,1928.006,1928.170,1927.366,1927.530,158.1
2024-01-15T16:16:00+00:00,1927.530,1928.391,1927.375,1928.237,119.2
2024-01-15T16:17:00+00:00,1928.237,1928.672,1927.584,1928.020,126.0
2024-01-15T16:18:00+00:00,1928.020,1928.446,1927.955,1928.381,105.0
2024-01-15T16:19:00+00:00,1928.381,1928.463,1928.257,1928.338,125.7
2024-01-15T16:20:00+00:00,1928.338,1929.058,1928.102,1928.822,163.5
2024-01-15T16:21:00+00:00,1928.822,1929.084,1928.440,1928.703,81.9
2024-01-15T16:22:00+00:00,1928.703,1928.770,1928.382,1928.448,98.5
2024-01-15T16:23:00+00:00,1928.448,1928.575,1928.147,1928.274,110.7
2024-01-15T16:24:00+00:00,1928.274,1928.969,1927.801,1928.496,185.8
2024-01-15T16:25:00+00:00,1928.496,1929.346,1927.287,1928.136,145.3
2024-01-15T16:26:00+00:00,1928.136,1928.543,1927.810,1928.216,90.3
2024-01-15T16:27:00+00:00,1928.216,1928.932,1927.980,1928.695,141.2
2024-01-15T16:28:00+00:00,1928.695,1928.834,1928.575,1928.715,217.3
2024-01-15T16:29:00+00:00,1928.715,1929.077,1927.746,1928.108,175.6
2024-01-15T16:30:00+00:00,1928.108,1928.276,1927.860,1928.028,138.3
2024-01-15T16:31:00+00:00,1928.028,1928.195,1927.140,1927.307,107.3
2024-01-15T16:32:00+00:00,1927.307,1927.607,1926.950,1927.250,89.5
2024-01-15T16:33:00+00:00,1927.250,1927.617,1926.218,1926.585,113.0
2024-01-15T16:34:00+00:00,1926.585,1927.099,1925.715,1926.229,72.9
2024-01-15T16:35:00+00:00,1926.229,1926.539,1925.940,1926.251,103.5
2024-01-15T16:36:00+00:00,1926.251,1926.378,1926.165,1926.291,156.6
2024-01-15T16:37:00+00:00,1926.291,1926.609,1926.199,1926.516,89.8
2024-01-15T16:38:00+00:00,1926.516,1926.858,1925.837,1926.179,119.7
2024-01-15T16:39:00+00:00,1926.179,1927.387,1925.746,1926.954,74.9
2024-01-15T16:40:00+00:00,1926.954,1927.212,1926.622,1926.879,126.8
2024-01-15T16:41:00+00:00,1926.879,1927.293,1926.657,1927.071,135.4
2024-01-15T16:42:00+00:00,1927.071,1927.165,1926.573,1926.667,134.5
2024-01-15T16:43:00+00:00,1926.667,1926.823,1926.251,1926.407,164.4
2024-01-15T16:44:00+00:00,1926.407,1926.731,1925.940,1926.264,127.5
2024-01-15T16:45:00+00:00,1926.264,1926.357,1925.898,1925.991,156.9
2024-01-15T16:46:00+00:00,1925.991,1926.289,1925.581,1925.880,150.9
2024-01-15T16:47:00+00:00,1925.880,1926.075,1925.509,1925.704,85.8
2024-01-15T16:48:00+00:00,1925.704,1926.114,1925.365,1925.775,110.1
2024-01-15T16:49:00+00:00,1925.775,1926.056,1925.252,1925.533,119.9
2024-01-15T16:50:00+00:00,1925.533,1925.622,1925.011,1925.100,113.0
2024-01-15T16:51:00+00:00,1925.100,1925.898,1924.994,1925.792,123.5
2024-01-15T16:52:00+00:00,1925.792,1926.363,1925.039,1925.611,132.9
2024-01-15T16:53:00+00:00,1925.611,1925.742,1924.750,1924.881,120.4
2024-01-15T16:54:00+00:00,1924.881,1925.150,1924.531,1924.800,177.0
2024-01-15T16:55:00+00:00,1924.800,1924.857,1924.493,1924.551,135.1
2024-01-15T16:56:00+00:00,1924.551,1924.745,1924.188,1924.382,164.3
2024-01-15T16:57:00+00:00,1924.382,1924.551,1923.858,1924.028,118.4
2024-01-15T16:58:00+00:00,1924.028,1924.193,1923.295,1923.460,94.9
2024-01-15T16:59:00+00:00,1923.460,1924.172,1922.389,1923.101,77.5
2024-01-15T17:00:00+00:00,1923.101,1923.346,1923.030,1923.275,164.7
2024-01-15T17:01:00+00:00,1923.275,1923.900,1922.915,1923.540,136.3
2024-01-15T17:02:00+00:00,1923.540,1924.240,1922.897,1923.597,128.9
2024-01-15T17:03:00+00:00,1923.597,1923.781,1922.938,1923.122,160.5
2024-01-15T17:04:00+00:00,1923.122,1923.297,1922.899,1923.074,115.7
2024-01-15T17:05:00+00:00,1923.074,1923.233,1922.698,1922.857,198.3
2024-01-15T17:06:00+00:00,1922.857,1922.922,1922.543,1922.608,116.2
2024-01-15T17:07:00+00:00,1922.608,1922.705,1922.150,1922.247,121.3
2024-01-15T17:08:00+00:00,1922.247,1922.772,1921.969,1922.494,120.8
2024-01-15T17:09:00+00:00,1922.494,1922.692,1921.946,1922.144,137.8
2024-01-15T17:10:00+00:00,1922.144,1922.402,1921.431,1921.688,133.8
2024-01-15T17:11:00+00:00,1921.688,1921.767,1920.971,1921.050,138.3
2024-01-15T17:12:00+00:00,1921.050,1921.361,1920.662,1920.973,143.7
2024-01-15T17:13:00+00:00,1920.973,1921.516,1920.614,1921.157,142.8
2024-01-15T17:14:00+00:00,1921.157,1921.223,1920.651,1920.717,95.9
2024-01-15T17:15:00+00:00,1920.717,1920.935,1920.537,1920.755,138.9
2024-01-15T17:16:00+00:00,1920.755,1920.922,1920.516,1920.683,92.3
2024-01-15T17:17:00+00:00,1920.683,1921.271,1920.222,1920.810,138.0
2024-01-15T17:18:00+00:00,1920.810,1921.097,1919.558,1919.845,115.4
2024-01-15T17:19:00+00:00,1919.845,1920.451,1919.569,1920.175,94.5
2024-01-15T17:20:00+00:00,1920.175,1920.527,1919.672,1920.024,141.6
2024-01-15T17:21:00+00:00,1920.024,1920.318,1919.469,1919.763,85.3
2024-01-15T17:22:00+00:00,1919.763,1919.874,1919.623,1919.734,147.7
2024-01-15T17:23:00+00:00,1919.734,1919.842,1919.358,1919.466,130.3
2024-01-15T17:24:00+00:00,1919.466,1919.642,1918.958,1919.134,148.7
2024-01-15T17:25:00+00:00,1919.134,1919.482,1918.821,1919.169,115.2
2024-01-15T17:26:00+00:00,1919.169,1919.578,1918.209,1918.619,128.8
2024-01-15T17:27:00+00:00,1918.619,1918.990,1918.529,1918.900,79.8
2024-01-15T17:28:00+00:00,1918.900,1919.068,1918.496,1918.664,94.9
2024-01-15T17:29:00+00:00,1918.664,1919.149,1917.817,1918.303,139.1
2024-01-15T17:30:00+00:00,1918.303,1918.603,1918.248,1918.549,114.2
2024-01-15T17:31:00+00:00,1918.549,1919.103,1917.781,1918.335,123.2
2024-01-15T17:32:00+00:00,1918.335,1918.996,1917.937,1918.598,110.0
2024-01-15T17:33:00+00:00,1918.598,1918.683,1917.852,1917.938,64.4
2024-01-15T17:34:00+00:00,1917.938,1918.156,1917.468,1917.687,125.0
2024-01-15T17:35:00+00:00,1917.687,1917.853,1917.113,1917.278,145.5
2024-01-15T17:36:00+00:00,1917.278,1917.438,1916.936,1917.096,155.5
2024-01-15T17:37:00+00:00,1917.096,1917.293,1917.011,1917.208,157.7
2024-01-15T17:38:00+00:00,1917.208,1917.338,1916.757,1916.887,118.7
2024-01-15T17:39:00+00:00,1916.887,1917.000,1916.813,1916.926,129.0
2024-01-15T17:40:00+00:00,1916.926,1917.273,1915.876,1916.223,83.3
2024-01-15T17:41:00+00:00,1916.223,1916.404,1915.895,1916.077,110.6
2024-01-15T17:42:00+00:00,1916.077,1916.349,1915.276,1915.548,117.3
2024-01-15T17:43:00+00:00,1915.548,1916.162,1915.276,1915.890,151.7
2024-01-15T17:44:00+00:00,1915.890,1916.238,1915.426,1915.775,139.9
2024-01-15T17:45:00+00:00,1915.775,1916.118,1915.117,1915.460,109.9
2024-01-15T17:46:00+00:00,1915.460,1915.885,1915.292,1915.716,105.7
2024-01-15T17:47:00+00:00,1915.716,1916.535,1915.310,1916.129,120.6
2024-01-15T17:48:00+00:00,1916.129,1916.247,1915.978,1916.096,189.5
2024-01-15T17:49:00+00:00,1916.096,1916.181,1915.991,1916.076,101.8
2024-01-15T17:50:00+00:00,1916.076,1916.166,1915.996,1916.086,149.6
2024-01-15T17:51:00+00:00,1916.086,1916.410,1915.248,1915.573,209.0
2024-01-15T17:52:00+00:00,1915.573,1916.100,1914.652,1915.179,59.7
2024-01-15T17:53:00+00:00,1915.179,1915.459,1914.956,1915.235,132.1
2024-01-15T17:54:00+00:00,1915.235,1915.478,1914.543,1914.786,143.1
2024-01-15T17:55:00+00:00,1914.786,1915.293,1914.496,1915.003,142.8
2024-01-15T17:56:00+00:00,1915.003,1915.255,1914.905,1915.157,99.5
2024-01-15T17:57:00+00:00,1915.157,1915.358,1914.870,1915.071,156.4
2024-01-15T17:58:00+00:00,1915.071,1915.142,1914.458,1914.528,99.0
2024-01-15T17:59:00+00:00,1914.528,1915.010,1913.781,1914.263,107.0
2024-01-15T18:00:00+00:00,1914.263,1914.644,1914.119,1914.499,166.1
2024-01-15T18:01:00+00:00,1914.499,1914.582,1914.304,1914.387,117.6
2024-01-15T18:02:00+00:00,1914.387,1914.528,1913.740,1913.881,194.4
2024-01-15T18:03:00+00:00,1913.881,1914.001,1913.821,1913.941,135.1
2024-01-15T18:04:00+00:00,1913.941,1914.555,1913.799,1914.413,137.7
2024-01-15T18:05:00+00:00,1914.413,1915.062,1914.102,1914.751,61.7
2024-01-15T18:06:00+00:00,1914.751,1914.925,1914.234,1914.408,129.4
2024-01-15T18:07:00+00:00,1914.408,1914.650,1913.416,1913.658,144.9
2024-01-15T18:08:00+00:00,1913.658,1913.816,1913.404,1913.562,114.7
2024-01-15T18:09:00+00:00,1913.562,1913.973,1913.084,1913.495,93.1
2024-01-15T18:10:00+00:00,1913.495,1913.609,1913.030,1913.144,118.9
2024-01-15T18:11:00+00:00,1913.144,1914.277,1912.320,1913.453,127.7
2024-01-15T18:12:00+00:00,1913.453,1913.777,1912.469,1912.793,83.7
2024-01-15T18:13:00+00:00,1912.793,1913.257,1912.279,1912.743,106.1
2024-01-15T18:14:00+00:00,1912.743,1913.228,1911.611,1912.096,77.2
2024-01-15T18:15:00+00:00,1912.096,1912.363,1911.769,1912.036,157.3
2024-01-15T18:16:00+00:00,1912.036,1912.375,1911.406,1911.745,95.9
2024-01-15T18:17:00+00:00,1911.745,1912.019,1911.627,1911.901,104.1
2024-01-15T18:18:00+00:00,1911.901,1912.138,1911.700,1911.938,155.3
2024-01-15T18:19:00+00:00,1911.938,1912.109,1911.638,1911.809,131.8
2024-01-15T18:20:00+00:00,1911.809,1911.879,1911.347,1911.417,75.0
2024-01-15T18:21:00+00:00,1911.417,1912.512,1910.937,1912.031,127.7
2024-01-15T18:22:00+00:00,1912.031,1912.380,1911.803,1912.152,81.0
2024-01-15T18:23:00+00:00,1912.152,1912.331,1911.801,1911.980,151.9
2024-01-15T18:24:00+00:00,1911.980,1912.374,1910.990,1911.385,146.4
2024-01-15T18:25:00+00:00,1911.385,1911.448,1910.928,1910.992,98.1
2024-01-15T18:26:00+00:00,1910.992,1911.533,1910.685,1911.226,87.7
2024-01-15T18:27:00+00:00,1911.226,1911.376,1911.110,1911.260,133.5
2024-01-15T18:28:00+00:00,1911.260,1911.998,1910.939,1911.677,102.6
2024-01-15T18:29:00+00:00,1911.677,1912.370,1911.377,1912.071,83.1
2024-01-15T18:30:00+00:00,1912.071,1912.584,1911.406,1911.920,141.0
2024-01-15T18:31:00+00:00,1911.920,1912.047,1911.867,1911.994,138.6
2024-01-15T18:32:00+00:00,1911.994,1912.767,1911.085,1911.858,89.2
2024-01-15T18:33:00+00:00,1911.858,1912.003,1911.489,1911.635,144.5
2024-01-15T18:34:00+00:00,1911.635,1912.070,1910.983,1911.419,106.8
2024-01-15T18:35:00+00:00,1911.419,1911.513,1910.876,1910.970,132.5
2024-01-15T18:36:00+00:00,1910.970,1911.796,1910.882,1911.708,52.8
2024-01-15T18:37:00+00:00,1911.708,1912.400,1911.592,1912.284,141.1
2024-01-15T18:38:00+00:00,1912.284,1912.499,1911.779,1911.994,117.3
2024-01-15T18:39:00+00:00,1911.994,1912.129,1911.887,1912.023,56.9
2024-01-15T18:40:00+00:00,1912.023,1912.132,1911.637,1911.746,41.8
2024-01-15T18:41:00+00:00,1911.746,1912.219,1911.241,1911.713,82.1
2024-01-15T18:42:00+00:00,1911.713,1911.887,1911.253,1911.427,96.5
2024-01-15T18:43:00+00:00,1911.427,1911.856,1910.570,1910.999,73.7
2024-01-15T18:44:00+00:00,1910.999,1911.175,1910.444,1910.619,103.0
2024-01-15T18:45:00+00:00,1910.619,1910.719,1910.123,1910.222,89.3
2024-01-15T18:46:00+00:00,1910.222,1910.344,1909.679,1909.802,137.3
2024-01-15T18:47:00+00:00,1909.802,1909.916,1909.280,1909.395,162.2
2024-01-15T18:48:00+00:00,1909.395,1909.966,1908.471,1909.042,117.1
2024-01-15T18:49:00+00:00,1909.042,1909.738,1908.721,1909.417,118.7
2024-01-15T18:50:00+00:00,1909.417,1909.774,1908.802,1909.159,128.0
2024-01-15T18:51:00+00:00,1909.159,1909.523,1908.932,1909.295,49.1
2024-01-15T18:52:00+00:00,1909.295,1909.607,1908.914,1909.226,135.1
2024-01-15T18:53:00+00:00,1909.226,1909.471,1908.873,1909.117,113.0
2024-01-15T18:54:00+00:00,1909.117,1909.525,1908.703,1909.111,132.5
2024-01-15T18:55:00+00:00,1909.111,1909.377,1908.456,1908.722,71.7
2024-01-15T18:56:00+00:00,1908.722,1908.835,1908.649,1908.762,98.6
2024-01-15T18:57:00+00:00,1908.762,1909.423,1908.592,1909.252,104.4
2024-01-15T18:58:00+00:00,1909.252,1909.730,1909.016,1909.494,107.7
2024-01-15T18:59:00+00:00,1909.494,1909.757,1908.810,1909.072,66.9
2024-01-15T19:00:00+00:00,1909.072,1909.676,1908.004,1908.607,110.6
2024-01-15T19:01:00+00:00,1908.607,1909.311,1908.492,1909.196,160.9
2024-01-15T19:02:00+00:00,1909.196,1909.559,1908.360,1908.723,76.5
2024-01-15T19:03:00+00:00,1908.723,1908.950,1908.175,1908.403,138.4
2024-01-15T19:04:00+00:00,1908.403,1908.840,1907.621,1908.058,98.5
2024-01-15T19:05:00+00:00,1908.058,1908.694,1907.746,1908.383,95.5
2024-01-15T19:06:00+00:00,1908.383,1908.455,1907.692,1907.764,39.9
2024-01-15T19:07:00+00:00,1907.764,1908.492,1907.087,1907.815,114.2
2024-01-15T19:08:00+00:00,1907.815,1907.905,1907.278,1907.368,111.8
2024-01-15T19:09:00+00:00,1907.368,1907.538,1907.132,1907.302,120.9
2024-01-15T19:10:00+00:00,1907.302,1907.922,1907.057,1907.677,109.6
2024-01-15T19:11:00+00:00,1907.677,1907.858,1907.086,1907.267,79.7
2024-01-15T19:12:00+00:00,1907.267,1907.595,1906.625,1906.953,152.2
2024-01-15T19:13:00+00:00,1906.953,1907.245,1906.685,1906.977,122.3
2024-01-15T19:14:00+00:00,1906.977,1907.508,1906.723,1907.253,159.9
2024-01-15T19:15:00+00:00,1907.253,1907.564,1907.061,1907.372,90.2
2024-01-15T19:16:00+00:00,1907.372,1907.514,1907.119,1907.261,122.5
2024-01-15T19:17:00+00:00,1907.261,1907.772,1907.124,1907.635,126.4
2024-01-15T19:18:00+00:00,1907.635,1907.752,1907.449,1907.566,137.1
2024-01-15T19:19:00+00:00,1907.566,1907.788,1907.502,1907.724,106.5
2024-01-15T19:20:00+00:00,1907.724,1907.899,1906.651,1906.826,111.4
2024-01-15T19:21:00+00:00,1906.826,1907.071,1906.219,1906.464,105.6
2024-01-15T19:22:00+00:00,1906.464,1906.888,1906.081,1906.506,106.2
2024-01-15T19:23:00+00:00,1906.506,1907.683,1906.012,1907.189,95.9
2024-01-15T19:24:00+00:00,1907.189,1907.701,1906.459,1906.971,57.8
2024-01-15T19:25:00+00:00,1906.971,1907.239,1906.874,1907.142,91.6
2024-01-15T19:26:00+00:00,1907.142,1907.473,1906.363,1906.694,117.4
2024-01-15T19:27:00+00:00,1906.694,1907.639,1906.097,1907.042,85.8
2024-01-15T19:28:00+00:00,1907.042,1907.389,1906.878,1907.225,161.3
2024-01-15T19:29:00+00:00,1907.225,1907.279,1906.502,1906.556,132.2
2024-01-15T19:30:00+00:00,1906.556,1906.754,1905.815,1906.013,91.3
2024-01-15T19:31:00+00:00,1906.013,1906.565,1905.058,1905.610,80.1
2024-01-15T19:32:00+00:00,1905.610,1905.746,1905.475,1905.611,91.2
2024-01-15T19:33:00+00:00,1905.611,1906.561,1904.478,1905.428,131.0
2024-01-15T19:34:00+00:00,1905.428,1905.981,1905.262,1905.815,127.8
2024-01-15T19:35:00+00:00,1905.815,1905.928,1905.614,1905.727,104.7
2024-01-15T19:36:00+00:00,1905.727,1906.766,1905.271,1906.310,108.9
2024-01-15T19:37:00+00:00,1906.310,1906.574,1906.217,1906.481,126.6
2024-01-15T19:38:00+00:00,1906.481,1906.629,1906.091,1906.240,102.5
2024-01-15T19:39:00+00:00,1906.240,1906.787,1906.079,1906.626,69.2
2024-01-15T19:40:00+00:00,1906.626,1906.839,1906.478,1906.690,70.4
2024-01-15T19:41:00+00:00,1906.690,1907.782,1906.112,1907.204,86.6
2024-01-15T19:42:00+00:00,1907.204,1907.537,1906.565,1906.897,98.9
2024-01-15T19:43:00+00:00,1906.897,1907.088,1906.582,1906.773,101.4
2024-01-15T19:44:00+00:00,1906.773,1907.237,1906.475,1906.939,111.1
2024-01-15T19:45:00+00:00,1906.939,1907.022,1906.780,1906.863,68.4
2024-01-15T19:46:00+00:00,1906.863,1907.077,1906.400,1906.613,147.9
2024-01-15T19:47:00+00:00,1906.613,1906.906,1906.359,1906.652,151.8
2024-01-15T19:48:00+00:00,1906.652,1907.021,1906.379,1906.748,161.3
2024-01-15T19:49:00+00:00,1906.748,1906.989,1906.503,1906.744,76.6
2024-01-15T19:50:00+00:00,1906.744,1907.116,1906.432,1906.804,60.8
2024-01-15T19:51:00+00:00,1906.804,1907.496,1906.547,1907.239,121.5
2024-01-15T19:52:00+00:00,1907.239,1907.644,1906.754,1907.159,77.5
2024-01-15T19:53:00+00:00,1907.159,1907.472,1906.568,1906.882,145.3
2024-01-15T19:54:00+00:00,1906.882,1907.079,1906.440,1906.637,102.2
2024-01-15T19:55:00+00:00,1906.637,1906.793,1905.935,1906.091,162.4
2024-01-15T19:56:00+00:00,1906.091,1906.158,1905.864,1905.931,122.6
2024-01-15T19:57:00+00:00,1905.931,1905.995,1905.699,1905.764,137.4
2024-01-15T19:58:00+00:00,1905.764,1906.298,1905.514,1906.049,153.1
2024-01-15T19:59:00+00:00,1906.049,1906.526,1905.387,1905.865,120.5
2024-01-15T20:00:00+00:00,1905.865,1905.939,1905.560,1905.634,132.8
2024-01-15T20:01:00+00:00,1905.634,1906.039,1905.542,1905.947,134.5
2024-01-15T20:02:00+00:00,1905.947,1906.552,1904.744,1905.349,135.6
2024-01-15T20:03:00+00:00,1905.349,1906.164,1904.968,1905.783,140.6
2024-01-15T20:04:00+00:00,1905.783,1906.302,1904.844,1905.363,99.6
2024-01-15T20:05:00+00:00,1905.363,1905.427,1905.073,1905.137,87.0
2024-01-15T20:06:00+00:00,1905.137,1905.500,1905.059,1905.422,128.4
2024-01-15T20:07:00+00:00,1905.422,1906.576,1904.852,1906.006,96.0
2024-01-15T20:08:00+00:00,1906.006,1906.130,1905.490,1905.614,98.1
2024-01-15T20:09:00+00:00,1905.614,1906.797,1905.192,1906.375,154.8
2024-01-15T20:10:00+00:00,1906.375,1906.445,1905.947,1906.017,111.1
2024-01-15T20:11:00+00:00,1906.017,1906.132,1905.472,1905.587,123.0
2024-01-15T20:12:00+00:00,1905.587,1905.789,1905.300,1905.502,56.5
2024-01-15T20:13:00+00:00,1905.502,1906.060,1905.366,1905.924,98.7
2024-01-15T20:14:00+00:00,1905.924,1906.179,1905.419,1905.674,108.2
2024-01-15T20:15:00+00:00,1905.674,1906.467,1905.176,1905.969,134.4
2024-01-15T20:16:00+00:00,1905.969,1906.134,1905.672,1905.837,151.3
2024-01-15T20:17:00+00:00,1905.837,1906.204,1905.090,1905.458,110.3
2024-01-15T20:18:00+00:00,1905.458,1905.589,1905.312,1905.444,93.5
2024-01-15T20:19:00+00:00,1905.444,1905.732,1905.362,1905.650,120.0
2024-01-15T20:20:00+00:00,1905.650,1905.745,1905.563,1905.659,84.7
2024-01-15T20:21:00+00:00,1905.659,1905.981,1905.527,1905.850,105.6
2024-01-15T20:22:00+00:00,1905.850,1906.286,1905.571,1906.007,122.0
2024-01-15T20:23:00+00:00,1906.007,1906.252,1905.557,1905.802,91.5
2024-01-15T20:24:00+00:00,1905.802,1906.244,1905.669,1906.111,183.6
2024-01-15T20:25:00+00:00,1906.111,1906.256,1905.574,1905.718,106.0
2024-01-15T20:26:00+00:00,1905.718,1906.103,1905.631,1906.015,88.5
2024-01-15T20:27:00+00:00,1906.015,1906.580,1905.677,1906.241,76.3
2024-01-15T20:28:00+00:00,1906.241,1906.342,1906.021,1906.122,144.7
2024-01-15T20:29:00+00:00,1906.122,1906.494,1905.792,1906.164,92.1
2024-01-15T20:30:00+00:00,1906.164,1906.678,1905.256,1905.770,155.4
2024-01-15T20:31:00+00:00,1905.770,1905.843,1905.296,1905.369,120.2
2024-01-15T20:32:00+00:00,1905.369,1905.566,1905.084,1905.281,136.6
2024-01-15T20:33:00+00:00,1905.281,1905.450,1905.187,1905.356,162.7
2024-01-15T20:34:00+00:00,1905.356,1905.646,1904.538,1904.828,89.6
2024-01-15T20:35:00+00:00,1904.828,1905.110,1904.559,1904.841,167.1
2024-01-15T20:36:00+00:00,1904.841,1905.377,1903.618,1904.154,95.0
2024-01-15T20:37:00+00:00,1904.154,1904.848,1904.018,1904.712,94.9
2024-01-15T20:38:00+00:00,1904.712,1904.964,1904.017,1904.269,116.8
2024-01-15T20:39:00+00:00,1904.269,1904.975,1903.656,1904.362,173.9
2024-01-15T20:40:00+00:00,1904.362,1904.736,1904.184,1904.558,144.5
2024-01-15T20:41:00+00:00,1904.558,1904.722,1904.255,1904.419,133.3
2024-01-15T20:42:00+00:00,1904.419,1904.786,1903.468,1903.836,77.7
2024-01-15T20:43:00+00:00,1903.836,1904.360,1903.490,1904.014,170.3
2024-01-15T20:44:00+00:00,1904.014,1904.463,1903.926,1904.375,75.6
2024-01-15T20:45:00+00:00,1904.375,1904.869,1904.138,1904.632,109.4
2024-01-15T20:46:00+00:00,1904.632,1904.792,1904.237,1904.397,126.5
2024-01-15T20:47:00+00:00,1904.397,1904.581,1904.296,1904.481,109.4
2024-01-15T20:48:00+00:00,1904.481,1905.007,1903.341,1903.867,159.6
2024-01-15T20:49:00+00:00,1903.867,1904.578,1903.691,1904.402,112.3
2024-01-15T20:50:00+00:00,1904.402,1905.296,1904.112,1905.005,177.7
2024-01-15T20:51:00+00:00,1905.005,1905.780,1904.438,1905.213,94.1
2024-01-15T20:52:00+00:00,1905.213,1905.509,1904.142,1904.438,112.9
2024-01-15T20:53:00+00:00,1904.438,1904.845,1904.267,1904.674,4.5
2024-01-15T20:54:00+00:00,1904.674,1905.346,1904.459,1905.130,107.3
2024-01-15T20:55:00+00:00,1905.130,1906.599,1904.482,1905.951,134.3
2024-01-15T20:56:00+00:00,1905.951,1906.810,1905.871,1906.730,95.7
2024-01-15T20:57:00+00:00,1906.730,1906.935,1905.909,1906.115,109.1
2024-01-15T20:58:00+00:00,1906.115,1906.272,1905.623,1905.780,88.3
2024-01-15T20:59:00+00:00,1905.780,1906.488,1905.562,1906.271,75.8
2024-01-15T21:00:00+00:00,1906.271,1906.543,1906.215,1906.488,116.8
2024-01-15T21:01:00+00:00,1906.488,1907.460,1906.239,1907.211,86.4
2024-01-15T21:02:00+00:00,1907.211,1907.343,1906.951,1907.084,119.2
2024-01-15T21:03:00+00:00,1907.084,1907.879,1906.671,1907.466,163.0
2024-01-15T21:04:00+00:00,1907.466,1907.629,1906.919,1907.082,113.4
2024-01-15T21:05:00+00:00,1907.082,1907.429,1906.700,1907.047,76.8
2024-01-15T21:06:00+00:00,1907.047,1907.649,1906.874,1907.476,100.2
2024-01-15T21:07:00+00:00,1907.476,1907.559,1906.695,1906.778,111.4
2024-01-15T21:08:00+00:00,1906.778,1907.221,1906.507,1906.949,158.6
2024-01-15T21:09:00+00:00,1906.949,1907.668,1906.306,1907.025,125.1
2024-01-15T21:10:00+00:00,1907.025,1907.331,1906.539,1906.846,148.0
2024-01-15T21:11:00+00:00,1906.846,1906.925,1906.607,1906.686,91.4
2024-01-15T21:12:00+00:00,1906.686,1907.498,1906.620,1907.432,101.8
2024-01-15T21:13:00+00:00,1907.432,1907.504,1907.059,1907.131,116.1
2024-01-15T21:14:00+00:00,1907.131,1907.220,1907.051,1907.141,159.2
2024-01-15T21:15:00+00:00,1907.141,1907.317,1906.577,1906.754,137.1
2024-01-15T21:16:00+00:00,1906.754,1907.232,1906.701,1907.179,147.8
2024-01-15T21:17:00+00:00,1907.179,1907.417,1907.032,1907.271,73.2
2024-01-15T21:18:00+00:00,1907.271,1907.618,1907.020,1907.367,87.7
2024-01-15T21:19:00+00:00,1907.367,1907.963,1905.826,1906.422,96.7
2024-01-15T21:20:00+00:00,1906.422,1906.831,1906.097,1906.506,113.4
2024-01-15T21:21:00+00:00,1906.506,1906.806,1906.190,1906.491,147.5
2024-01-15T21:22:00+00:00,1906.491,1906.602,1906.235,1906.347,78.1
2024-01-15T21:23:00+00:00,1906.347,1906.608,1906.180,1906.441,137.1
2024-01-15T21:24:00+00:00,1906.441,1906.833,1906.136,1906.529,161.4
2024-01-15T21:25:00+00:00,1906.529,1907.265,1906.223,1906.959,135.8
2024-01-15T21:26:00+00:00,1906.959,1907.405,1906.024,1906.469,118.8
2024-01-15T21:27:00+00:00,1906.469,1906.635,1906.005,1906.171,103.7
2024-01-15T21:28:00+00:00,1906.171,1906.829,1905.341,1905.998,151.5
2024-01-15T21:29:00+00:00,1905.998,1906.503,1905.534,1906.039,82.9
2024-01-15T21:30:00+00:00,1906.039,1906.702,1905.859,1906.522,117.4
2024-01-15T21:31:00+00:00,1906.522,1906.677,1906.208,1906.363,132.0
2024-01-15T21:32:00+00:00,1906.363,1906.549,1905.775,1905.961,139.9
2024-01-15T21:33:00+00:00,1905.961,1906.642,1905.606,1906.287,104.6
2024-01-15T21:34:00+00:00,1906.287,1906.678,1905.931,1906.322,100.1
2024-01-15T21:35:00+00:00,1906.322,1906.618,1905.914,1906.211,93.4
2024-01-15T21:36:00+00:00,1906.211,1906.342,1905.693,1905.824,131.6
2024-01-15T21:37:00+00:00,1905.824,1906.055,1905.345,1905.576,159.2
2024-01-15T21:38:00+00:00,1905.576,1905.739,1905.358,1905.521,180.3
2024-01-15T21:39:00+00:00,1905.521,1905.705,1905.281,1905.465,105.5
2024-01-15T21:40:00+00:00,1905.465,1906.205,1905.337,1906.077,118.3
2024-01-15T21:41:00+00:00,1906.077,1906.265,1905.600,1905.788,172.5
2024-01-15T21:42:00+00:00,1905.788,1906.197,1904.825,1905.233,108.6
2024-01-15T21:43:00+00:00,1905.233,1905.566,1904.820,1905.153,108.5
2024-01-15T21:44:00+00:00,1905.153,1905.382,1905.033,1905.262,87.1
2024-01-15T21:45:00+00:00,1905.262,1906.247,1904.671,1905.655,105.0
2024-01-15T21:46:00+00:00,1905.655,1906.276,1905.586,1906.207,124.3
2024-01-15T21:47:00+00:00,1906.207,1906.457,1905.852,1906.102,173.4
2024-01-15T21:48:00+00:00,1906.102,1906.596,1905.809,1906.303,112.7
2024-01-15T21:49:00+00:00,1906.303,1906.973,1905.994,1906.663,112.7
2024-01-15T21:50:00+00:00,1906.663,1907.351,1906.349,1907.038,116.7
2024-01-15T21:51:00+00:00,1907.038,1907.103,1906.897,1906.962,113.4
2024-01-15T21:52:00+00:00,1906.962,1907.617,1906.903,1907.558,122.2
2024-01-15T21:53:00+00:00,1907.558,1907.675,1907.435,1907.552,113.9
2024-01-15T21:54:00+00:00,1907.552,1908.568,1907.256,1908.272,139.1
2024-01-15T21:55:00+00:00,1908.272,1909.179,1908.132,1909.039,121.5
2024-01-15T21:56:00+00:00,1909.039,1909.808,1908.651,1909.420,115.7
2024-01-15T21:57:00+00:00,1909.420,1909.657,1908.957,1909.194,138.8
2024-01-15T21:58:00+00:00,1909.194,1909.400,1908.878,1909.084,111.0
2024-01-15T21:59:00+00:00,1909.084,1909.178,1908.963,1909.056,158.2
2024-01-15T22:00:00+00:00,1909.056,1909.357,1908.451,1908.752,73.4
2024-01-15T22:01:00+00:00,1908.752,1909.505,1908.212,1908.966,75.3
2024-01-15T22:02:00+00:00,1908.966,1909.349,1908.210,1908.594,115.1
2024-01-15T22:03:00+00:00,1908.594,1909.363,1908.253,1909.022,93.5
2024-01-15T22:04:00+00:00,1909.022,1909.289,1908.959,1909.227,138.6
2024-01-15T22:05:00+00:00,1909.227,1909.325,1909.048,1909.147,120.7
2024-01-15T22:06:00+00:00,1909.147,1909.513,1908.929,1909.296,120.6
2024-01-15T22:07:00+00:00,1909.296,1909.538,1908.949,1909.191,139.6
2024-01-15T22:08:00+00:00,1909.191,1909.338,1908.881,1909.028,150.6
2024-01-15T22:09:00+00:00,1909.028,1909.363,1908.550,1908.886,72.7
2024-01-15T22:10:00+00:00,1908.886,1909.186,1908.829,1909.129,94.6
2024-01-15T22:11:00+00:00,1909.129,1909.949,1908.832,1909.651,132.0
2024-01-15T22:12:00+00:00,1909.651,1909.824,1908.976,1909.148,41.3
2024-01-15T22:13:00+00:00,1909.148,1909.871,1908.763,1909.487,126.7
2024-01-15T22:14:00+00:00,1909.487,1909.630,1909.215,1909.358,127.5
2024-01-15T22:15:00+00:00,1909.358,1910.078,1909.232,1909.952,131.4
2024-01-15T22:16:00+00:00,1909.952,1910.074,1909.468,1909.590,149.6
2024-01-15T22:17:00+00:00,1909.590,1909.699,1909.158,1909.266,155.6
2024-01-15T22:18:00+00:00,1909.266,1909.692,1908.657,1909.083,140.1
2024-01-15T22:19:00+00:00,1909.083,1909.285,1908.677,1908.879,88.0
2024-01-15T22:20:00+00:00,1908.879,1910.134,1908.728,1909.982,107.3
2024-01-15T22:21:00+00:00,1909.982,1910.328,1909.726,1910.072,157.2
2024-01-15T22:22:00+00:00,1910.072,1910.750,1909.795,1910.473,111.6
2024-01-15T22:23:00+00:00,1910.473,1910.599,1909.839,1909.965,156.9
2024-01-15T22:24:00+00:00,1909.965,1910.527,1909.470,1910.032,148.2
2024-01-15T22:25:00+00:00,1910.032,1910.145,1909.683,1909.796,141.8
2024-01-15T22:26:00+00:00,1909.796,1910.309,1909.653,1910.166,177.8
2024-01-15T22:27:00+00:00,1910.166,1910.689,1909.804,1910.327,64.6
2024-01-15T22:28:00+00:00,1910.327,1910.806,1909.593,1910.072,97.0
2024-01-15T22:29:00+00:00,1910.072,1910.432,1910.022,1910.381,123.8
2024-01-15T22:30:00+00:00,1910.381,1910.677,1910.175,1910.470,103.7
2024-01-15T22:31:00+00:00,1910.470,1910.719,1910.357,1910.605,128.3
2024-01-15T22:32:00+00:00,1910.605,1910.854,1910.544,1910.793,114.0
2024-01-15T22:33:00+00:00,1910.793,1911.481,1909.899,1910.588,124.2
2024-01-15T22:34:00+00:00,1910.588,1911.061,1910.144,1910.617,123.6
2024-01-15T22:35:00+00:00,1910.617,1910.840,1910.549,1910.773,104.6
2024-01-15T22:36:00+00:00,1910.773,1911.418,1910.526,1911.172,155.1
2024-01-15T22:37:00+00:00,1911.172,1911.687,1910.631,1911.146,152.7
2024-01-15T22:38:00+00:00,1911.146,1911.649,1910.418,1910.921,164.8
2024-01-15T22:39:00+00:00,1910.921,1911.051,1910.593,1910.722,99.9
2024-01-15T22:40:00+00:00,1910.722,1911.026,1910.318,1910.622,163.5
2024-01-15T22:41:00+00:00,1910.622,1910.713,1910.229,1910.321,120.5
2024-01-15T22:42:00+00:00,1910.321,1910.719,1909.825,1910.223,105.9
2024-01-15T22:43:00+00:00,1910.223,1910.398,1909.766,1909.941,137.5
2024-01-15T22:44:00+00:00,1909.941,1910.151,1909.715,1909.926,148.6
2024-01-15T22:45:00+00:00,1909.926,1911.138,1909.386,1910.599,107.8
2024-01-15T22:46:00+00:00,1910.599,1910.932,1910.528,1910.861,126.6
2024-01-15T22:47:00+00:00,1910.861,1911.247,1910.557,1910.943,157.9
2024-01-15T22:48:00+00:00,1910.943,1911.228,1910.605,1910.890,149.3
2024-01-15T22:49:00+00:00,1910.890,1911.624,1910.444,1911.178,72.6
2024-01-15T22:50:00+00:00,1911.178,1911.272,1910.293,1910.387,143.6
2024-01-15T22:51:00+00:00,1910.387,1911.029,1910.176,1910.818,113.3
2024-01-15T22:52:00+00:00,1910.818,1910.895,1910.501,1910.577,91.9
2024-01-15T22:53:00+00:00,1910.577,1910.676,1910.051,1910.150,123.5
2024-01-15T22:54:00+00:00,1910.150,1910.313,1909.472,1909.635,161.6
2024-01-15T22:55:00+00:00,1909.635,1909.767,1909.255,1909.387,108.0
2024-01-15T22:56:00+00:00,1909.387,1909.651,1909.165,1909.430,95.8
2024-01-15T22:57:00+00:00,1909.430,1909.726,1908.722,1909.019,112.8
2024-01-15T22:58:00+00:00,1909.019,1909.245,1908.456,1908.682,90.8
2024-01-15T22:59:00+00:00,1908.682,1909.156,1908.516,1908.989,111.9
2024-01-15T23:00:00+00:00,1908.989,1909.176,1908.794,1908.980,130.1
2024-01-15T23:01:00+00:00,1908.980,1909.637,1908.848,1909.504,121.6
2024-01-15T23:02:00+00:00,1909.504,1909.883,1909.224,1909.603,103.9
2024-01-15T23:03:00+00:00,1909.603,1909.772,1908.769,1908.939,121.2
2024-01-15T23:04:00+00:00,1908.939,1909.475,1908.545,1909.082,134.7
2024-01-15T23:05:00+00:00,1909.082,1910.240,1908.642,1909.800,74.2
2024-01-15T23:06:00+00:00,1909.800,1909.876,1909.632,1909.709,116.8
2024-01-15T23:07:00+00:00,1909.709,1909.921,1909.038,1909.251,154.2
2024-01-15T23:08:00+00:00,1909.251,1909.791,1908.776,1909.316,149.6
2024-01-15T23:09:00+00:00,1909.316,1909.544,1908.674,1908.902,69.9
2024-01-15T23:10:00+00:00,1908.902,1908.993,1908.480,1908.571,112.9
2024-01-15T23:11:00+00:00,1908.571,1908.909,1908.147,1908.486,105.1
2024-01-15T23:12:00+00:00,1908.486,1908.953,1908.245,1908.713,94.6
2024-01-15T23:13:00+00:00,1908.713,1908.841,1908.286,1908.414,104.8
2024-01-15T23:14:00+00:00,1908.414,1909.146,1908.018,1908.750,127.3
2024-01-15T23:15:00+00:00,1908.750,1908.947,1908.669,1908.866,106.4
2024-01-15T23:16:00+00:00,1908.866,1909.375,1908.639,1909.147,133.0
2024-01-15T23:17:00+00:00,1909.147,1909.606,1908.506,1908.964,113.1
2024-01-15T23:18:00+00:00,1908.964,1909.403,1908.713,1909.152,103.6
2024-01-15T23:19:00+00:00,1909.152,1909.291,1908.613,1908.752,86.5
2024-01-15T23:20:00+00:00,1908.752,1909.087,1907.969,1908.303,140.5
2024-01-15T23:21:00+00:00,1908.303,1908.550,1907.999,1908.245,153.0
2024-01-15T23:22:00+00:00,1908.245,1908.696,1907.787,1908.237,167.5
2024-01-15T23:23:00+00:00,1908.237,1908.424,1908.041,1908.228,114.9
2024-01-15T23:24:00+00:00,1908.228,1908.432,1907.728,1907.933,101.8
2024-01-15T23:25:00+00:00,1907.933,1908.583,1907.795,1908.444,97.3
2024-01-15T23:26:00+00:00,1908.444,1908.496,1908.051,1908.103,118.1
2024-01-15T23:27:00+00:00,1908.103,1908.624,1907.855,1908.376,124.1
2024-01-15T23:28:00+00:00,1908.376,1908.529,1908.096,1908.249,187.1
2024-01-15T23:29:00+00:00,1908.249,1908.821,1908.008,1908.580,102.2
2024-01-15T23:30:00+00:00,1908.580,1908.809,1908.105,1908.334,78.8
2024-01-15T23:31:00+00:00,1908.334,1909.687,1907.891,1909.244,133.1
2024-01-15T23:32:00+00:00,1909.244,1909.995,1908.972,1909.722,114.8
2024-01-15T23:33:00+00:00,1909.722,1909.923,1909.342,1909.543,115.2
2024-01-15T23:34:00+00:00,1909.543,1909.889,1909.474,1909.820,109.1
2024-01-15T23:35:00+00:00,1909.820,1910.521,1909.259,1909.960,195.8
2024-01-15T23:36:00+00:00,1909.960,1910.247,1909.202,1909.489,146.1
2024-01-15T23:37:00+00:00,1909.489,1910.780,1909.240,1910.531,126.0
2024-01-15T23:38:00+00:00,1910.531,1911.654,1909.922,1911.045,95.6
2024-01-15T23:39:00+00:00,1911.045,1911.980,1910.753,1911.688,118.1
2024-01-15T23:40:00+00:00,1911.688,1911.914,1911.235,1911.461,136.8
2024-01-15T23:41:00+00:00,1911.461,1911.671,1911.357,1911.567,116.2
2024-01-15T23:42:00+00:00,1911.567,1912.555,1910.928,1911.916,85.8
2024-01-15T23:43:00+00:00,1911.916,1912.145,1911.587,1911.816,131.5
2024-01-15T23:44:00+00:00,1911.816,1912.384,1911.616,1912.184,94.6
2024-01-15T23:45:00+00:00,1912.184,1912.592,1911.724,1912.131,144.6
2024-01-15T23:46:00+00:00,1912.131,1912.886,1911.801,1912.556,80.0
2024-01-15T23:47:00+00:00,1912.556,1912.671,1912.491,1912.606,92.3
2024-01-15T23:48:00+00:00,1912.606,1912.660,1912.178,1912.231,116.4
2024-01-15T23:49:00+00:00,1912.231,1912.727,1911.570,1912.066,134.7
2024-01-15T23:50:00+00:00,1912.066,1912.582,1910.773,1911.288,132.6
2024-01-15T23:51:00+00:00,1911.288,1911.798,1911.207,1911.717,102.0
2024-01-15T23:52:00+00:00,1911.717,1911.933,1911.176,1911.392,72.1
2024-01-15T23:53:00+00:00,1911.392,1911.634,1910.539,1910.781,48.3
2024-01-15T23:54:00+00:00,1910.781,1911.131,1910.377,1910.727,128.4
2024-01-15T23:55:00+00:00,1910.727,1911.365,1910.172,1910.810,140.6
2024-01-15T23:56:00+00:00,1910.810,1911.189,1910.622,1911.000,122.4
2024-01-15T23:57:00+00:00,1911.000,1911.126,1910.445,1910.571,155.5
2024-01-15T23:58:00+00:00,1910.571,1911.118,1910.371,1910.919,125.2
2024-01-15T23:59:00+00:00,1910.919,1910.977,1910.823,1910.880,175.5
2024-01-16T00:00:00+00:00,1910.880,1911.120,1910.616,1910.855,105.0
2024-01-16T00:01:00+00:00,1910.855,1911.450,1910.696,1911.290,87.2
2024-01-16T00:02:00+00:00,1911.290,1911.386,1911.199,1911.294,103.8
2024-01-16T00:03:00+00:00,1911.294,1911.593,1911.042,1911.340,56.9
2024-01-16T00:04:00+00:00,1911.340,1911.642,1910.716,1911.018,139.5
2024-01-16T00:05:00+00:00,1911.018,1911.445,1910.797,1911.224,70.8
2024-01-16T00:06:00+00:00,1911.224,1911.728,1911.001,1911.505,84.6
2024-01-16T00:07:00+00:00,1911.505,1911.781,1910.916,1911.192,109.7
2024-01-16T00:08:00+00:00,1911.192,1911.310,1910.508,1910.626,108.8
2024-01-16T00:09:00+00:00,1910.626,1911.348,1909.974,1910.696,101.3
2024-01-16T00:10:00+00:00,1910.696,1911.083,1910.491,1910.878,96.7
2024-01-16T00:11:00+00:00,1910.878,1911.283,1909.994,1910.399,117.6
2024-01-16T00:12:00+00:00,1910.399,1910.521,1910.248,1910.370,91.4
2024-01-16T00:13:00+00:00,1910.370,1911.044,1910.203,1910.876,132.0
2024-01-16T00:14:00+00:00,1910.876,1911.883,1910.375,1911.382,116.1
2024-01-16T00:15:00+00:00,1911.382,1911.722,1910.617,1910.957,119.8
2024-01-16T00:16:00+00:00,1910.957,1911.673,1910.805,1911.521,106.6
2024-01-16T00:17:00+00:00,1911.521,1912.039,1910.750,1911.268,146.7
2024-01-16T00:18:00+00:00,1911.268,1911.635,1910.376,1910.743,114.8
2024-01-16T00:19:00+00:00,1910.743,1911.438,1910.438,1911.132,143.1
2024-01-16T00:20:00+00:00,1911.132,1911.203,1910.824,1910.895,111.4
2024-01-16T00:21:00+00:00,1910.895,1911.526,1910.536,1911.167,82.0
2024-01-16T00:22:00+00:00,1911.167,1911.538,1910.795,1911.167,104.8
2024-01-16T00:23:00+00:00,1911.167,1911.729,1911.038,1911.600,61.9
2024-01-16T00:24:00+00:00,1911.600,1911.794,1911.544,1911.739,144.0
2024-01-16T00:25:00+00:00,1911.739,1912.220,1911.270,1911.751,148.6
2024-01-16T00:26:00+00:00,1911.751,1912.130,1911.551,1911.930,108.5
2024-01-16T00:27:00+00:00,1911.930,1912.174,1911.724,1911.969,138.6
2024-01-16T00:28:00+00:00,1911.969,1912.156,1911.822,1912.009,102.1
2024-01-16T00:29:00+00:00,1912.009,1912.217,1911.570,1911.778,116.9
2024-01-16T00:30:00+00:00,1911.778,1912.002,1910.826,1911.050,98.9
2024-01-16T00:31:00+00:00,1911.050,1911.311,1910.849,1911.110,128.5
2024-01-16T00:32:00+00:00,1911.110,1911.309,1910.714,1910.913,123.6
2024-01-16T00:33:00+00:00,1910.913,1911.242,1910.654,1910.984,102.0
2024-01-16T00:34:00+00:00,1910.984,1911.386,1910.765,1911.167,148.9
2024-01-16T00:35:00+00:00,1911.167,1911.283,1911.021,1911.138,88.4
2024-01-16T00:36:00+00:00,1911.138,1911.417,1910.064,1910.343,156.0
2024-01-16T00:37:00+00:00,1910.343,1911.181,1909.952,1910.790,133.0
2024-01-16T00:38:00+00:00,1910.790,1911.602,1910.579,1911.391,140.4
2024-01-16T00:39:00+00:00,1911.391,1912.133,1911.079,1911.821,87.3
2024-01-16T00:40:00+00:00,1911.821,1912.331,1911.478,1911.988,114.5
2024-01-16T00:41:00+00:00,1911.988,1912.112,1911.884,1912.008,59.3
2024-01-16T00:42:00+00:00,1912.008,1912.718,1911.773,1912.483,145.9
2024-01-16T00:43:00+00:00,1912.483,1913.729,1912.081,1913.328,102.5
2024-01-16T00:44:00+00:00,1913.328,1913.484,1912.896,1913.052,118.9
2024-01-16T00:45:00+00:00,1913.052,1913.783,1912.325,1913.056,155.4
2024-01-16T00:46:00+00:00,1913.056,1913.438,1912.710,1913.093,136.6
2024-01-16T00:47:00+00:00,1913.093,1913.584,1912.148,1912.640,200.6
2024-01-16T00:48:00+00:00,1912.640,1912.788,1912.296,1912.444,92.5
2024-01-16T00:49:00+00:00,1912.444,1912.677,1911.870,1912.103,98.0
2024-01-16T00:50:00+00:00,1912.103,1912.799,1911.939,1912.636,109.9
2024-01-16T00:51:00+00:00,1912.636,1913.022,1912.428,1912.814,76.1
2024-01-16T00:52:00+00:00,1912.814,1913.663,1912.661,1913.510,75.3
2024-01-16T00:53:00+00:00,1913.510,1913.679,1912.873,1913.042,140.2
2024-01-16T00:54:00+00:00,1913.042,1913.275,1912.595,1912.828,119.1
2024-01-16T00:55:00+00:00,1912.828,1912.915,1912.243,1912.330,105.4
2024-01-16T00:56:00+00:00,1912.330,1912.423,1911.473,1911.566,121.1
2024-01-16T00:57:00+00:00,1911.566,1911.760,1911.349,1911.543,124.8
2024-01-16T00:58:00+00:00,1911.543,1911.922,1910.695,1911.075,70.2
2024-01-16T00:59:00+00:00,1911.075,1911.233,1910.492,1910.649,122.8
2024-01-16T01:00:00+00:00,1910.649,1910.961,1910.422,1910.733,106.6
2024-01-16T01:01:00+00:00,1910.733,1911.036,1910.366,1910.669,124.2
2024-01-16T01:02:00+00:00,1910.669,1910.969,1909.870,1910.170,72.5
2024-01-16T01:03:00+00:00,1910.170,1910.654,1909.909,1910.393,81.5
2024-01-16T01:04:00+00:00,1910.393,1910.833,1910.167,1910.607,193.3
2024-01-16T01:05:00+00:00,1910.607,1910.943,1910.108,1910.443,89.1
2024-01-16T01:06:00+00:00,1910.443,1911.595,1909.894,1911.046,153.4
2024-01-16T01:07:00+00:00,1911.046,1911.558,1910.375,1910.887,135.2
2024-01-16T01:08:00+00:00,1910.887,1911.467,1910.425,1911.005,123.8
2024-01-16T01:09:00+00:00,1911.005,1911.664,1910.936,1911.595,153.4
2024-01-16T01:10:00+00:00,1911.595,1912.135,1911.116,1911.656,101.1
2024-01-16T01:11:00+00:00,1911.656,1912.852,1911.161,1912.357,99.3
2024-01-16T01:12:00+00:00,1912.357,1912.887,1912.193,1912.723,122.3
2024-01-16T01:13:00+00:00,1912.723,1913.038,1911.554,1911.869,146.0
2024-01-16T01:14:00+00:00,1911.869,1912.492,1911.812,1912.435,111.5
2024-01-16T01:15:00+00:00,1912.435,1912.862,1911.840,1912.266,161.0
2024-01-16T01:16:00+00:00,1912.266,1912.512,1910.815,1911.061,150.5
2024-01-16T01:17:00+00:00,1911.061,1911.501,1910.220,1910.660,155.6
2024-01-16T01:18:00+00:00,1910.660,1910.846,1910.519,1910.705,164.0
2024-01-16T01:19:00+00:00,1910.705,1910.879,1910.498,1910.671,132.7
2024-01-16T01:20:00+00:00,1910.671,1911.161,1909.920,1910.410,111.9
2024-01-16T01:21:00+00:00,1910.410,1910.644,1909.935,1910.169,142.3
2024-01-16T01:22:00+00:00,1910.169,1910.786,1909.853,1910.470,44.8
2024-01-16T01:23:00+00:00,1910.470,1910.935,1909.695,1910.160,103.3
2024-01-16T01:24:00+00:00,1910.160,1910.287,1909.900,1910.028,72.9
2024-01-16T01:25:00+00:00,1910.028,1910.935,1909.802,1910.709,109.1
2024-01-16T01:26:00+00:00,1910.709,1910.948,1910.415,1910.654,139.9
2024-01-16T01:27:00+00:00,1910.654,1911.345,1910.601,1911.293,107.7
2024-01-16T01:28:00+00:00,1911.293,1911.904,1911.197,1911.809,123.9
2024-01-16T01:29:00+00:00,1911.809,1912.207,1911.653,1912.051,115.1
2024-01-16T01:30:00+00:00,1912.051,1912.659,1911.667,1912.275,113.1
2024-01-16T01:31:00+00:00,1912.275,1912.912,1912.152,1912.790,146.5
2024-01-16T01:32:00+00:00,1912.790,1913.041,1912.656,1912.908,140.5
2024-01-16T01:33:00+00:00,1912.908,1913.258,1912.314,1912.664,176.6
2024-01-16T01:34:00+00:00,1912.664,1913.344,1912.082,1912.762,142.7
2024-01-16T01:35:00+00:00,1912.762,1913.155,1912.445,1912.838,142.0
2024-01-16T01:36:00+00:00,1912.838,1913.430,1912.475,1913.066,108.5
2024-01-16T01:37:00+00:00,1913.066,1913.194,1912.400,1912.528,106.1
2024-01-16T01:38:00+00:00,1912.528,1913.086,1912.314,1912.872,105.3
2024-01-16T01:39:00+00:00,1912.872,1913.352,1912.765,1913.245,145.5
2024-01-16T01:40:00+00:00,1913.245,1913.381,1912.912,1913.048,96.6
2024-01-16T01:41:00+00:00,1913.048,1913.211,1912.724,1912.887,149.9
2024-01-16T01:42:00+00:00,1912.887,1913.021,1912.507,1912.642,121.4
2024-01-16T01:43:00+00:00,1912.642,1912.963,1912.531,1912.853,126.6
2024-01-16T01:44:00+00:00,1912.853,1913.051,1912.279,1912.477,116.2
2024-01-16T01:45:00+00:00,1912.477,1912.545,1912.169,1912.236,133.1
2024-01-16T01:46:00+00:00,1912.236,1912.618,1912.133,1912.515,105.5
2024-01-16T01:47:00+00:00,1912.515,1912.630,1912.132,1912.246,89.3
2024-01-16T01:48:00+00:00,1912.246,1912.481,1912.157,1912.392,143.8
2024-01-16T01:49:00+00:00,1912.392,1912.740,1911.979,1912.327,133.8
2024-01-16T01:50:00+00:00,1912.327,1912.535,1912.042,1912.250,118.3
2024-01-16T01:51:00+00:00,1912.250,1912.625,1911.894,1912.269,102.0
2024-01-16T01:52:00+00:00,1912.269,1912.509,1912.148,1912.388,119.1
2024-01-16T01:53:00+00:00,1912.388,1912.811,1912.168,1912.592,139.1
2024-01-16T01:54:00+00:00,1912.592,1912.661,1912.028,1912.098,152.3
2024-01-16T01:55:00+00:00,1912.098,1912.816,1911.677,1912.395,98.3
2024-01-16T01:56:00+00:00,1912.395,1913.147,1912.293,1913.045,147.5
2024-01-16T01:57:00+00:00,1913.045,1913.564,1912.984,1913.503,91.6
2024-01-16T01:58:00+00:00,1913.503,1914.055,1913.394,1913.946,113.5
2024-01-16T01:59:00+00:00,1913.946,1914.304,1913.373,1913.731,165.8
2024-01-16T02:00:00+00:00,1913.731,1914.218,1912.572,1913.059,133.5
2024-01-16T02:01:00+00:00,1913.059,1913.566,1912.842,1913.350,95.6
2024-01-16T02:02:00+00:00,1913.350,1913.844,1913.027,1913.521,131.3
2024-01-16T02:03:00+00:00,1913.521,1913.950,1912.839,1913.268,113.5
2024-01-16T02:04:00+00:00,1913.268,1914.129,1913.025,1913.887,151.9
2024-01-16T02:05:00+00:00,1913.887,1914.415,1913.355,1913.883,121.5
2024-01-16T02:06:00+00:00,1913.883,1914.440,1913.624,1914.180,78.0
2024-01-16T02:07:00+00:00,1914.180,1915.338,1913.650,1914.808,135.4
2024-01-16T02:08:00+00:00,1914.808,1915.222,1914.425,1914.839,127.9
2024-01-16T02:09:00+00:00,1914.839,1914.980,1914.648,1914.789,96.5
2024-01-16T02:10:00+00:00,1914.789,1915.249,1914.591,1915.051,156.5
2024-01-16T02:11:00+00:00,1915.051,1915.475,1914.613,1915.036,86.1
2024-01-16T02:12:00+00:00,1915.036,1915.183,1914.566,1914.713,55.8
2024-01-16T02:13:00+00:00,1914.713,1915.531,1914.351,1915.169,104.9
2024-01-16T02:14:00+00:00,1915.169,1915.870,1914.779,1915.480,73.8
2024-01-16T02:15:00+00:00,1915.480,1916.798,1915.220,1916.538,152.6
2024-01-16T02:16:00+00:00,1916.538,1917.230,1915.951,1916.643,116.2
2024-01-16T02:17:00+00:00,1916.643,1916.783,1915.890,1916.030,58.2
2024-01-16T02:18:00+00:00,1916.030,1916.244,1915.745,1915.959,102.2
2024-01-16T02:19:00+00:00,1915.959,1916.275,1915.393,1915.710,92.8
2024-01-16T02:20:00+00:00,1915.710,1916.568,1915.353,1916.211,101.0
2024-01-16T02:21:00+00:00,1916.211,1916.457,1915.520,1915.767,76.3
2024-01-16T02:22:00+00:00,1915.767,1916.472,1915.455,1916.161,71.8
2024-01-16T02:23:00+00:00,1916.161,1916.522,1915.967,1916.328,143.1
2024-01-16T02:24:00+00:00,1916.328,1916.499,1915.798,1915.970,60.7
2024-01-16T02:25:00+00:00,1915.970,1916.498,1915.429,1915.957,115.6
2024-01-16T02:26:00+00:00,1915.957,1916.052,1915.648,1915.744,143.4
2024-01-16T02:27:00+00:00,1915.744,1917.052,1914.919,1916.227,150.3
2024-01-16T02:28:00+00:00,1916.227,1916.675,1915.470,1915.918,131.4
2024-01-16T02:29:00+00:00,1915.918,1917.023,1915.412,1916.517,103.5
2024-01-16T02:30:00+00:00,1916.517,1916.644,1916.278,1916.406,89.7
2024-01-16T02:31:00+00:00,1916.406,1916.502,1915.826,1915.923,64.5
2024-01-16T02:32:00+00:00,1915.923,1916.504,1915.846,1916.427,136.8
2024-01-16T02:33:00+00:00,1916.427,1916.716,1916.060,1916.349,104.5
2024-01-16T02:34:00+00:00,1916.349,1917.326,1916.220,1917.197,113.9
2024-01-16T02:35:00+00:00,1917.197,1917.892,1916.705,1917.400,199.9
2024-01-16T02:36:00+00:00,1917.400,1917.774,1917.004,1917.377,101.9
2024-01-16T02:37:00+00:00,1917.377,1918.236,1917.142,1918.001,130.9
2024-01-16T02:38:00+00:00,1918.001,1918.362,1917.633,1917.994,176.7
2024-01-16T02:39:00+00:00,1917.994,1918.130,1917.903,1918.040,152.1
2024-01-16T02:40:00+00:00,1918.040,1918.416,1917.898,1918.274,160.1
2024-01-16T02:41:00+00:00,1918.274,1918.394,1917.967,1918.087,150.3
2024-01-16T02:42:00+00:00,1918.087,1918.481,1917.898,1918.292,111.3
2024-01-16T02:43:00+00:00,1918.292,1918.634,1917.375,1917.717,108.8
2024-01-16T02:44:00+00:00,1917.717,1918.557,1917.239,1918.079,138.7
2024-01-16T02:45:00+00:00,1918.079,1918.789,1917.897,1918.607,114.8
2024-01-16T02:46:00+00:00,1918.607,1919.156,1918.553,1919.102,132.5
2024-01-16T02:47:00+00:00,1919.102,1919.516,1918.149,1918.563,138.4
2024-01-16T02:48:00+00:00,1918.563,1919.130,1918.179,1918.745,130.6
2024-01-16T02:49:00+00:00,1918.745,1918.893,1918.171,1918.319,68.6
2024-01-16T02:50:00+00:00,1918.319,1918.812,1918.122,1918.615,193.6
2024-01-16T02:51:00+00:00,1918.615,1918.881,1917.876,1918.142,155.9
2024-01-16T02:52:00+00:00,1918.142,1918.420,1918.010,1918.288,126.9
2024-01-16T02:53:00+00:00,1918.288,1919.131,1917.960,1918.803,148.5
2024-01-16T02:54:00+00:00,1918.803,1919.046,1917.992,1918.234,128.3
2024-01-16T02:55:00+00:00,1918.234,1918.607,1917.715,1918.088,119.7
2024-01-16T02:56:00+00:00,1918.088,1918.239,1917.560,1917.711,96.7
2024-01-16T02:57:00+00:00,1917.711,1918.410,1917.398,1918.098,169.2
2024-01-16T02:58:00+00:00,1918.098,1918.341,1917.485,1917.728,118.4
2024-01-16T02:59:00+00:00,1917.728,1918.353,1917.635,1918.260,145.9
2024-01-16T03:00:00+00:00,1918.260,1918.834,1918.186,1918.760,109.3
2024-01-16T03:01:00+00:00,1918.760,1919.417,1918.700,1919.357,111.9
2024-01-16T03:02:00+00:00,1919.357,1919.765,1919.300,1919.709,85.4
2024-01-16T03:03:00+00:00,1919.709,1919.820,1919.209,1919.321,99.5
2024-01-16T03:04:00+00:00,1919.321,1919.738,1919.269,1919.686,95.0
2024-01-16T03:05:00+00:00,1919.686,1919.874,1919.436,1919.625,107.9
2024-01-16T03:06:00+00:00,1919.625,1919.716,1919.364,1919.455,130.7
2024-01-16T03:07:00+00:00,1919.455,1920.115,1918.419,1919.079,137.9
2024-01-16T03:08:00+00:00,1919.079,1919.438,1918.126,1918.485,171.1
2024-01-16T03:09:00+00:00,1918.485,1919.287,1918.145,1918.947,186.5
2024-01-16T03:10:00+00:00,1918.947,1919.341,1918.327,1918.721,119.8
2024-01-16T03:11:00+00:00,1918.721,1919.014,1918.276,1918.569,62.4
2024-01-16T03:12:00+00:00,1918.569,1919.338,1918.377,1919.146,129.5
2024-01-16T03:13:00+00:00,1919.146,1919.664,1918.516,1919.033,125.5
2024-01-16T03:14:00+00:00,1919.033,1919.395,1918.704,1919.065,114.1
2024-01-16T03:15:00+00:00,1919.065,1919.256,1918.941,1919.131,104.7
2024-01-16T03:16:00+00:00,1919.131,1919.360,1918.822,1919.051,169.3
2024-01-16T03:17:00+00:00,1919.051,1919.881,1918.790,1919.620,156.4
2024-01-16T03:18:00+00:00,1919.620,1920.053,1919.457,1919.889,58.8
2024-01-16T03:19:00+00:00,1919.889,1920.393,1919.592,1920.095,101.3
2024-01-16T03:20:00+00:00,1920.095,1920.864,1919.765,1920.534,85.3
2024-01-16T03:21:00+00:00,1920.534,1920.587,1920.317,1920.369,129.8
2024-01-16T03:22:00+00:00,1920.369,1920.588,1920.219,1920.438,168.4
2024-01-16T03:23:00+00:00,1920.438,1920.550,1920.341,1920.453,90.6
2024-01-16T03:24:00+00:00,1920.453,1920.680,1920.195,1920.422,140.1
2024-01-16T03:25:00+00:00,1920.422,1921.351,1919.961,1920.890,85.6
2024-01-16T03:26:00+00:00,1920.890,1921.088,1920.732,1920.929,126.9
2024-01-16T03:27:00+00:00,1920.929,1921.494,1920.576,1921.141,117.7
2024-01-16T03:28:00+00:00,1921.141,1921.238,1920.819,1920.916,99.9
2024-01-16T03:29:00+00:00,1920.916,1921.751,1920.812,1921.647,151.3
2024-01-16T03:30:00+00:00,1921.647,1921.888,1921.327,1921.569,120.4
2024-01-16T03:31:00+00:00,1921.569,1921.654,1921.266,1921.351,125.2
2024-01-16T03:32:00+00:00,1921.351,1921.752,1921.054,1921.455,95.3
2024-01-16T03:33:00+00:00,1921.455,1922.058,1921.238,1921.840,117.3
2024-01-16T03:34:00+00:00,1921.840,1921.958,1921.762,1921.879,141.5
2024-01-16T03:35:00+00:00,1921.879,1922.905,1921.435,1922.460,104.0
2024-01-16T03:36:00+00:00,1922.460,1922.865,1921.453,1921.857,178.8
2024-01-16T03:37:00+00:00,1921.857,1922.143,1921.122,1921.408,93.2
2024-01-16T03:38:00+00:00,1921.408,1921.913,1920.734,1921.239,109.4
2024-01-16T03:39:00+00:00,1921.239,1921.606,1921.010,1921.377,142.1
2024-01-16T03:40:00+00:00,1921.377,1921.771,1920.957,1921.351,125.1
2024-01-16T03:41:00+00:00,1921.351,1921.509,1921.122,1921.279,68.1
2024-01-16T03:42:00+00:00,1921.279,1921.568,1921.068,1921.357,115.3
2024-01-16T03:43:00+00:00,1921.357,1921.780,1921.059,1921.482,70.8
2024-01-16T03:44:00+00:00,1921.482,1922.216,1921.311,1922.045,133.9
2024-01-16T03:45:00+00:00,1922.045,1922.275,1921.612,1921.841,135.5
2024-01-16T03:46:00+00:00,1921.841,1922.242,1920.437,1920.838,112.8
2024-01-16T03:47:00+00:00,1920.838,1921.242,1920.390,1920.794,100.1
2024-01-16T03:48:00+00:00,1920.794,1921.011,1920.590,1920.807,135.2
2024-01-16T03:49:00+00:00,1920.807,1921.460,1920.118,1920.771,122.2
2024-01-16T03:50:00+00:00,1920.771,1921.153,1919.459,1919.841,91.6
2024-01-16T03:51:00+00:00,1919.841,1919.965,1919.506,1919.631,125.4
2024-01-16T03:52:00+00:00,1919.631,1919.757,1919.498,1919.625,102.6
2024-01-16T03:53:00+00:00,1919.625,1920.019,1919.476,1919.871,125.8
2024-01-16T03:54:00+00:00,1919.871,1920.414,1919.795,1920.338,122.0
2024-01-16T03:55:00+00:00,1920.338,1920.551,1920.087,1920.300,98.9
2024-01-16T03:56:00+00:00,1920.300,1920.609,1919.546,1919.855,130.4
2024-01-16T03:57:00+00:00,1919.855,1920.205,1919.292,1919.642,105.6
2024-01-16T03:58:00+00:00,1919.642,1919.764,1919.138,1919.261,77.2
2024-01-16T03:59:00+00:00,1919.261,1919.751,1918.587,1919.077,102.4
2024-01-16T04:00:00+00:00,1919.077,1919.144,1918.486,1918.553,149.2
2024-01-16T04:01:00+00:00,1918.553,1918.842,1918.320,1918.609,93.5
2024-01-16T04:02:00+00:00,1918.609,1918.752,1918.314,1918.457,135.5
2024-01-16T04:03:00+00:00,1918.457,1918.764,1918.306,1918.613,122.9
2024-01-16T04:04:00+00:00,1918.613,1918.918,1918.442,1918.747,99.0
2024-01-16T04:05:00+00:00,1918.747,1919.295,1918.381,1918.929,106.6
2024-01-16T04:06:00+00:00,1918.929,1919.183,1918.872,1919.126,107.0
2024-01-16T04:07:00+00:00,1919.126,1919.206,1919.063,1919.144,98.7
2024-01-16T04:08:00+00:00,1919.144,1920.183,1918.650,1919.689,124.7
2024-01-16T04:09:00+00:00,1919.689,1920.355,1919.549,1920.215,126.8
2024-01-16T04:10:00+00:00,1920.215,1920.390,1920.148,1920.324,74.0
2024-01-16T04:11:00+00:00,1920.324,1920.642,1920.166,1920.485,157.4
2024-01-16T04:12:00+00:00,1920.485,1921.024,1920.232,1920.771,112.0
2024-01-16T04:13:00+00:00,1920.771,1921.076,1919.738,1920.044,132.0
2024-01-16T04:14:00+00:00,1920.044,1920.493,1919.622,1920.071,151.7
2024-01-16T04:15:00+00:00,1920.071,1920.955,1919.856,1920.740,98.2
2024-01-16T04:16:00+00:00,1920.740,1921.033,1920.466,1920.758,114.9
2024-01-16T04:17:00+00:00,1920.758,1920.980,1919.719,1919.941,136.3
2024-01-16T04:18:00+00:00,1919.941,1920.141,1919.337,1919.536,115.3
2024-01-16T04:19:00+00:00,1919.536,1920.086,1919.304,1919.854,131.3
2024-01-16T04:20:00+00:00,1919.854,1920.364,1919.682,1920.191,148.4
2024-01-16T04:21:00+00:00,1920.191,1920.321,1919.684,1919.814,118.8
2024-01-16T04:22:00+00:00,1919.814,1920.197,1919.351,1919.734,96.2
2024-01-16T04:23:00+00:00,1919.734,1920.104,1919.039,1919.410,130.0
2024-01-16T04:24:00+00:00,1919.410,1919.939,1919.350,1919.879,90.3
2024-01-16T04:25:00+00:00,1919.879,1920.168,1919.702,1919.991,131.8
2024-01-16T04:26:00+00:00,1919.991,1920.463,1919.939,1920.412,157.8
2024-01-16T04:27:00+00:00,1920.412,1920.649,1920.272,1920.509,142.0
2024-01-16T04:28:00+00:00,1920.509,1920.746,1919.889,1920.125,122.9
2024-01-16T04:29:00+00:00,1920.125,1920.424,1919.833,1920.132,126.1
2024-01-16T04:30:00+00:00,1920.132,1920.521,1919.260,1919.649,93.5
2024-01-16T04:31:00+00:00,1919.649,1919.881,1919.237,1919.469,114.6
2024-01-16T04:32:00+00:00,1919.469,1919.975,1919.102,1919.607,120.6
2024-01-16T04:33:00+00:00,1919.607,1920.218,1918.135,1918.746,112.0
2024-01-16T04:34:00+00:00,1918.746,1919.219,1917.765,1918.238,134.0
2024-01-16T04:35:00+00:00,1918.238,1918.443,1918.141,1918.345,89.4
2024-01-16T04:36:00+00:00,1918.345,1918.639,1918.029,1918.322,114.4
2024-01-16T04:37:00+00:00,1918.322,1918.480,1918.157,1918.315,88.1
2024-01-16T04:38:00+00:00,1918.315,1919.148,1917.950,1918.783,106.1
2024-01-16T04:39:00+00:00,1918.783,1919.146,1918.530,1918.894,151.0
2024-01-16T04:40:00+00:00,1918.894,1919.420,1918.751,1919.277,94.4
2024-01-16T04:41:00+00:00,1919.277,1919.867,1919.046,1919.635,113.4
2024-01-16T04:42:00+00:00,1919.635,1919.995,1918.864,1919.223,121.1
2024-01-16T04:43:00+00:00,1919.223,1919.309,1918.910,1918.996,130.1
2024-01-16T04:44:00+00:00,1918.996,1919.435,1918.687,1919.126,154.9
2024-01-16T04:45:00+00:00,1919.126,1919.489,1918.451,1918.814,81.0
2024-01-16T04:46:00+00:00,1918.814,1919.332,1918.574,1919.092,150.3
2024-01-16T04:47:00+00:00,1919.092,1919.326,1918.896,1919.130,131.2
2024-01-16T04:48:00+00:00,1919.130,1919.541,1918.960,1919.371,155.9
2024-01-16T04:49:00+00:00,1919.371,1919.885,1918.976,1919.491,103.6
2024-01-16T04:50:00+00:00,1919.491,1919.979,1918.537,1919.026,116.3
2024-01-16T04:51:00+00:00,1919.026,1919.098,1918.847,1918.919,102.7
2024-01-16T04:52:00+00:00,1918.919,1919.111,1918.603,1918.795,125.0
2024-01-16T04:53:00+00:00,1918.795,1919.239,1918.475,1918.919,141.1
2024-01-16T04:54:00+00:00,1918.919,1919.161,1918.543,1918.785,114.7
2024-01-16T04:55:00+00:00,1918.785,1919.152,1918.040,1918.407,97.8
2024-01-16T04:56:00+00:00,1918.407,1918.539,1918.163,1918.295,106.5
2024-01-16T04:57:00+00:00,1918.295,1918.950,1918.104,1918.758,144.4
2024-01-16T04:58:00+00:00,1918.758,1918.877,1918.573,1918.692,91.2
2024-01-16T04:59:00+00:00,1918.692,1919.280,1918.366,1918.953,100.3
2024-01-16T05:00:00+00:00,1918.953,1919.084,1918.747,1918.877,131.2
2024-01-16T05:01:00+00:00,1918.877,1919.332,1918.565,1919.019,112.2
2024-01-16T05:02:00+00:00,1919.019,1919.483,1918.833,1919.297,97.7
2024-01-16T05:03:00+00:00,1919.297,1919.591,1919.244,1919.538,119.6
2024-01-16T05:04:00+00:00,1919.538,1919.652,1918.754,1918.868,158.0
2024-01-16T05:05:00+00:00,1918.868,1919.681,1918.696,1919.509,140.7
2024-01-16T05:06:00+00:00,1919.509,1919.738,1919.097,1919.326,141.6
2024-01-16T05:07:00+00:00,1919.326,1920.214,1918.971,1919.858,96.9
2024-01-16T05:08:00+00:00,1919.858,1920.533,1919.509,1920.183,107.9
2024-01-16T05:09:00+00:00,1920.183,1920.263,1919.834,1919.914,126.2
2024-01-16T05:10:00+00:00,1919.914,1920.342,1919.813,1920.241,117.0
2024-01-16T05:11:00+00:00,1920.241,1920.553,1919.048,1919.360,113.7
2024-01-16T05:12:00+00:00,1919.360,1919.593,1918.949,1919.182,138.6
2024-01-16T05:13:00+00:00,1919.182,1919.444,1918.590,1918.852,135.3
2024-01-16T05:14:00+00:00,1918.852,1919.594,1918.347,1919.089,119.4
2024-01-16T05:15:00+00:00,1919.089,1919.511,1918.732,1919.155,96.2
2024-01-16T05:16:00+00:00,1919.155,1919.839,1918.867,1919.551,128.7
2024-01-16T05:17:00+00:00,1919.551,1919.821,1918.754,1919.025,108.6
2024-01-16T05:18:00+00:00,1919.025,1919.894,1918.621,1919.491,161.3
2024-01-16T05:19:00+00:00,1919.491,1919.829,1918.996,1919.334,134.1
2024-01-16T05:20:00+00:00,1919.334,1919.486,1918.750,1918.903,108.9
2024-01-16T05:21:00+00:00,1918.903,1919.283,1918.393,1918.774,76.8
2024-01-16T05:22:00+00:00,1918.774,1918.970,1918.341,1918.537,83.6
2024-01-16T05:23:00+00:00,1918.537,1919.288,1917.390,1918.141,116.8
2024-01-16T05:24:00+00:00,1918.141,1918.349,1918.057,1918.265,75.2
2024-01-16T05:25:00+00:00,1918.265,1918.454,1918.110,1918.299,148.2
2024-01-16T05:26:00+00:00,1918.299,1918.399,1917.623,1917.723,74.2
2024-01-16T05:27:00+00:00,1917.723,1918.039,1917.170,1917.486,116.7
2024-01-16T05:28:00+00:00,1917.486,1917.664,1917.256,1917.434,94.1
2024-01-16T05:29:00+00:00,1917.434,1917.873,1917.318,1917.757,112.0
2024-01-16T05:30:00+00:00,1917.757,1918.249,1916.999,1917.492,102.4
2024-01-16T05:31:00+00:00,1917.492,1917.996,1917.263,1917.767,124.3
2024-01-16T05:32:00+00:00,1917.767,1917.995,1917.604,1917.832,119.4
2024-01-16T05:33:00+00:00,1917.832,1918.249,1917.210,1917.628,143.6
2024-01-16T05:34:00+00:00,1917.628,1918.017,1917.525,1917.915,106.8
2024-01-16T05:35:00+00:00,1917.915,1918.581,1917.420,1918.086,155.3
2024-01-16T05:36:00+00:00,1918.086,1918.581,1917.346,1917.841,85.9
2024-01-16T05:37:00+00:00,1917.841,1918.675,1917.537,1918.371,130.2
2024-01-16T05:38:00+00:00,1918.371,1918.599,1917.873,1918.101,146.9
2024-01-16T05:39:00+00:00,1918.101,1918.396,1917.241,1917.536,91.6
2024-01-16T05:40:00+00:00,1917.536,1917.677,1917.472,1917.613,89.3
2024-01-16T05:41:00+00:00,1917.613,1917.736,1917.279,1917.402,101.5
2024-01-16T05:42:00+00:00,1917.402,1917.612,1917.018,1917.228,70.8
2024-01-16T05:43:00+00:00,1917.228,1917.614,1916.407,1916.792,117.4
2024-01-16T05:44:00+00:00,1916.792,1917.461,1916.732,1917.401,120.0
2024-01-16T05:45:00+00:00,1917.401,1917.473,1916.853,1916.925,131.3
2024-01-16T05:46:00+00:00,1916.925,1917.715,1916.570,1917.360,100.6
2024-01-16T05:47:00+00:00,1917.360,1917.634,1917.278,1917.552,101.0
2024-01-16T05:48:00+00:00,1917.552,1918.289,1917.357,1918.093,153.9
2024-01-16T05:49:00+00:00,1918.093,1918.185,1917.819,1917.912,116.8
2024-01-16T05:50:00+00:00,1917.912,1918.224,1917.694,1918.006,139.9
2024-01-16T05:51:00+00:00,1918.006,1918.157,1917.588,1917.740,159.3
2024-01-16T05:52:00+00:00,1917.740,1918.732,1917.356,1918.349,47.9
2024-01-16T05:53:00+00:00,1918.349,1919.029,1917.859,1918.539,99.3
2024-01-16T05:54:00+00:00,1918.539,1918.827,1918.463,1918.751,106.5
2024-01-16T05:55:00+00:00,1918.751,1919.226,1918.111,1918.586,171.6
2024-01-16T05:56:00+00:00,1918.586,1918.995,1918.052,1918.461,91.5
2024-01-16T05:57:00+00:00,1918.461,1918.579,1918.338,1918.456,98.9
2024-01-16T05:58:00+00:00,1918.456,1918.871,1917.833,1918.248,69.7
2024-01-16T05:59:00+00:00,1918.248,1919.021,1918.186,1918.960,100.5
2024-01-16T06:00:00+00:00,1918.960,1919.456,1918.637,1919.134,98.9
2024-01-16T06:01:00+00:00,1919.134,1920.209,1918.787,1919.863,141.3
2024-01-16T06:02:00+00:00,1919.863,1920.857,1919.506,1920.499,111.4
2024-01-16T06:03:00+00:00,1920.499,1920.757,1920.323,1920.581,105.1
2024-01-16T06:04:00+00:00,1920.581,1920.660,1920.458,1920.537,94.4
2024-01-16T06:05:00+00:00,1920.537,1920.934,1919.139,1919.536,150.4
2024-01-16T06:06:00+00:00,1919.536,1919.907,1919.411,1919.782,93.3
2024-01-16T06:07:00+00:00,1919.782,1920.285,1919.688,1920.191,88.4
2024-01-16T06:08:00+00:00,1920.191,1920.291,1919.963,1920.063,80.4
2024-01-16T06:09:00+00:00,1920.063,1920.151,1919.976,1920.064,162.9
2024-01-16T06:10:00+00:00,1920.064,1920.379,1919.996,1920.311,90.5
2024-01-16T06:11:00+00:00,1920.311,1920.660,1919.690,1920.038,116.5
2024-01-16T06:12:00+00:00,1920.038,1920.190,1919.357,1919.509,88.9
2024-01-16T06:13:00+00:00,1919.509,1920.079,1919.275,1919.846,137.7
2024-01-16T06:14:00+00:00,1919.846,1920.658,1919.466,1920.279,93.7
2024-01-16T06:15:00+00:00,1920.279,1920.478,1920.178,1920.378,124.9
2024-01-16T06:16:00+00:00,1920.378,1920.523,1920.087,1920.232,111.7
2024-01-16T06:17:00+00:00,1920.232,1921.518,1919.743,1921.029,173.6
2024-01-16T06:18:00+00:00,1921.029,1921.214,1920.867,1921.052,125.6
2024-01-16T06:19:00+00:00,1921.052,1921.473,1920.381,1920.803,129.9
2024-01-16T06:20:00+00:00,1920.803,1921.692,1920.562,1921.451,107.1
2024-01-16T06:21:00+00:00,1921.451,1921.762,1920.791,1921.102,136.8
2024-01-16T06:22:00+00:00,1921.102,1921.544,1920.757,1921.199,99.4
2024-01-16T06:23:00+00:00,1921.199,1921.571,1921.013,1921.386,110.2
2024-01-16T06:24:00+00:00,1921.386,1921.845,1920.999,1921.458,132.5
2024-01-16T06:25:00+00:00,1921.458,1922.125,1921.220,1921.887,171.4
2024-01-16T06:26:00+00:00,1921.887,1922.224,1921.514,1921.851,77.7
2024-01-16T06:27:00+00:00,1921.851,1923.103,1921.580,1922.832,147.9
2024-01-16T06:28:00+00:00,1922.832,1923.143,1922.731,1923.041,59.2
2024-01-16T06:29:00+00:00,1923.041,1923.948,1922.692,1923.599,120.2
2024-01-16T06:30:00+00:00,1923.599,1923.822,1923.345,1923.568,115.0
2024-01-16T06:31:00+00:00,1923.568,1924.205,1923.215,1923.852,125.7
2024-01-16T06:32:00+00:00,1923.852,1924.352,1922.762,1923.262,136.7
2024-01-16T06:33:00+00:00,1923.262,1923.320,1923.084,1923.143,106.6
2024-01-16T06:34:00+00:00,1923.143,1923.714,1922.014,1922.586,147.8
2024-01-16T06:35:00+00:00,1922.586,1922.843,1922.349,1922.606,90.9
2024-01-16T06:36:00+00:00,1922.606,1923.166,1922.294,1922.855,142.1
2024-01-16T06:37:00+00:00,1922.855,1923.361,1921.994,1922.500,117.7
2024-01-16T06:38:00+00:00,1922.500,1923.412,1922.096,1923.007,99.5
2024-01-16T06:39:00+00:00,1923.007,1923.635,1922.366,1922.995,155.8
2024-01-16T06:40:00+00:00,1922.995,1923.371,1921.914,1922.291,90.8
2024-01-16T06:41:00+00:00,1922.291,1922.847,1921.823,1922.380,84.1
2024-01-16T06:42:00+00:00,1922.380,1922.586,1921.847,1922.054,106.3
2024-01-16T06:43:00+00:00,1922.054,1922.184,1921.916,1922.046,155.4
2024-01-16T06:44:00+00:00,1922.046,1922.312,1921.909,1922.175,145.4
2024-01-16T06:45:00+00:00,1922.175,1922.716,1921.930,1922.471,181.7
2024-01-16T06:46:00+00:00,1922.471,1922.616,1921.845,1921.990,167.1
2024-01-16T06:47:00+00:00,1921.990,1922.053,1921.478,1921.540,62.7
2024-01-16T06:48:00+00:00,1921.540,1922.044,1921.243,1921.746,129.7
2024-01-16T06:49:00+00:00,1921.746,1922.440,1921.022,1921.716,159.0
2024-01-16T06:50:00+00:00,1921.716,1922.053,1921.191,1921.529,129.7
2024-01-16T06:51:00+00:00,1921.529,1921.820,1920.497,1920.788,143.2
2024-01-16T06:52:00+00:00,1920.788,1921.813,1920.219,1921.244,118.5
2024-01-16T06:53:00+00:00,1921.244,1921.735,1920.785,1921.276,128.4
2024-01-16T06:54:00+00:00,1921.276,1921.840,1921.074,1921.638,85.1
2024-01-16T06:55:00+00:00,1921.638,1921.764,1921.302,1921.428,112.8
2024-01-16T06:56:00+00:00,1921.428,1922.584,1921.213,1922.369,134.8
2024-01-16T06:57:00+00:00,1922.369,1922.780,1921.359,1921.770,93.6
2024-01-16T06:58:00+00:00,1921.770,1921.966,1921.360,1921.556,86.1
2024-01-16T06:59:00+00:00,1921.556,1921.804,1920.828,1921.076,123.8
2024-01-16T07:00:00+00:00,1921.076,1921.311,1920.851,1921.086,102.9
2024-01-16T07:01:00+00:00,1921.086,1921.271,1920.274,1920.459,139.7
2024-01-16T07:02:00+00:00,1920.459,1920.787,1919.937,1920.265,87.6
2024-01-16T07:03:00+00:00,1920.265,1920.346,1919.603,1919.684,151.0
2024-01-16T07:04:00+00:00,1919.684,1920.081,1918.890,1919.286,123.8
2024-01-16T07:05:00+00:00,1919.286,1919.340,1919.122,1919.176,59.5
2024-01-16T07:06:00+00:00,1919.176,1919.565,1918.924,1919.312,83.3
2024-01-16T07:07:00+00:00,1919.312,1919.497,1918.971,1919.155,149.3
2024-01-16T07:08:00+00:00,1919.155,1919.376,1919.020,1919.241,100.9
2024-01-16T07:09:00+00:00,1919.241,1919.483,1918.551,1918.793,158.4
2024-01-16T07:10:00+00:00,1918.793,1918.864,1918.367,1918.438,148.0
2024-01-16T07:11:00+00:00,1918.438,1918.973,1918.216,1918.751,107.5
2024-01-16T07:12:00+00:00,1918.751,1919.233,1918.534,1919.015,117.3
2024-01-16T07:13:00+00:00,1919.015,1919.293,1918.751,1919.029,141.2
2024-01-16T07:14:00+00:00,1919.029,1920.323,1918.819,1920.114,152.7
2024-01-16T07:15:00+00:00,1920.114,1920.743,1919.628,1920.257,124.1
2024-01-16T07:16:00+00:00,1920.257,1921.109,1919.837,1920.689,113.6
2024-01-16T07:17:00+00:00,1920.689,1920.837,1920.482,1920.630,80.6
2024-01-16T07:18:00+00:00,1920.630,1920.843,1920.322,1920.535,176.6
2024-01-16T07:19:00+00:00,1920.535,1921.075,1920.297,1920.837,104.8
2024-01-16T07:20:00+00:00,1920.837,1921.164,1919.928,1920.255,103.7
2024-01-16T07:21:00+00:00,1920.255,1920.728,1919.805,1920.278,64.1
2024-01-16T07:22:00+00:00,1920.278,1920.889,1920.045,1920.656,63.6
2024-01-16T07:23:00+00:00,1920.656,1920.923,1920.222,1920.489,131.6
2024-01-16T07:24:00+00:00,1920.489,1920.738,1919.886,1920.136,170.1
2024-01-16T07:25:00+00:00,1920.136,1920.278,1919.958,1920.100,110.6
2024-01-16T07:26:00+00:00,1920.100,1920.477,1919.855,1920.231,28.4
2024-01-16T07:27:00+00:00,1920.231,1920.445,1919.596,1919.810,131.1
2024-01-16T07:28:00+00:00,1919.810,1920.132,1919.695,1920.018,157.5
2024-01-16T07:29:00+00:00,1920.018,1921.195,1919.626,1920.803,140.0
2024-01-16T07:30:00+00:00,1920.803,1920.961,1920.351,1920.509,57.1
2024-01-16T07:31:00+00:00,1920.509,1921.372,1920.088,1920.951,100.1
2024-01-16T07:32:00+00:00,1920.951,1921.148,1920.596,1920.793,130.7
2024-01-16T07:33:00+00:00,1920.793,1921.215,1920.720,1921.142,111.0
2024-01-16T07:34:00+00:00,1921.142,1921.628,1920.708,1921.194,128.8
2024-01-16T07:35:00+00:00,1921.194,1922.019,1920.781,1921.606,150.0
2024-01-16T07:36:00+00:00,1921.606,1921.846,1921.249,1921.489,73.3
2024-01-16T07:37:00+00:00,1921.489,1921.788,1921.234,1921.534,82.9
2024-01-16T07:38:00+00:00,1921.534,1921.706,1920.885,1921.057,142.0
2024-01-16T07:39:00+00:00,1921.057,1921.259,1920.071,1920.273,90.9
2024-01-16T07:40:00+00:00,1920.273,1920.357,1920.059,1920.142,125.5
2024-01-16T07:41:00+00:00,1920.142,1920.226,1919.725,1919.809,129.9
2024-01-16T07:42:00+00:00,1919.809,1920.109,1919.182,1919.483,112.5
2024-01-16T07:43:00+00:00,1919.483,1919.957,1919.366,1919.841,138.8
2024-01-16T07:44:00+00:00,1919.841,1920.321,1919.084,1919.564,68.2
2024-01-16T07:45:00+00:00,1919.564,1920.024,1919.472,1919.932,55.7
2024-01-16T07:46:00+00:00,1919.932,1920.593,1919.692,1920.353,118.6
2024-01-16T07:47:00+00:00,1920.353,1920.774,1920.218,1920.639,142.6
2024-01-16T07:48:00+00:00,1920.639,1921.261,1920.265,1920.887,152.8
2024-01-16T07:49:00+00:00,1920.887,1921.156,1920.265,1920.534,95.3
2024-01-16T07:50:00+00:00,1920.534,1920.918,1920.377,1920.761,92.8
2024-01-16T07:51:00+00:00,1920.761,1921.077,1919.936,1920.252,145.4
2024-01-16T07:52:00+00:00,1920.252,1920.943,1919.951,1920.642,146.9
2024-01-16T07:53:00+00:00,1920.642,1920.799,1920.393,1920.551,105.1
2024-01-16T07:54:00+00:00,1920.551,1921.104,1920.400,1920.954,93.2
2024-01-16T07:55:00+00:00,1920.954,1921.411,1920.498,1920.956,110.2
2024-01-16T07:56:00+00:00,1920.956,1921.241,1920.478,1920.763,121.6
2024-01-16T07:57:00+00:00,1920.763,1921.650,1920.226,1921.113,61.2
2024-01-16T07:58:00+00:00,1921.113,1921.757,1920.965,1921.609,101.6
2024-01-16T07:59:00+00:00,1921.609,1921.758,1921.528,1921.678,77.9
